date,house_price_at_purchase,down_payment,initial_loan_amount,mortgage_type,mortgage_term_years,mortgage_rate,mortgage_payment,mortgage_interest,mortgage_principal,mortgage_balance,house_price,owner_networth,year,rent,maintenance_cost,property_tax,structure_value,depreciation_cost,owner_monthly_cost,purchase_cost,sale_cost,owner_monthly_unrecoverable_cost
2005-01-01,236900,47380.0,189520.0,fixed,5,0.055999999999999994,1175.1637317031928,884.4266666666666,290.73706503652613,189229.26293496348,236900,47670.73706503652,2005,703.0,234.33333333333334,197.41666666666666,118450.0,98.70833333333333,1414.885,4738.0,0.0,6152.885
2005-02-01,236900,47380.0,189520.0,fixed,5,0.055999999999999994,1175.1637317031928,883.0698936964961,292.0938380066966,188937.1690969568,237600,48662.830903043214,2005,703.0,234.33333333333334,198.0,118800.0,99.0,1414.4032270298294,0.0,0.0,1414.4032270298294
2005-03-01,236900,47380.0,189520.0,fixed,5,0.055999999999999994,1175.1637317031928,881.7067891191316,293.45694258406115,188643.7121543727,238500,49856.28784562729,2005,703.0,234.33333333333334,198.75,119250.0,99.375,1414.1651224524649,0.0,0.0,1414.1651224524649
2005-04-01,236900,47380.0,189520.0,fixed,5,0.055999999999999994,1175.1637317031928,880.3373233870726,294.82640831612014,188348.8857460566,239300,50951.11425394341,2005,703.0,234.33333333333334,199.41666666666666,119650.0,99.70833333333333,1413.795656720406,0.0,0.0,1413.795656720406
2005-05-01,236900,47380.0,189520.0,fixed,5,0.055999999999999994,1175.1637317031928,878.9614668149306,296.2022648882621,188052.68348116832,239800,51747.31651883168,2005,703.0,234.33333333333334,199.83333333333334,119900.0,99.91666666666667,1413.044800148264,0.0,0.0,1413.044800148264
2005-06-01,236900,47380.0,189520.0,fixed,5,0.055999999999999994,1175.1637317031928,877.5791895787854,297.58454212440733,187755.0989390439,241100,53344.901060956094,2005,703.0,234.33333333333334,200.91666666666666,120550.0,100.45833333333333,1413.2875229121187,0.0,0.0,1413.2875229121187
2005-07-01,236900,47380.0,189520.0,fixed,5,0.055999999999999994,1175.1637317031928,876.1904617155382,298.9732699876546,187456.12566905626,243000,55543.87433094374,2005,703.0,234.33333333333334,202.5,121500.0,101.25,1414.2737950488715,0.0,0.0,1414.2737950488715
2005-08-01,236900,47380.0,189520.0,fixed,5,0.055999999999999994,1175.1637317031928,874.7952531222625,300.3684785809303,187155.75719047533,245100,57944.24280952467,2005,703.0,234.33333333333334,204.25,122550.0,102.125,1415.5035864555957,0.0,0.0,1415.5035864555957
2005-09-01,236900,47380.0,189520.0,fixed,5,0.055999999999999994,1175.1637317031928,873.3935335555515,301.7701981476413,186853.9869923277,247300,60446.0130076723,2005,703.0,234.33333333333334,206.08333333333334,123650.0,103.04166666666667,1416.8518668888848,0.0,0.0,1416.8518668888848
2005-10-01,236900,47380.0,189520.0,fixed,5,0.055999999999999994,1175.1637317031928,871.9852726308625,303.17845907233027,186550.80853325536,250000,63449.19146674464,2005,703.0,234.33333333333334,208.33333333333334,125000.0,104.16666666666667,1418.8186059641957,0.0,0.0,1418.8186059641957
2005-11-01,236900,47380.0,189520.0,fixed,5,0.055999999999999994,1175.1637317031928,870.5704398218583,304.5932918813345,186246.215241374,252500,66253.78475862599,2005,703.0,234.33333333333334,210.41666666666666,126250.0,105.20833333333333,1420.5287731551916,0.0,0.0,1420.5287731551916
2005-12-01,236900,47380.0,189520.0,fixed,5,0.055999999999999994,1175.1637317031928,869.1490044597452,306.0147272434475,185940.20051413056,255000,69059.79948586944,2005,703.0,234.33333333333334,212.5,127500.0,106.25,1422.2323377930786,0.0,0.0,1422.2323377930786
2006-01-01,236900,47380.0,189520.0,fixed,5,0.055999999999999994,1175.1637317031928,867.7209357326092,307.4427959705836,185632.75771815996,258000,72367.24228184004,2006,724.0,241.33333333333334,215.0,129000.0,107.5,1431.5542690659424,0.0,0.0,1431.5542690659424
2006-02-01,236900,47380.0,189520.0,fixed,5,0.055999999999999994,1175.1637317031928,866.2862026847464,308.87752901844635,185323.88018914152,260400,75076.11981085848,2006,724.0,241.33333333333334,217.0,130200.0,108.5,1433.1195360180798,0.0,0.0,1433.1195360180798
2006-03-01,236900,47380.0,189520.0,fixed,5,0.055999999999999994,1175.1637317031928,864.8447742159937,310.3189574871991,185013.5612316543,263000,77986.43876834569,2006,724.0,241.33333333333334,219.16666666666666,131500.0,109.58333333333333,1434.928107549327,0.0,0.0,1434.928107549327
2006-04-01,236900,47380.0,189520.0,fixed,5,0.055999999999999994,1175.1637317031928,863.3966190810534,311.7671126221394,184701.79411903216,265900,81198.20588096784,2006,724.0,241.33333333333334,221.58333333333334,132950.0,110.79166666666667,1437.1049524143866,0.0,0.0,1437.1049524143866
2006-05-01,236900,47380.0,189520.0,fixed,5,0.055999999999999994,1175.1637317031928,861.9417058888166,313.22202581437614,184388.57209321778,268900,84511.42790678222,2006,724.0,241.33333333333334,224.08333333333334,134450.0,112.04166666666667,1439.4000392221499,0.0,0.0,1439.4000392221499
2006-06-01,236900,47380.0,189520.0,fixed,5,0.055999999999999994,1175.1637317031928,860.4800031016829,314.68372860150987,184073.88836461626,271700,87626.11163538374,2006,724.0,241.33333333333334,226.41666666666666,135850.0,113.20833333333333,1441.4383364350163,0.0,0.0,1441.4383364350163
2006-07-01,236900,47380.0,189520.0,fixed,5,0.055999999999999994,1175.1637317031928,859.0114790348758,316.1522526683169,183757.73611194795,274200,90442.26388805205,2006,724.0,241.33333333333334,228.5,137100.0,114.25,1443.0948123682092,0.0,0.0,1443.0948123682092
2006-08-01,236900,47380.0,189520.0,fixed,5,0.055999999999999994,1175.1637317031928,857.536101855757,317.62762984743574,183440.1084821005,276800,93359.8915178995,2006,724.0,241.33333333333334,230.66666666666666,138400.0,115.33333333333333,1444.8694351890904,0.0,0.0,1444.8694351890904
2006-09-01,236900,47380.0,189520.0,fixed,5,0.055999999999999994,1175.1637317031928,856.0538395831356,319.1098921200571,183120.99858998045,279600,96479.00141001955,2006,724.0,241.33333333333334,233.0,139800.0,116.5,1446.887172916469,0.0,0.0,1446.887172916469
2006-10-01,236900,47380.0,189520.0,fixed,5,0.055999999999999994,1175.1637317031928,854.5646600865754,320.5990716166174,182800.39951836382,280900,98099.60048163618,2006,724.0,241.33333333333334,234.08333333333334,140450.0,117.04166666666667,1447.0229934199087,0.0,0.0,1447.0229934199087
2006-11-01,236900,47380.0,189520.0,fixed,5,0.055999999999999994,1175.1637317031928,853.0685310856977,322.09520061749504,182478.3043177463,282900,100421.69568225369,2006,724.0,241.33333333333334,235.75,141450.0,117.875,1448.026864419031,0.0,0.0,1448.026864419031
2006-12-01,236900,47380.0,189520.0,fixed,5,0.055999999999999994,1175.1637317031928,851.5654201494827,323.59831155371,182154.7060061926,285100,102945.2939938074,2006,724.0,241.33333333333334,237.58333333333334,142550.0,118.79166666666667,1449.2737534828161,0.0,0.0,1449.2737534828161
2007-01-01,236900,47380.0,189520.0,fixed,5,0.055999999999999994,1175.1637317031928,850.0552946955654,325.10843700762734,181829.597569185,287300,105470.40243081501,2007,746.0,248.66666666666666,239.41666666666666,143650.0,119.70833333333333,1457.8469613622322,0.0,0.0,1457.8469613622322
2007-02-01,236900,47380.0,189520.0,fixed,5,0.055999999999999994,1175.1637317031928,848.5381219895298,326.6256097136629,181502.97195947132,290500,108997.02804052868,2007,746.0,248.66666666666666,242.08333333333334,145250.0,121.04166666666667,1460.3297886561966,0.0,0.0,1460.3297886561966
2007-03-01,236900,47380.0,189520.0,fixed,5,0.055999999999999994,1175.1637317031928,847.0138691441995,328.1498625589933,181174.82209691234,293200,112025.17790308766,2007,746.0,248.66666666666666,244.33333333333334,146600.0,122.16666666666667,1462.180535810866,0.0,0.0,1462.180535810866
2007-04-01,236900,47380.0,189520.0,fixed,5,0.055999999999999994,1175.1637317031928,845.4825031189241,329.68122858426864,180845.14086832808,295800,114954.85913167192,2007,746.0,248.66666666666666,246.5,147900.0,123.25,1463.8991697855909,0.0,0.0,1463.8991697855909
2007-05-01,236900,47380.0,189520.0,fixed,5,0.055999999999999994,1175.1637317031928,843.9439907188643,331.2197409843285,180513.92112734375,298800,118286.07887265625,2007,746.0,248.66666666666666,249.0,149400.0,124.5,1466.1106573855309,0.0,0.0,1466.1106573855309
2007-06-01,236900,47380.0,189520.0,fixed,5,0.055999999999999994,1175.1637317031928,842.3982985942707,332.765433108922,180181.15569423483,301400,121218.84430576517,2007,746.0,248.66666666666666,251.16666666666666,150700.0,125.58333333333333,1467.8149652609375,0.0,0.0,1467.8149652609375
2007-07-01,236900,47380.0,189520.0,fixed,5,0.055999999999999994,1175.1637317031928,840.8453932397624,334.31833846343034,179846.8373557714,304000,124153.1626442286,2007,746.0,248.66666666666666,253.33333333333334,152000.0,126.66666666666667,1469.5120599064292,0.0,0.0,1469.5120599064292
2007-08-01,236900,47380.0,189520.0,fixed,5,0.055999999999999994,1175.1637317031928,839.2852409935997,335.87849070959305,179510.9588650618,305900,126389.04113493819,2007,746.0,248.66666666666666,254.91666666666666,152950.0,127.45833333333333,1470.3269076602664,0.0,0.0,1470.3269076602664
2007-09-01,236900,47380.0,189520.0,fixed,5,0.055999999999999994,1175.1637317031928,837.717808036955,337.4459236662377,179173.51294139557,307900,128726.48705860443,2007,746.0,248.66666666666666,256.5833333333333,153950.0,128.29166666666666,1471.2594747036217,0.0,0.0,1471.2594747036217
2007-10-01,236900,47380.0,189520.0,fixed,5,0.055999999999999994,1175.1637317031928,836.1430603931792,339.02067131001354,178834.49227008555,309800,130965.50772991445,2007,746.0,248.66666666666666,258.1666666666667,154900.0,129.08333333333334,1472.059727059846,0.0,0.0,1472.059727059846
2007-11-01,236900,47380.0,189520.0,fixed,5,0.055999999999999994,1175.1637317031928,834.5609639270658,340.60276777612694,178493.88950230944,311400,132906.11049769056,2007,746.0,248.66666666666666,259.5,155700.0,129.75,1472.4776305937326,0.0,0.0,1472.4776305937326
2007-12-01,236900,47380.0,189520.0,fixed,5,0.055999999999999994,1175.1637317031928,832.9714843441106,342.1922473590821,178151.69725495036,313400,135248.30274504964,2007,746.0,248.66666666666666,261.1666666666667,156700.0,130.58333333333334,1473.3881510107774,0.0,0.0,1473.3881510107774
2008-01-01,236900,47380.0,189520.0,fixed,5,0.055999999999999994,1175.1637317031928,831.3745871897682,343.7891445134245,177807.90811043693,315000,137192.09188956307,2008,774.0,258.0,262.5,157500.0,131.25,1483.1245871897681,0.0,0.0,1483.1245871897681
2008-02-01,236900,47380.0,189520.0,fixed,5,0.055999999999999994,1175.1637317031928,829.7702378487056,345.39349385448713,177462.51461658243,315600,138137.48538341757,2008,774.0,258.0,263.0,157800.0,131.5,1482.2702378487056,0.0,0.0,1482.2702378487056
2008-03-01,236900,47380.0,189520.0,fixed,5,0.055999999999999994,1175.1637317031928,828.1584015440512,347.0053301591415,177115.50928642327,315600,138484.49071357673,2008,774.0,258.0,263.0,157800.0,131.5,1480.6584015440512,0.0,0.0,1480.6584015440512
2008-04-01,236900,47380.0,189520.0,fixed,5,0.055999999999999994,1175.1637317031928,826.5390433366418,348.6246883665509,176766.88459805673,314600,137833.11540194327,2008,774.0,258.0,262.1666666666667,157300.0,131.08333333333334,1477.789043336642,0.0,0.0,1477.789043336642
2008-05-01,236900,47380.0,189520.0,fixed,5,0.055999999999999994,1175.1637317031928,824.9121281242647,350.2516035789281,176416.6329944778,313100,136683.3670055222,2008,774.0,258.0,260.9166666666667,156550.0,130.45833333333334,1474.2871281242647,0.0,0.0,1474.2871281242647
2008-06-01,236900,47380.0,189520.0,fixed,5,0.055999999999999994,1175.1637317031928,823.2776206408963,351.88611106229644,176064.74688341553,311500,135435.25311658447,2008,774.0,258.0,259.5833333333333,155750.0,129.79166666666666,1470.6526206408962,0.0,0.0,1470.6526206408962
2008-07-01,236900,47380.0,189520.0,fixed,5,0.055999999999999994,1175.1637317031928,821.635485455939,353.5282462472537,175711.21863716826,309300,133588.78136283174,2008,774.0,258.0,257.75,154650.0,128.875,1466.260485455939,0.0,0.0,1466.260485455939
2008-08-01,236900,47380.0,189520.0,fixed,5,0.055999999999999994,1175.1637317031928,819.9856869734518,355.1780447297409,175356.0405924385,307500,132143.9594075615,2008,774.0,258.0,256.25,153750.0,128.125,1462.3606869734517,0.0,0.0,1462.3606869734517
2008-09-01,236900,47380.0,189520.0,fixed,5,0.055999999999999994,1175.1637317031928,818.3281894313797,356.8355422718131,174999.2050501667,305800,130800.7949498333,2008,774.0,258.0,254.83333333333334,152900.0,127.41666666666667,1458.5781894313795,0.0,0.0,1458.5781894313795
2008-10-01,236900,47380.0,189520.0,fixed,5,0.055999999999999994,1175.1637317031928,816.6629569007779,358.50077480241487,174640.7042753643,301800,127159.29572463571,2008,774.0,258.0,251.5,150900.0,125.75,1451.9129569007778,0.0,0.0,1451.9129569007778
2008-11-01,236900,47380.0,189520.0,fixed,5,0.055999999999999994,1175.1637317031928,814.9899532850333,360.1737784181595,174280.53049694613,298800,124519.46950305387,2008,774.0,258.0,249.0,149400.0,124.5,1446.4899532850332,0.0,0.0,1446.4899532850332
2008-12-01,236900,47380.0,189520.0,fixed,5,0.055999999999999994,1175.1637317031928,813.3091423190818,361.8545893841109,173918.67590756202,295100,121181.32409243798,2008,774.0,258.0,245.91666666666666,147550.0,122.95833333333333,1440.1841423190817,0.0,0.0,1440.1841423190817
2009-01-01,236900,47380.0,189520.0,fixed,5,0.055999999999999994,1175.1637317031928,811.6204875686227,363.54324413457005,173555.13266342744,292300,118744.86733657256,2009,782.0,260.6666666666667,243.58333333333334,146150.0,121.79166666666667,1437.6621542352893,0.0,0.0,1437.6621542352893
2009-02-01,236900,47380.0,189520.0,fixed,5,0.055999999999999994,1175.1637317031928,809.923952429328,365.23977927386477,173189.89288415358,289600,116410.10711584642,2009,782.0,260.6666666666667,241.33333333333334,144800.0,120.66666666666667,1432.5906190959947,0.0,0.0,1432.5906190959947
2009-03-01,236900,47380.0,189520.0,fixed,5,0.055999999999999994,1175.1637317031928,808.21950012605,366.9442315771428,172822.94865257645,287700,114877.05134742355,2009,782.0,260.6666666666667,239.75,143850.0,119.875,1428.5111667927167,0.0,0.0,1428.5111667927167
2009-04-01,236900,47380.0,189520.0,fixed,5,0.055999999999999994,1175.1637317031928,806.5070937120233,368.6566379911694,172454.29201458528,289000,116545.70798541472,2009,782.0,260.6666666666667,240.83333333333334,144500.0,120.41666666666667,1428.42376037869,0.0,0.0,1428.42376037869
2009-05-01,236900,47380.0,189520.0,fixed,5,0.055999999999999994,1175.1637317031928,804.7866960680645,370.3770356351282,172083.91497895017,291500,119416.08502104983,2009,782.0,260.6666666666667,242.91666666666666,145750.0,121.45833333333333,1429.8283627347312,0.0,0.0,1429.8283627347312
2009-06-01,236900,47380.0,189520.0,fixed,5,0.055999999999999994,1175.1637317031928,803.0582699017674,372.10546180142535,171711.80951714874,295000,123288.19048285126,2009,782.0,260.6666666666667,245.83333333333334,147500.0,122.91666666666667,1432.474936568434,0.0,0.0,1432.474936568434
2009-07-01,236900,47380.0,189520.0,fixed,5,0.055999999999999994,1175.1637317031928,801.321777746694,373.84195395649874,171337.96756319224,299200,127862.03243680776,2009,782.0,260.6666666666667,249.33333333333334,149600.0,124.66666666666667,1435.9884444133606,0.0,0.0,1435.9884444133606
2009-08-01,236900,47380.0,189520.0,fixed,5,0.055999999999999994,1175.1637317031928,799.5771819615637,375.586549741629,170962.38101345062,303300,132337.61898654938,2009,782.0,260.6666666666667,252.75,151650.0,126.375,1439.3688486282304,0.0,0.0,1439.3688486282304
2009-09-01,236900,47380.0,189520.0,fixed,5,0.055999999999999994,1175.1637317031928,797.8244447294361,377.33928697375666,170585.04172647686,307800,137214.95827352314,2009,782.0,260.6666666666667,256.5,153900.0,128.25,1443.2411113961027,0.0,0.0,1443.2411113961027
2009-10-01,236900,47380.0,189520.0,fixed,5,0.055999999999999994,1175.1637317031928,796.063528056892,379.10020364630077,170205.94152283057,312400,142194.05847716943,2009,782.0,260.6666666666667,260.3333333333333,156200.0,130.16666666666666,1447.2301947235587,0.0,0.0,1447.2301947235587
2009-11-01,236900,47380.0,189520.0,fixed,5,0.055999999999999994,1175.1637317031928,794.2943937732092,380.86933792998354,169825.07218490058,316400,146574.92781509942,2009,782.0,260.6666666666667,263.6666666666667,158200.0,131.83333333333334,1450.4610604398758,0.0,0.0,1450.4610604398758
2009-12-01,236900,47380.0,189520.0,fixed,5,0.055999999999999994,1175.1637317031928,792.5170035295359,382.6467281736568,169442.42545672692,320600,151157.57454327308,2009,782.0,260.6666666666667,267.1666666666667,160300.0,133.58333333333334,1453.9336701962027,0.0,0.0,1453.9336701962027
2010-01-01,236900,47380.0,189520.0,fixed,5,0.048,1099.6092770887833,677.7697018269077,421.83957526187555,169020.58588146506,322400,153379.41411853494,2010,806.0,268.6666666666667,268.6666666666667,161200.0,134.33333333333334,1349.4363684935745,0.0,0.0,1349.4363684935745
2010-02-01,236900,47380.0,189520.0,fixed,5,0.048,1099.6092770887833,676.0823435258602,423.5269335629231,168597.05894790214,324600,156002.94105209786,2010,806.0,268.6666666666667,270.5,162300.0,135.25,1350.4990101925268,0.0,0.0,1350.4990101925268
2010-03-01,236900,47380.0,189520.0,fixed,5,0.048,1099.6092770887833,674.3882357916086,425.2210412971747,168171.83790660498,326200,158028.16209339502,2010,806.0,268.6666666666667,271.8333333333333,163100.0,135.91666666666666,1350.8049024582754,0.0,0.0,1350.8049024582754
2010-04-01,236900,47380.0,189520.0,fixed,5,0.048,1099.6092770887833,672.68735162642,426.92192546236333,167744.9159811426,326800,159055.0840188574,2010,806.0,268.6666666666667,272.3333333333333,163400.0,136.16666666666666,1349.8540182930867,0.0,0.0,1349.8540182930867
2010-05-01,236900,47380.0,189520.0,fixed,5,0.048,1099.6092770887833,670.9796639245704,428.62961316421286,167316.2863679784,326300,158983.7136320216,2010,806.0,268.6666666666667,271.9166666666667,163150.0,135.95833333333334,1347.521330591237,0.0,0.0,1347.521330591237
2010-06-01,236900,47380.0,189520.0,fixed,5,0.048,1099.6092770887833,669.2651454719137,430.3441316168696,166885.94223636153,325300,158414.05776363847,2010,806.0,268.6666666666667,271.0833333333333,162650.0,135.54166666666666,1344.5568121385804,0.0,0.0,1344.5568121385804
2010-07-01,236900,47380.0,189520.0,fixed,5,0.048,1099.6092770887833,667.5437689454461,432.0655081433372,166453.8767282182,324300,157846.1232717818,2010,806.0,268.6666666666667,270.25,162150.0,135.125,1341.5854356121129,0.0,0.0,1341.5854356121129
2010-08-01,236900,47380.0,189520.0,fixed,5,0.048,1099.6092770887833,665.8155069128728,433.7937701759105,166020.08295804227,324200,158179.91704195773,2010,806.0,268.6666666666667,270.1666666666667,162100.0,135.08333333333334,1339.7321735795394,0.0,0.0,1339.7321735795394
2010-09-01,236900,47380.0,189520.0,fixed,5,0.048,1099.6092770887833,664.0803318321691,435.5289452566142,165584.55401278567,324500,158915.44598721433,2010,806.0,268.6666666666667,270.4166666666667,162250.0,135.20833333333334,1338.3719984988359,0.0,0.0,1338.3719984988359
2010-10-01,236900,47380.0,189520.0,fixed,5,0.048,1099.6092770887833,662.3382160511427,437.2710610376406,165147.28295174803,325600,160452.71704825197,2010,806.0,268.6666666666667,271.3333333333333,162800.0,135.66666666666666,1338.0048827178093,0.0,0.0,1338.0048827178093
2010-11-01,236900,47380.0,189520.0,fixed,5,0.048,1099.6092770887833,660.5891318069921,439.0201452817912,164708.26280646623,327100,162391.73719353377,2010,806.0,268.6666666666667,272.5833333333333,163550.0,136.29166666666666,1338.1307984736588,0.0,0.0,1338.1307984736588
2010-12-01,236900,47380.0,189520.0,fixed,5,0.048,1099.6092770887833,658.8330512258649,440.7762258629184,164267.48658060332,328900,164632.51341939668,2010,806.0,268.6666666666667,274.0833333333333,164450.0,137.04166666666666,1338.6247178925316,0.0,0.0,1338.6247178925316
2011-01-01,236900,47380.0,189520.0,fixed,5,0.048,1099.6092770887833,657.0699463224133,442.53933076636997,163824.94724983696,330900,167075.05275016304,2011,826.0,275.3333333333333,275.75,165450.0,137.875,1346.0282796557467,0.0,0.0,1346.0282796557467
2011-02-01,236900,47380.0,189520.0,fixed,5,0.048,1099.6092770887833,655.2997889993478,444.3094880894355,163380.63776174752,333800,170419.36223825248,2011,826.0,275.3333333333333,278.1666666666667,166900.0,139.08333333333334,1347.883122332681,0.0,0.0,1347.883122332681
2011-03-01,236900,47380.0,189520.0,fixed,5,0.048,1099.6092770887833,653.5225510469901,446.0867260417932,162934.55103570572,336000,173065.44896429428,2011,826.0,275.3333333333333,280.0,168000.0,140.0,1348.8558843803235,0.0,0.0,1348.8558843803235
2011-04-01,236900,47380.0,189520.0,fixed,5,0.048,1099.6092770887833,651.738204142823,447.87107294596035,162486.67996275975,338200,175713.32003724025,2011,826.0,275.3333333333333,281.8333333333333,169100.0,140.91666666666666,1349.8215374761562,0.0,0.0,1349.8215374761562
2011-05-01,236900,47380.0,189520.0,fixed,5,0.048,1099.6092770887833,649.946719851039,449.6625572377443,162037.017405522,340800,178762.982594478,2011,826.0,275.3333333333333,284.0,170400.0,142.0,1351.2800531843723,0.0,0.0,1351.2800531843723
2011-06-01,236900,47380.0,189520.0,fixed,5,0.048,1099.6092770887833,648.148069622088,451.4612074666953,161585.5561980553,343400,181814.4438019447,2011,826.0,275.3333333333333,286.1666666666667,171700.0,143.08333333333334,1352.7314029554213,0.0,0.0,1352.7314029554213
2011-07-01,236900,47380.0,189520.0,fixed,5,0.048,1099.6092770887833,646.3422247922213,453.26705229656204,161132.28914575875,345900,184767.71085424125,2011,826.0,275.3333333333333,288.25,172950.0,144.125,1354.0505581255545,0.0,0.0,1354.0505581255545
2011-08-01,236900,47380.0,189520.0,fixed,5,0.048,1099.6092770887833,644.529156583035,455.08012050574825,160677.20902525302,348000,187322.79097474698,2011,826.0,275.3333333333333,290.0,174000.0,145.0,1354.8624899163683,0.0,0.0,1354.8624899163683
2011-09-01,236900,47380.0,189520.0,fixed,5,0.048,1099.6092770887833,642.7088361010121,456.90044098777116,160220.30858426524,349700,189479.69141573476,2011,826.0,275.3333333333333,291.4166666666667,174850.0,145.70833333333334,1355.1671694343454,0.0,0.0,1355.1671694343454
2011-10-01,236900,47380.0,189520.0,fixed,5,0.048,1099.6092770887833,640.881234337061,458.72804275172234,159761.5805415135,351300,191538.4194584865,2011,826.0,275.3333333333333,292.75,175650.0,146.375,1355.3395676703942,0.0,0.0,1355.3395676703942
2011-11-01,236900,47380.0,189520.0,fixed,5,0.048,1099.6092770887833,639.0463221660541,460.5629549227292,159301.01758659078,353100,193798.98241340922,2011,826.0,275.3333333333333,294.25,176550.0,147.125,1355.7546554993874,0.0,0.0,1355.7546554993874
2011-12-01,236900,47380.0,189520.0,fixed,5,0.048,1099.6092770887833,637.2040703463631,462.4052067424202,158838.61237984835,354700,195861.38762015165,2011,826.0,275.3333333333333,295.5833333333333,177350.0,147.79166666666666,1355.9124036796964,0.0,0.0,1355.9124036796964
2012-01-01,236900,47380.0,189520.0,fixed,5,0.048,1099.6092770887833,635.3544495193934,464.25482756938993,158374.35755227896,356800,198425.64244772104,2012,844.0,281.3333333333333,297.3333333333333,178400.0,148.66666666666666,1362.6877828527267,0.0,0.0,1362.6877828527267
2012-02-01,236900,47380.0,189520.0,fixed,5,0.048,1099.6092770887833,633.4974302091158,466.1118468796675,157908.24570539928,357900,199991.75429460072,2012,844.0,281.3333333333333,298.25,178950.0,149.125,1362.2057635424492,0.0,0.0,1362.2057635424492
2012-03-01,236900,47380.0,189520.0,fixed,5,0.048,1099.6092770887833,631.6329828215971,467.9762942671862,157440.2694111321,359300,201859.7305888679,2012,844.0,281.3333333333333,299.4166666666667,179650.0,149.70833333333334,1362.0913161549304,0.0,0.0,1362.0913161549304
2012-04-01,236900,47380.0,189520.0,fixed,5,0.048,1099.6092770887833,629.7610776445283,469.848199444255,156970.42121168785,361000,204029.57878831215,2012,844.0,281.3333333333333,300.8333333333333,180500.0,150.41666666666666,1362.3444109778616,0.0,0.0,1362.3444109778616
2012-05-01,236900,47380.0,189520.0,fixed,5,0.048,1099.6092770887833,627.8816848467515,471.72759224203185,156498.6936194458,360800,204301.3063805542,2012,844.0,281.3333333333333,300.6666666666667,180400.0,150.33333333333334,1360.2150181800848,0.0,0.0,1360.2150181800848
2012-06-01,236900,47380.0,189520.0,fixed,5,0.048,1099.6092770887833,625.9947744777833,473.61450261100003,156025.07911683482,360400,204374.92088316518,2012,844.0,281.3333333333333,300.3333333333333,180200.0,150.16666666666666,1357.8281078111165,0.0,0.0,1357.8281078111165
2012-07-01,236900,47380.0,189520.0,fixed,5,0.048,1099.6092770887833,624.1003164673393,475.508960621444,155549.5701562134,360300,204750.4298437866,2012,844.0,281.3333333333333,300.25,180150.0,150.125,1355.8086498006726,0.0,0.0,1355.8086498006726
2012-08-01,236900,47380.0,189520.0,fixed,5,0.048,1099.6092770887833,622.1982806248536,477.4109964639297,155072.15915974946,360100,205027.84084025054,2012,844.0,281.3333333333333,300.0833333333333,180050.0,150.04166666666666,1353.6566139581869,0.0,0.0,1353.6566139581869
2012-09-01,236900,47380.0,189520.0,fixed,5,0.048,1099.6092770887833,620.2886366389978,479.3206404497855,154592.83851929966,359900,205307.16148070034,2012,844.0,281.3333333333333,299.9166666666667,179950.0,149.95833333333334,1351.496969972331,0.0,0.0,1351.496969972331
2012-10-01,236900,47380.0,189520.0,fixed,5,0.048,1099.6092770887833,618.3713540771987,481.2379230115846,154111.60059628807,359800,205688.39940371193,2012,844.0,281.3333333333333,299.8333333333333,179900.0,149.91666666666666,1349.454687410532,0.0,0.0,1349.454687410532
2012-11-01,236900,47380.0,189520.0,fixed,5,0.048,1099.6092770887833,616.4464023851523,483.162874703631,153628.43772158443,359600,205971.56227841557,2012,844.0,281.3333333333333,299.6666666666667,179800.0,149.83333333333334,1347.2797357184857,0.0,0.0,1347.2797357184857
2012-12-01,236900,47380.0,189520.0,fixed,5,0.048,1099.6092770887833,614.5137508863377,485.0955262024456,153143.342195382,361000,207856.657804618,2012,844.0,281.3333333333333,300.8333333333333,180500.0,150.41666666666666,1347.097084219671,0.0,0.0,1347.097084219671
2013-01-01,236900,47380.0,189520.0,fixed,5,0.048,1099.6092770887833,612.573368781528,487.03590830725534,152656.30628707472,360700,208043.69371292528,2013,862.0,287.3333333333333,300.5833333333333,180350.0,150.29166666666666,1350.7817021148612,0.0,0.0,1350.7817021148612
2013-02-01,236900,47380.0,189520.0,fixed,5,0.048,1099.6092770887833,610.6252251482989,488.9840519404844,152167.32223513423,361200,209032.67776486577,2013,862.0,287.3333333333333,301.0,180600.0,150.5,1349.4585584816323,0.0,0.0,1349.4585584816323
2013-03-01,236900,47380.0,189520.0,fixed,5,0.048,1099.6092770887833,608.669288940537,490.93998814824636,151676.38224698597,361900,210223.61775301403,2013,862.0,287.3333333333333,301.5833333333333,180950.0,150.79166666666666,1348.3776222738702,0.0,0.0,1348.3776222738702
2013-04-01,236900,47380.0,189520.0,fixed,5,0.048,1099.6092770887833,606.7055289879439,492.9037481008394,151183.47849888515,362800,211616.52150111485,2013,862.0,287.3333333333333,302.3333333333333,181400.0,151.16666666666666,1347.5388623212773,0.0,0.0,1347.5388623212773
2013-05-01,236900,47380.0,189520.0,fixed,5,0.048,1099.6092770887833,604.7339139955405,494.87536309324275,150688.6031357919,363800,213111.3968642081,2013,862.0,287.3333333333333,303.1666666666667,181900.0,151.58333333333334,1346.817247328874,0.0,0.0,1346.817247328874
2013-06-01,236900,47380.0,189520.0,fixed,5,0.048,1099.6092770887833,602.7544125431676,496.85486454561567,150191.7482712463,365000,214808.2517287537,2013,862.0,287.3333333333333,304.1666666666667,182500.0,152.08333333333334,1346.337745876501,0.0,0.0,1346.337745876501
2013-07-01,236900,47380.0,189520.0,fixed,5,0.048,1099.6092770887833,600.7669930849852,498.8422840037981,149692.9059872425,366800,217107.0940127575,2013,862.0,287.3333333333333,305.6666666666667,183400.0,152.83333333333334,1346.6003264183184,0.0,0.0,1346.6003264183184
2013-08-01,236900,47380.0,189520.0,fixed,5,0.048,1099.6092770887833,598.77162394897,500.83765313981326,149192.0683341027,368500,219307.9316658973,2013,862.0,287.3333333333333,307.0833333333333,184250.0,153.54166666666666,1346.7299572823033,0.0,0.0,1346.7299572823033
2013-09-01,236900,47380.0,189520.0,fixed,5,0.048,1099.6092770887833,596.7682733364107,502.84100375237256,148689.22733035032,370800,222110.77266964968,2013,862.0,287.3333333333333,309.0,185400.0,154.5,1347.6016066697441,0.0,0.0,1347.6016066697441
2013-10-01,236900,47380.0,189520.0,fixed,5,0.048,1099.6092770887833,594.7569093214013,504.852367767382,148184.37496258292,373200,225015.62503741708,2013,862.0,287.3333333333333,311.0,186600.0,155.5,1348.5902426547345,0.0,0.0,1348.5902426547345
2013-11-01,236900,47380.0,189520.0,fixed,5,0.048,1099.6092770887833,592.7374998503317,506.8717772384516,147677.50318534448,375700,228022.49681465552,2013,862.0,287.3333333333333,313.0833333333333,187850.0,156.54166666666666,1349.695833183665,0.0,0.0,1349.695833183665
2013-12-01,236900,47380.0,189520.0,fixed,5,0.048,1099.6092770887833,590.7100127413779,508.8992643474054,147168.60392099706,377000,229831.39607900294,2013,862.0,287.3333333333333,314.1666666666667,188500.0,157.08333333333334,1349.2933460747113,0.0,0.0,1349.2933460747113
2014-01-01,236900,47380.0,189520.0,fixed,5,0.048,1099.6092770887833,588.6744156839883,510.934861404795,146657.66905959227,378400,231742.33094040773,2014,883.0,294.3333333333333,315.3333333333333,189200.0,157.66666666666666,1356.0077490173217,0.0,0.0,1356.0077490173217
2014-02-01,236900,47380.0,189520.0,fixed,5,0.048,1099.6092770887833,586.6306762383691,512.9786008504142,146144.69045874185,380300,234155.30954125815,2014,883.0,294.3333333333333,316.9166666666667,190150.0,158.45833333333334,1356.3390095717025,0.0,0.0,1356.3390095717025
2014-03-01,236900,47380.0,189520.0,fixed,5,0.048,1099.6092770887833,584.5787618349674,515.0305152538159,145629.65994348805,381000,235370.34005651195,2014,883.0,294.3333333333333,317.5,190500.0,158.75,1355.1620951683008,0.0,0.0,1355.1620951683008
2014-04-01,236900,47380.0,189520.0,fixed,5,0.048,1099.6092770887833,582.5186397739523,517.090637314831,145112.56930617322,381900,236787.43069382678,2014,883.0,294.3333333333333,318.25,190950.0,159.125,1354.2269731072856,0.0,0.0,1354.2269731072856
2014-05-01,236900,47380.0,189520.0,fixed,5,0.048,1099.6092770887833,580.4502772246929,519.1589998640904,144593.41030630912,383300,238706.58969369088,2014,883.0,294.3333333333333,319.4166666666667,191650.0,159.70833333333334,1353.908610558026,0.0,0.0,1353.908610558026
2014-06-01,236900,47380.0,189520.0,fixed,5,0.048,1099.6092770887833,578.3736412252365,521.2356358635468,144072.17467044556,385200,241127.82532955444,2014,883.0,294.3333333333333,321.0,192600.0,160.5,1354.2069745585698,0.0,0.0,1354.2069745585698
2014-07-01,236900,47380.0,189520.0,fixed,5,0.048,1099.6092770887833,576.2886986817822,523.3205784070011,143548.85409203856,386700,243151.14590796144,2014,883.0,294.3333333333333,322.25,193350.0,161.125,1353.9970320151156,0.0,0.0,1353.9970320151156
2014-08-01,236900,47380.0,189520.0,fixed,5,0.048,1099.6092770887833,574.1954163681543,525.413860720629,143023.44023131792,388900,245876.55976868208,2014,883.0,294.3333333333333,324.0833333333333,194450.0,162.04166666666666,1354.6537497014876,0.0,0.0,1354.6537497014876
2014-09-01,236900,47380.0,189520.0,fixed,5,0.048,1099.6092770887833,572.0937609252717,527.5155161635116,142495.9247151544,391300,248804.0752848456,2014,883.0,294.3333333333333,326.0833333333333,195650.0,163.04166666666666,1355.552094258605,0.0,0.0,1355.552094258605
2014-10-01,236900,47380.0,189520.0,fixed,5,0.048,1099.6092770887833,569.9836988606176,529.6255782281658,141966.29913692625,394000,252033.70086307375,2014,883.0,294.3333333333333,328.3333333333333,197000.0,164.16666666666666,1356.8170321939508,0.0,0.0,1356.8170321939508
2014-11-01,236900,47380.0,189520.0,fixed,5,0.048,1099.6092770887833,567.865196547705,531.7440805410783,141434.55505638517,396600,255165.44494361483,2014,883.0,294.3333333333333,330.5,198300.0,165.25,1357.9485298810382,0.0,0.0,1357.9485298810382
2014-12-01,236900,47380.0,189520.0,fixed,5,0.048,1099.6092770887833,565.7382202255407,533.8710568632426,140900.68399952192,399300,258399.31600047808,2014,883.0,294.3333333333333,332.75,199650.0,166.375,1359.196553558874,0.0,0.0,1359.196553558874
2015-01-01,236900,47380.0,189520.0,fixed,5,0.039599999999999996,1039.403256895942,464.97225719842226,574.4309996975196,140326.2529998244,401700,261373.7470001756,2015,907.0,302.3333333333333,334.75,200850.0,167.375,1269.4305905317556,0.0,0.0,1269.4305905317556
2015-02-01,236900,47380.0,189520.0,fixed,5,0.039599999999999996,1039.403256895942,463.0766348994205,576.3266219965215,139749.92637782788,402900,263150.0736221721,2015,907.0,302.3333333333333,335.75,201450.0,167.875,1269.0349682327537,0.0,0.0,1269.0349682327537
2015-03-01,236900,47380.0,189520.0,fixed,5,0.039599999999999996,1039.403256895942,461.1747570468319,578.22849984911,139171.69787797876,404900,265728.3021220212,2015,907.0,302.3333333333333,337.4166666666667,202450.0,168.70833333333334,1269.6330903801652,0.0,0.0,1269.6330903801652
2015-04-01,236900,47380.0,189520.0,fixed,5,0.039599999999999996,1039.403256895942,459.26660299732987,580.136653898612,138591.56122408016,407500,268908.43877591984,2015,907.0,302.3333333333333,339.5833333333333,203750.0,169.79166666666666,1270.9749363306632,0.0,0.0,1270.9749363306632
2015-05-01,236900,47380.0,189520.0,fixed,5,0.039599999999999996,1039.403256895942,457.35215203946444,582.0511048564774,138009.51011922368,410200,272190.4898807763,2015,907.0,302.3333333333333,341.8333333333333,205100.0,170.91666666666666,1272.4354853727978,0.0,0.0,1272.4354853727978
2015-06-01,236900,47380.0,189520.0,fixed,5,0.039599999999999996,1039.403256895942,455.43138339343807,583.9718735025039,137425.53824572117,414100,276674.46175427886,2015,907.0,302.3333333333333,345.0833333333333,207050.0,172.54166666666666,1275.3897167267714,0.0,0.0,1275.3897167267714
2015-07-01,236900,47380.0,189520.0,fixed,5,0.039599999999999996,1039.403256895942,453.50427621087977,585.8989806850622,136839.6392650361,418500,281660.3607349639,2015,907.0,302.3333333333333,348.75,209250.0,174.375,1278.9626095442131,0.0,0.0,1278.9626095442131
2015-08-01,236900,47380.0,189520.0,fixed,5,0.039599999999999996,1039.403256895942,451.57080957461903,587.8324473213229,136251.80681771477,422900,286648.19318228523,2015,907.0,302.3333333333333,352.4166666666667,211450.0,176.20833333333334,1282.5291429079523,0.0,0.0,1282.5291429079523
2015-09-01,236900,47380.0,189520.0,fixed,5,0.039599999999999996,1039.403256895942,449.63096249845864,589.7722943974833,135662.03452331727,426600,290937.96547668276,2015,907.0,302.3333333333333,355.5,213300.0,177.75,1285.214295831792,0.0,0.0,1285.214295831792
2015-10-01,236900,47380.0,189520.0,fixed,5,0.039599999999999996,1039.403256895942,447.6847139269469,591.718542968995,135070.31598034827,430700,295629.68401965173,2015,907.0,302.3333333333333,358.9166666666667,215350.0,179.45833333333334,1288.3930472602801,0.0,0.0,1288.3930472602801
2015-11-01,236900,47380.0,189520.0,fixed,5,0.039599999999999996,1039.403256895942,445.7320427351492,593.6712141607927,134476.64476618747,435100,300623.35523381253,2015,907.0,302.3333333333333,362.5833333333333,217550.0,181.29166666666666,1291.9403760684825,0.0,0.0,1291.9403760684825
2015-12-01,236900,47380.0,189520.0,fixed,5,0.039599999999999996,1039.403256895942,443.7729277284186,595.6303291675233,133881.01443701994,439300,305418.98556298006,2015,907.0,302.3333333333333,366.0833333333333,219650.0,183.04166666666666,1295.2312610617519,0.0,0.0,1295.2312610617519
2016-01-01,236900,47380.0,189520.0,fixed,5,0.039599999999999996,1039.403256895942,441.8073476421657,597.5959092537762,133283.41852776616,444300,311016.58147223387,2016,926.0,308.6666666666667,370.25,222150.0,185.125,1305.8490143088325,0.0,0.0,1305.8490143088325
2016-02-01,236900,47380.0,189520.0,fixed,5,0.039599999999999996,1039.403256895942,439.8352811416283,599.5679757543137,132683.85055201183,450600,317916.14944798814,2016,926.0,308.6666666666667,375.5,225300.0,187.75,1311.751947808295,0.0,0.0,1311.751947808295
2016-03-01,236900,47380.0,189520.0,fixed,5,0.039599999999999996,1039.403256895942,437.85670682163897,601.546550074303,132082.30400193753,457200,325117.6959980625,2016,926.0,308.6666666666667,381.0,228600.0,190.5,1318.0233734883057,0.0,0.0,1318.0233734883057
2016-04-01,236900,47380.0,189520.0,fixed,5,0.039599999999999996,1039.403256895942,435.8716032063938,603.5316536895482,131478.772348248,464700,333221.227651752,2016,926.0,308.6666666666667,387.25,232350.0,193.625,1325.4132698730605,0.0,0.0,1325.4132698730605
2016-05-01,236900,47380.0,189520.0,fixed,5,0.039599999999999996,1039.403256895942,433.87994874921833,605.5233081467236,130873.24904010126,473200,342326.75095989875,2016,926.0,308.6666666666667,394.3333333333333,236600.0,197.16666666666666,1334.046615415885,0.0,0.0,1334.046615415885
2016-06-01,236900,47380.0,189520.0,fixed,5,0.039599999999999996,1039.403256895942,431.8817218323341,607.5215350636079,130265.72750503765,481000,350734.2724949623,2016,926.0,308.6666666666667,400.8333333333333,240500.0,200.41666666666666,1341.7983884990008,0.0,0.0,1341.7983884990008
2016-07-01,236900,47380.0,189520.0,fixed,5,0.039599999999999996,1039.403256895942,429.8769007666242,609.5263561293177,129656.20114890832,488300,358643.79885109165,2016,926.0,308.6666666666667,406.9166666666667,244150.0,203.45833333333334,1348.918567433291,0.0,0.0,1348.918567433291
2016-08-01,236900,47380.0,189520.0,fixed,5,0.039599999999999996,1039.403256895942,427.8654637913974,611.5377931045446,129044.66335580377,493100,364055.33664419624,2016,926.0,308.6666666666667,410.9166666666667,246550.0,205.45833333333334,1352.907130458064,0.0,0.0,1352.907130458064
2016-09-01,236900,47380.0,189520.0,fixed,5,0.039599999999999996,1039.403256895942,425.8473890741524,613.5558678217895,128431.10748798198,498100,369668.89251201804,2016,926.0,308.6666666666667,415.0833333333333,249050.0,207.54166666666666,1357.139055740819,0.0,0.0,1357.139055740819
2016-10-01,236900,47380.0,189520.0,fixed,5,0.039599999999999996,1039.403256895942,423.8226547103405,615.5806021856015,127815.52688579638,501200,373384.4731142036,2016,926.0,308.6666666666667,417.6666666666667,250600.0,208.83333333333334,1358.9893213770072,0.0,0.0,1358.9893213770072
2016-11-01,236900,47380.0,189520.0,fixed,5,0.039599999999999996,1039.403256895942,421.791238723128,617.6120181728139,127197.91486762356,505200,378002.0851323764,2016,926.0,308.6666666666667,421.0,252600.0,210.5,1361.9579053897946,0.0,0.0,1361.9579053897946
2016-12-01,236900,47380.0,189520.0,fixed,5,0.039599999999999996,1039.403256895942,419.7531190631577,619.6501378327841,126578.26472979078,508000,381421.7352702092,2016,926.0,308.6666666666667,423.3333333333333,254000.0,211.66666666666666,1363.4197857298245,0.0,0.0,1363.4197857298245
2017-01-01,236900,47380.0,189520.0,fixed,5,0.039599999999999996,1039.403256895942,417.7082736083095,621.6949832876323,125956.56974650316,514800,388843.43025349686,2017,956.0,318.6666666666667,429.0,257400.0,214.5,1379.8749402749763,0.0,0.0,1379.8749402749763
2017-02-01,236900,47380.0,189520.0,fixed,5,0.039599999999999996,1039.403256895942,415.65668016346035,623.7465767324816,125332.82316977068,527300,401967.17683022935,2017,956.0,318.6666666666667,439.4166666666667,263650.0,219.70833333333334,1393.448346830127,0.0,0.0,1393.448346830127
2017-03-01,236900,47380.0,189520.0,fixed,5,0.039599999999999996,1039.403256895942,413.5983164602432,625.8049404356987,124707.01822933498,541000,416292.98177066504,2017,956.0,318.6666666666667,450.8333333333333,270500.0,225.41666666666666,1408.51498312691,0.0,0.0,1408.51498312691
2017-04-01,236900,47380.0,189520.0,fixed,5,0.039599999999999996,1039.403256895942,411.53316015680537,627.8700967391366,124079.14813259584,547100,423020.8518674042,2017,956.0,318.6666666666667,455.9166666666667,273550.0,227.95833333333334,1414.074826823472,0.0,0.0,1414.074826823472
2017-05-01,236900,47380.0,189520.0,fixed,5,0.039599999999999996,1039.403256895942,409.4611888375662,629.9420680583758,123449.20606453747,544800,421350.79393546254,2017,956.0,318.6666666666667,454.0,272400.0,227.0,1409.127855504233,0.0,0.0,1409.127855504233
2017-06-01,236900,47380.0,189520.0,fixed,5,0.039599999999999996,1039.403256895942,407.3823800129736,632.0208768829683,122817.18518765451,540600,417782.8148123455,2017,956.0,318.6666666666667,450.5,270300.0,225.25,1401.7990466796402,0.0,0.0,1401.7990466796402
2017-07-01,236900,47380.0,189520.0,fixed,5,0.039599999999999996,1039.403256895942,405.29671111925984,634.1065457766821,122183.07864187783,535500,413316.92135812214,2017,956.0,318.6666666666667,446.25,267750.0,223.125,1393.3383777859265,0.0,0.0,1393.3383777859265
2017-08-01,236900,47380.0,189520.0,fixed,5,0.039599999999999996,1039.403256895942,403.2041595181968,636.1990973777451,121546.87954450009,533900,412353.1204554999,2017,956.0,318.6666666666667,444.9166666666667,266950.0,222.45833333333334,1389.2458261848635,0.0,0.0,1389.2458261848635
2017-09-01,236900,47380.0,189520.0,fixed,5,0.039599999999999996,1039.403256895942,401.1047024968502,638.2985543990917,120908.58099010099,533400,412491.419009899,2017,956.0,318.6666666666667,444.5,266700.0,222.25,1386.521369163517,0.0,0.0,1386.521369163517
2017-10-01,236900,47380.0,189520.0,fixed,5,0.039599999999999996,1039.403256895942,398.9983172673332,640.4049396286086,120268.17605047238,534400,414131.82394952764,2017,956.0,318.6666666666667,445.3333333333333,267200.0,222.66666666666666,1385.664983934,0.0,0.0,1385.664983934
2017-11-01,236900,47380.0,189520.0,fixed,5,0.039599999999999996,1039.403256895942,396.88498096655877,642.5182759293832,119625.657774543,535600,415974.342225457,2017,956.0,318.6666666666667,446.3333333333333,267800.0,223.16666666666666,1385.0516476332255,0.0,0.0,1385.0516476332255
2017-12-01,236900,47380.0,189520.0,fixed,5,0.039599999999999996,1039.403256895942,394.76467065599184,644.6385862399501,118981.01918830305,536700,417718.98081169697,2017,956.0,318.6666666666667,447.25,268350.0,223.625,1384.3063373226585,0.0,0.0,1384.3063373226585
2018-01-01,236900,47380.0,189520.0,fixed,5,0.039599999999999996,1039.403256895942,392.6373633214,646.7658935745419,118334.2532947285,535100,416765.7467052715,2018,997.0,332.3333333333333,445.9166666666667,267550.0,222.95833333333334,1393.8456966547333,0.0,0.0,1393.8456966547333
2018-02-01,236900,47380.0,189520.0,fixed,5,0.039599999999999996,1039.403256895942,390.503035872604,648.900221023338,117685.35307370516,533300,415614.64692629484,2018,997.0,332.3333333333333,444.4166666666667,266650.0,222.20833333333334,1389.4613692059372,0.0,0.0,1389.4613692059372
2018-03-01,236900,47380.0,189520.0,fixed,5,0.039599999999999996,1039.403256895942,388.36166514322696,651.041591752715,117034.31148195245,532000,414965.68851804757,2018,997.0,332.3333333333333,443.3333333333333,266000.0,221.66666666666666,1385.6949984765604,0.0,0.0,1385.6949984765604
2018-04-01,236900,47380.0,189520.0,fixed,5,0.039599999999999996,1039.403256895942,386.213227890443,653.1900290054989,116381.12145294694,530600,414218.8785470531,2018,997.0,332.3333333333333,442.1666666666667,265300.0,221.08333333333334,1381.7965612237763,0.0,0.0,1381.7965612237763
2018-05-01,236900,47380.0,189520.0,fixed,5,0.039599999999999996,1039.403256895942,384.05770079472484,655.3455561012171,115725.77589684572,530300,414574.22410315427,2018,997.0,332.3333333333333,441.9166666666667,265150.0,220.95833333333334,1379.2660341280582,0.0,0.0,1379.2660341280582
2018-06-01,236900,47380.0,189520.0,fixed,5,0.039599999999999996,1039.403256895942,381.8950604595908,657.5081964363511,115068.26770040937,529600,414531.7322995906,2018,997.0,332.3333333333333,441.3333333333333,264800.0,220.66666666666666,1376.2283937929242,0.0,0.0,1376.2283937929242
2018-07-01,236900,47380.0,189520.0,fixed,5,0.039599999999999996,1039.403256895942,379.72528341135086,659.6779734845911,114408.58972692478,530100,415691.4102730752,2018,997.0,332.3333333333333,441.75,265050.0,220.875,1374.683616744684,0.0,0.0,1374.683616744684
2018-08-01,236900,47380.0,189520.0,fixed,5,0.039599999999999996,1039.403256895942,377.5483460988517,661.8549107970903,113746.73481612769,529600,415853.2651838723,2018,997.0,332.3333333333333,441.3333333333333,264800.0,220.66666666666666,1371.8816794321851,0.0,0.0,1371.8816794321851
2018-09-01,236900,47380.0,189520.0,fixed,5,0.039599999999999996,1039.403256895942,375.3642248932213,664.0390320027207,113082.69578412497,529100,416017.30421587505,2018,997.0,332.3333333333333,440.9166666666667,264550.0,220.45833333333334,1369.0725582265545,0.0,0.0,1369.0725582265545
2018-10-01,236900,47380.0,189520.0,fixed,5,0.039599999999999996,1039.403256895942,373.17289608761234,666.2303608083296,112416.46542331664,528600,416183.53457668336,2018,997.0,332.3333333333333,440.5,264300.0,220.25,1366.2562294209456,0.0,0.0,1366.2562294209456
2018-11-01,236900,47380.0,189520.0,fixed,5,0.039599999999999996,1039.403256895942,370.97433589694486,668.428920998997,111748.03650231764,525900,414151.96349768236,2018,997.0,332.3333333333333,438.25,262950.0,219.125,1360.6826692302782,0.0,0.0,1360.6826692302782
2018-12-01,236900,47380.0,189520.0,fixed,5,0.039599999999999996,1039.403256895942,368.76852045764815,670.6347364382938,111077.40176587935,524400,413322.59823412064,2018,997.0,332.3333333333333,437.0,262200.0,218.5,1356.6018537909815,0.0,0.0,1356.6018537909815
2019-01-01,236900,47380.0,189520.0,fixed,5,0.039599999999999996,1039.403256895942,366.5554258274018,672.8478310685401,110404.5539348108,519400,408995.4460651892,2019,1049.0,349.6666666666667,432.8333333333333,259700.0,216.41666666666666,1365.4720924940684,0.0,0.0,1365.4720924940684
2019-02-01,236900,47380.0,189520.0,fixed,5,0.039599999999999996,1039.403256895942,364.3350279848756,675.0682289110664,109729.48570589973,513500,403770.5142941003,2019,1049.0,349.6666666666667,427.9166666666667,256750.0,213.95833333333334,1355.8766946515423,0.0,0.0,1355.8766946515423
2019-03-01,236900,47380.0,189520.0,fixed,5,0.039599999999999996,1039.403256895942,362.10730282946906,677.2959540664729,109052.18975183326,510600,401547.81024816673,2019,1049.0,349.6666666666667,425.5,255300.0,212.75,1350.0239694961358,0.0,0.0,1350.0239694961358
2019-04-01,236900,47380.0,189520.0,fixed,5,0.039599999999999996,1039.403256895942,359.8722261810497,679.5310307148923,108372.65872111837,510700,402327.34127888165,2019,1049.0,349.6666666666667,425.5833333333333,255350.0,212.79166666666666,1347.9138928477164,0.0,0.0,1347.9138928477164
2019-05-01,236900,47380.0,189520.0,fixed,5,0.039599999999999996,1039.403256895942,357.62977377969054,681.7734831162513,107690.88523800211,511400,403709.1147619979,2019,1049.0,349.6666666666667,426.1666666666667,255700.0,213.08333333333334,1346.546440446357,0.0,0.0,1346.546440446357
2019-06-01,236900,47380.0,189520.0,fixed,5,0.039599999999999996,1039.403256895942,355.3799212854069,684.023335610535,107006.86190239158,514400,407393.1380976084,2019,1049.0,349.6666666666667,428.6666666666667,257200.0,214.33333333333334,1348.0465879520737,0.0,0.0,1348.0465879520737
2019-07-01,236900,47380.0,189520.0,fixed,5,0.039599999999999996,1039.403256895942,353.12264427789216,686.2806126180498,106320.58128977353,517200,410879.4187102265,2019,1049.0,349.6666666666667,431.0,258600.0,215.5,1349.2893109445588,0.0,0.0,1349.2893109445588
2019-08-01,236900,47380.0,189520.0,fixed,5,0.039599999999999996,1039.403256895942,350.8579182562526,688.5453386396894,105632.03595113385,519500,413867.9640488662,2019,1049.0,349.6666666666667,432.9166666666667,259750.0,216.45833333333334,1349.8995849229193,0.0,0.0,1349.8995849229193
2019-09-01,236900,47380.0,189520.0,fixed,5,0.039599999999999996,1039.403256895942,348.58571863874164,690.8175382572003,104941.21841287665,522300,417358.78158712335,2019,1049.0,349.6666666666667,435.25,261150.0,217.625,1351.1273853054083,0.0,0.0,1351.1273853054083
2019-10-01,236900,47380.0,189520.0,fixed,5,0.039599999999999996,1039.403256895942,346.3060207624929,693.0972361334491,104248.12117674321,525600,421351.8788232568,2019,1049.0,349.6666666666667,438.0,262800.0,219.0,1352.9726874291596,0.0,0.0,1352.9726874291596
2019-11-01,236900,47380.0,189520.0,fixed,5,0.039599999999999996,1039.403256895942,344.01879988325254,695.3844570126894,103552.73671973051,527800,424247.26328026946,2019,1049.0,349.6666666666667,439.8333333333333,263900.0,219.91666666666666,1353.4354665499193,0.0,0.0,1353.4354665499193
2019-12-01,236900,47380.0,189520.0,fixed,5,0.039599999999999996,1039.403256895942,341.72403117511067,697.6792257208313,102855.05749400968,529800,426944.94250599033,2019,1049.0,349.6666666666667,441.5,264900.0,220.75,1353.6406978417774,0.0,0.0,1353.6406978417774
2020-01-01,236900,47380.0,189520.0,fixed,5,0.0408,1045.272552081111,349.70719547963296,695.565356601478,102159.4921374082,531800,429640.50786259177,2020,1097.0,365.6666666666667,443.1666666666667,265900.0,221.58333333333334,1380.1238621462996,0.0,0.0,1380.1238621462996
2020-02-01,236900,47380.0,189520.0,fixed,5,0.0408,1045.272552081111,347.3422732671879,697.930278813923,101461.56185859429,534200,432738.4381414057,2020,1097.0,365.6666666666667,445.1666666666667,267100.0,222.58333333333334,1380.7589399338547,0.0,0.0,1380.7589399338547
2020-03-01,236900,47380.0,189520.0,fixed,5,0.0408,1045.272552081111,344.9693103192206,700.3032417618904,100761.25861683239,535300,434538.7413831676,2020,1097.0,365.6666666666667,446.0833333333333,267650.0,223.04166666666666,1379.7609769858873,0.0,0.0,1379.7609769858873
2020-04-01,236900,47380.0,189520.0,fixed,5,0.0408,1045.272552081111,342.58827929723014,702.6842727838807,100058.57434404851,528000,427941.4256559515,2020,1097.0,365.6666666666667,440.0,264000.0,220.0,1368.2549459638967,0.0,0.0,1368.2549459638967
2020-05-01,236900,47380.0,189520.0,fixed,5,0.0408,1045.272552081111,340.19915276976496,705.073399311346,99353.50094473717,531900,432546.49905526283,2020,1097.0,365.6666666666667,443.25,265950.0,221.625,1370.7408194364316,0.0,0.0,1370.7408194364316
2020-06-01,236900,47380.0,189520.0,fixed,5,0.0408,1045.272552081111,337.8019032121064,707.4706488690044,98646.03029586817,542500,443853.9697041318,2020,1097.0,365.6666666666667,452.0833333333333,271250.0,226.04166666666666,1381.5935698787732,0.0,0.0,1381.5935698787732
2020-07-01,236900,47380.0,189520.0,fixed,5,0.0408,1045.272552081111,335.3965030059518,709.8760490751591,97936.15424679301,555600,457663.845753207,2020,1097.0,365.6666666666667,463.0,277800.0,231.5,1395.5631696726184,0.0,0.0,1395.5631696726184
2020-08-01,236900,47380.0,189520.0,fixed,5,0.0408,1045.272552081111,332.9829244390963,712.2896276420147,97223.86461915099,568300,471076.135380849,2020,1097.0,365.6666666666667,473.5833333333333,284150.0,236.79166666666666,1409.024591105763,0.0,0.0,1409.024591105763
2020-09-01,236900,47380.0,189520.0,fixed,5,0.0408,1045.272552081111,330.5611397051134,714.7114123759975,96509.153206775,577200,480690.84679322504,2020,1097.0,365.6666666666667,481.0,288600.0,240.5,1417.7278063717802,0.0,0.0,1417.7278063717802
2020-10-01,236900,47380.0,189520.0,fixed,5,0.0408,1045.272552081111,328.131120903035,717.1414311780759,95792.01177559691,584200,488407.9882244031,2020,1097.0,365.6666666666667,486.8333333333333,292100.0,243.41666666666666,1424.0477875697018,0.0,0.0,1424.0477875697018
2020-11-01,236900,47380.0,189520.0,fixed,5,0.0408,1045.272552081111,325.6928400370295,719.5797120440814,95072.43206355283,592900,497827.56793644716,2020,1097.0,365.6666666666667,494.0833333333333,296450.0,247.04166666666666,1432.4845067036963,0.0,0.0,1432.4845067036963
2020-12-01,236900,47380.0,189520.0,fixed,5,0.0408,1045.272552081111,323.2462690160796,722.0262830650313,94350.4057804878,602700,508349.5942195122,2020,1097.0,365.6666666666667,502.25,301350.0,251.125,1442.2879356827464,0.0,0.0,1442.2879356827464
2021-01-01,236900,47380.0,189520.0,fixed,5,0.0408,1045.272552081111,320.7913796536585,724.4811724274524,93625.92460806035,616600,522974.07539193967,2021,1134.0,378.0,513.8333333333334,308300.0,256.9166666666667,1469.5413796536586,0.0,0.0,1469.5413796536586
2021-02-01,236900,47380.0,189520.0,fixed,5,0.0408,1045.272552081111,318.3281436674052,726.9444084137058,92898.98019964664,634600,541701.0198003533,2021,1134.0,378.0,528.8333333333334,317300.0,264.4166666666667,1489.5781436674054,0.0,0.0,1489.5781436674054
2021-03-01,236900,47380.0,189520.0,fixed,5,0.0408,1045.272552081111,315.8565326787986,729.4160194023123,92169.56418024433,654000,561830.4358197557,2021,1134.0,378.0,545.0,327000.0,272.5,1511.3565326787987,0.0,0.0,1511.3565326787987
2021-04-01,236900,47380.0,189520.0,fixed,5,0.0408,1045.272552081111,313.3765182128307,731.8960338682803,91437.66814637605,664600,573162.331853624,2021,1134.0,378.0,553.8333333333334,332300.0,276.9166666666667,1522.1265182128307,0.0,0.0,1522.1265182128307
2021-05-01,236900,47380.0,189520.0,fixed,5,0.0408,1045.272552081111,310.8880716976786,734.3844803834323,90703.28366599261,676200,585496.7163340074,2021,1134.0,378.0,563.5,338100.0,281.75,1534.1380716976787,0.0,0.0,1534.1380716976787
2021-06-01,236900,47380.0,189520.0,fixed,5,0.0408,1045.272552081111,308.3911644643749,736.881387616736,89966.40227837587,685500,595533.5977216242,2021,1134.0,378.0,571.25,342750.0,285.625,1543.266164464375,0.0,0.0,1543.266164464375
2021-07-01,236900,47380.0,189520.0,fixed,5,0.0408,1045.272552081111,305.885767746478,739.3867843346329,89227.01549404123,693100,603872.9845059587,2021,1134.0,378.0,577.5833333333334,346550.0,288.7916666666667,1550.2607677464782,0.0,0.0,1550.2607677464782
2021-08-01,236900,47380.0,189520.0,fixed,5,0.0408,1045.272552081111,303.3718526797402,741.9006994013707,88485.11479463986,702600,614114.8852053601,2021,1134.0,378.0,585.5,351300.0,292.75,1559.6218526797402,0.0,0.0,1559.6218526797402
2021-09-01,236900,47380.0,189520.0,fixed,5,0.0408,1045.272552081111,300.84939030177554,744.4231617793354,87740.69163286051,716800,629059.3083671394,2021,1134.0,378.0,597.3333333333334,358400.0,298.6666666666667,1574.8493903017757,0.0,0.0,1574.8493903017757
2021-10-01,236900,47380.0,189520.0,fixed,5,0.0408,1045.272552081111,298.31835155172575,746.9542005293852,86993.73743233112,733200,646206.2625676689,2021,1134.0,378.0,611.0,366600.0,305.5,1592.8183515517258,0.0,0.0,1592.8183515517258
2021-11-01,236900,47380.0,189520.0,fixed,5,0.0408,1045.272552081111,295.77870726992586,749.493844811185,86244.24358751994,750300,664055.75641248,2021,1134.0,378.0,625.25,375150.0,312.625,1611.653707269926,0.0,0.0,1611.653707269926
2021-12-01,236900,47380.0,189520.0,fixed,5,0.0408,1045.272552081111,293.23042819756785,752.0421238835431,85492.2014636364,766400,680907.7985363636,2021,1134.0,378.0,638.6666666666666,383200.0,319.3333333333333,1629.2304281975678,0.0,0.0,1629.2304281975678
2022-01-01,236900,47380.0,189520.0,fixed,5,0.0408,1045.272552081111,290.6734849763638,754.5990671047471,84737.60239653166,801800,717062.3976034684,2022,1214.0,404.6666666666667,668.1666666666666,400900.0,334.0833333333333,1697.5901516430304,0.0,0.0,1697.5901516430304
2022-02-01,236900,47380.0,189520.0,fixed,5,0.0408,1045.272552081111,288.10784814820767,757.1647039329032,83980.43769259876,827600,743619.5623074012,2022,1214.0,404.6666666666667,689.6666666666666,413800.0,344.8333333333333,1727.2745148148742,0.0,0.0,1727.2745148148742
2022-03-01,236900,47380.0,189520.0,fixed,5,0.0408,1045.272552081111,285.5334881548358,759.7390639262751,83220.69862867249,826900,743679.3013713275,2022,1214.0,404.6666666666667,689.0833333333334,413450.0,344.5416666666667,1723.8251548215028,0.0,0.0,1723.8251548215028
2022-04-01,236900,47380.0,189520.0,fixed,5,0.0408,1045.272552081111,282.9503753374865,762.3221767436244,82458.37645192887,808700,726241.6235480711,2022,1214.0,404.6666666666667,673.9166666666666,404350.0,336.9583333333333,1698.492042004153,0.0,0.0,1698.492042004153
2022-05-01,236900,47380.0,189520.0,fixed,5,0.0408,1045.272552081111,280.3584799365582,764.9140721445527,81693.46237978431,791600,709906.5376202157,2022,1214.0,404.6666666666667,659.6666666666666,395800.0,329.8333333333333,1674.5251466032248,0.0,0.0,1674.5251466032248
2022-06-01,236900,47380.0,189520.0,fixed,5,0.0408,1045.272552081111,277.75777209126665,767.5147799898443,80925.94759979447,770800,689874.0524002055,2022,1214.0,404.6666666666667,642.3333333333334,385400.0,321.1666666666667,1645.9244387579336,0.0,0.0,1645.9244387579336
2022-07-01,236900,47380.0,189520.0,fixed,5,0.0408,1045.272552081111,275.1482218393012,770.1243302418097,80155.82326955265,751500,671344.1767304473,2022,1214.0,404.6666666666667,626.25,375750.0,313.125,1619.189888505968,0.0,0.0,1619.189888505968
2022-08-01,236900,47380.0,189520.0,fixed,5,0.0408,1045.272552081111,272.529799116479,772.7427529646319,79383.08051658802,736800,657416.9194834119,2022,1214.0,404.6666666666667,614.0,368400.0,307.0,1598.1964657831456,0.0,0.0,1598.1964657831456
2022-09-01,236900,47380.0,189520.0,fixed,5,0.0408,1045.272552081111,269.9024737563993,775.3700783247116,78607.7104382633,726500,647892.2895617367,2022,1214.0,404.6666666666667,605.4166666666666,363250.0,302.7083333333333,1582.6941404230658,0.0,0.0,1582.6941404230658
2022-10-01,236900,47380.0,189520.0,fixed,5,0.0408,1045.272552081111,267.26621549009525,778.0063365910157,77829.70410167228,718400,640570.2958983277,2022,1214.0,404.6666666666667,598.6666666666666,359200.0,299.3333333333333,1569.9328821567617,0.0,0.0,1569.9328821567617
2022-11-01,236900,47380.0,189520.0,fixed,5,0.0408,1045.272552081111,264.62099394568577,780.6515581354251,77049.05254353685,711500,634450.9474564631,2022,1214.0,404.6666666666667,592.9166666666666,355750.0,296.4583333333333,1558.6626606123525,0.0,0.0,1558.6626606123525
2022-12-01,236900,47380.0,189520.0,fixed,5,0.0408,1045.272552081111,261.9667786480253,783.3057734330856,76265.74677010377,703500,627234.2532298962,2022,1214.0,404.6666666666667,586.25,351750.0,293.125,1546.008445314692,0.0,0.0,1546.008445314692
2023-01-01,236900,47380.0,189520.0,fixed,5,0.0408,1045.272552081111,259.3035390183528,785.9690130627581,75479.77775704101,696600,621120.222242959,2023,1314.0,438.0,580.5,348300.0,290.25,1568.0535390183527,0.0,0.0,1568.0535390183527
2023-02-01,236900,47380.0,189520.0,fixed,5,0.0408,1045.272552081111,256.63124437393947,788.6413077071714,74691.13644933383,695000,620308.8635506661,2023,1314.0,438.0,579.1666666666666,347500.0,289.5833333333333,1563.3812443739394,0.0,0.0,1563.3812443739394
2023-03-01,236900,47380.0,189520.0,fixed,5,0.0408,1045.272552081111,253.94986392773504,791.3226881533759,73899.81376118046,698400,624500.1862388195,2023,1314.0,438.0,582.0,349200.0,291.0,1564.949863927735,0.0,0.0,1564.949863927735
2023-04-01,236900,47380.0,189520.0,fixed,5,0.0408,1045.272552081111,251.25936678801358,794.0131852930973,73105.80057588736,710800,637694.1994241127,2023,1314.0,438.0,592.3333333333334,355400.0,296.1666666666667,1577.7593667880137,0.0,0.0,1577.7593667880137
2023-05-01,236900,47380.0,189520.0,fixed,5,0.0408,1045.272552081111,248.55972195801704,796.7128301230939,72309.08774576426,722400,650090.9122542357,2023,1314.0,438.0,602.0,361200.0,301.0,1589.559721958017,0.0,0.0,1589.559721958017
2023-06-01,236900,47380.0,189520.0,fixed,5,0.0408,1045.272552081111,245.85089833559852,799.4216537455125,71509.66609201876,731300,659790.3339079813,2023,1314.0,438.0,609.4166666666666,365650.0,304.7083333333333,1597.9758983355985,0.0,0.0,1597.9758983355985
2023-07-01,236900,47380.0,189520.0,fixed,5,0.0408,1045.272552081111,243.13286471286378,802.1396873682471,70707.5264046505,736100,665392.4735953495,2023,1314.0,438.0,613.4166666666666,368050.0,306.7083333333333,1601.2578647128637,0.0,0.0,1601.2578647128637
2023-08-01,236900,47380.0,189520.0,fixed,5,0.0408,1045.272552081111,240.40558977581173,804.8669623052992,69902.6594423452,735400,665497.3405576549,2023,1314.0,438.0,612.8333333333334,367700.0,306.4166666666667,1597.655589775812,0.0,0.0,1597.655589775812
2023-09-01,236900,47380.0,189520.0,fixed,5,0.0408,1045.272552081111,237.6690421039737,807.6035099771373,69095.05593236806,730100,661004.944067632,2023,1314.0,438.0,608.4166666666666,365050.0,304.2083333333333,1588.2940421039737,0.0,0.0,1588.2940421039737
2023-10-01,236900,47380.0,189520.0,fixed,5,0.0408,1045.272552081111,234.92319017005144,810.3493619110595,68284.706570457,722500,654215.293429543,2023,1314.0,438.0,602.0833333333334,361250.0,301.0416666666667,1576.0481901700516,0.0,0.0,1576.0481901700516
2023-11-01,236900,47380.0,189520.0,fixed,5,0.0408,1045.272552081111,232.16800233955382,813.1045497415571,67471.60202071544,712600,645128.3979792845,2023,1314.0,438.0,593.8333333333334,356300.0,296.9166666666667,1560.918002339554,0.0,0.0,1560.918002339554
2023-12-01,236900,47380.0,189520.0,fixed,5,0.0408,1045.272552081111,229.4034468704325,815.8691052106784,66655.73291550476,706600,639944.2670844953,2023,1314.0,438.0,588.8333333333334,353300.0,294.4166666666667,1550.6534468704326,0.0,0.0,1550.6534468704326
2024-01-01,236900,47380.0,189520.0,fixed,5,0.0408,1045.272552081111,226.62949191271622,818.6430601683946,65837.08985533637,702200,636362.9101446636,2024,1402.0,467.3333333333333,585.1666666666666,351100.0,292.5833333333333,1571.7128252460495,0.0,0.0,1571.7128252460495
2024-02-01,236900,47380.0,189520.0,fixed,5,0.0408,1045.272552081111,223.84610550814367,821.4264465729673,65015.6634087634,703700,638684.3365912366,2024,1402.0,467.3333333333333,586.4166666666666,351850.0,293.2083333333333,1570.804438841477,0.0,0.0,1570.804438841477
2024-03-01,236900,47380.0,189520.0,fixed,5,0.0408,1045.272552081111,221.05325558979558,824.2192964913154,64191.44411227209,705100,640908.5558877279,2024,1402.0,467.3333333333333,587.5833333333334,352550.0,293.7916666666667,1569.761588923129,0.0,0.0,1569.761588923129
2024-04-01,236900,47380.0,189520.0,fixed,5,0.0408,1045.272552081111,218.25090998172513,827.0216420993858,63364.4224701727,703700,640335.5775298272,2024,1402.0,467.3333333333333,586.4166666666666,351850.0,293.2083333333333,1565.2092433150583,0.0,0.0,1565.2092433150583
2024-05-01,236900,47380.0,189520.0,fixed,5,0.0408,1045.272552081111,215.4390363985872,829.8335156825237,62534.58895449017,701900,639365.4110455099,2024,1402.0,467.3333333333333,584.9166666666666,350950.0,292.4583333333333,1560.1473697319204,0.0,0.0,1560.1473697319204
2024-06-01,236900,47380.0,189520.0,fixed,5,0.0408,1045.272552081111,212.6176024452666,832.6549496358443,61701.93400485433,703700,641998.0659951457,2024,1402.0,467.3333333333333,586.4166666666666,351850.0,293.2083333333333,1559.5759357785998,0.0,0.0,1559.5759357785998
2024-07-01,236900,47380.0,189520.0,fixed,5,0.0408,1045.272552081111,209.78657561650473,835.4859764646062,60866.44802838973,703900,643033.5519716103,2024,1402.0,467.3333333333333,586.5833333333334,351950.0,293.2916666666667,1556.9949089498382,0.0,0.0,1556.9949089498382
2024-08-01,236900,47380.0,189520.0,fixed,5,0.0408,1045.272552081111,206.94592329652508,838.3266287845859,60028.121399605145,703300,643271.8786003948,2024,1402.0,467.3333333333333,586.0833333333334,351650.0,293.0416666666667,1553.4042566298585,0.0,0.0,1553.4042566298585
2024-09-01,236900,47380.0,189520.0,fixed,5,0.0408,1045.272552081111,204.0956127586575,841.1769393224534,59186.94446028269,702100,642913.0555397173,2024,1402.0,467.3333333333333,585.0833333333334,351050.0,292.5416666666667,1549.053946091991,0.0,0.0,1549.053946091991
2024-10-01,236900,47380.0,189520.0,fixed,5,0.0408,1045.272552081111,201.23561116496117,844.0369409161498,58342.90751936654,700000,641657.0924806334,2024,1402.0,467.3333333333333,583.3333333333334,350000.0,291.6666666666667,1543.5689444982947,0.0,0.0,1543.5689444982947
2024-11-01,236900,47380.0,189520.0,fixed,5,0.0408,1045.272552081111,198.36588556584624,846.9066665152646,57496.00085285128,701300,643803.9991471487,2024,1402.0,467.3333333333333,584.4166666666666,350650.0,292.2083333333333,1542.3242188991794,0.0,0.0,1542.3242188991794
2024-12-01,236900,47380.0,189520.0,fixed,5,0.0408,1045.272552081111,195.48640289969435,849.7861491814166,56646.21470366986,700400,643753.7852963301,2024,1402.0,467.3333333333333,583.6666666666666,350200.0,291.8333333333333,1538.3197362330277,0.0,0.0,1538.3197362330277
2025-01-01,236900,47380.0,189520.0,fixed,5,0.053099999999999994,1077.0477661807868,250.65950006373907,826.3882661170477,55819.82643755281,700400,644580.1735624472,2025,1488.0,496.0,583.6666666666666,350200.0,291.8333333333333,1622.159500063739,0.0,0.0,1622.159500063739
2025-02-01,236900,47380.0,189520.0,fixed,5,0.053099999999999994,1077.0477661807868,247.00273198617114,830.0450341946156,54989.781403358196,694900,639910.2185966418,2025,1488.0,496.0,579.0833333333334,347450.0,289.5416666666667,1611.6277319861713,0.0,0.0,1611.6277319861713
2025-03-01,236900,47380.0,189520.0,fixed,5,0.053099999999999994,1077.0477661807868,243.32978270985998,833.7179834709268,54156.06341988727,690700,636543.9365801127,2025,1488.0,496.0,575.5833333333334,345350.0,287.7916666666667,1602.7047827098602,0.0,0.0,1602.7047827098602
2025-04-01,236900,47380.0,189520.0,fixed,5,0.053099999999999994,1077.0477661807868,239.64058063300115,837.4071855477856,53318.65623433948,685400,632081.3437656605,2025,1488.0,496.0,571.1666666666666,342700.0,285.5833333333333,1592.390580633001,0.0,0.0,1592.390580633001
2025-05-01,236900,47380.0,189520.0,fixed,5,0.053099999999999994,1077.0477661807868,235.93505383695216,841.1127123438346,52477.54352199565,684500,632022.4564780043,2025,1488.0,496.0,570.4166666666666,342250.0,285.2083333333333,1587.560053836952,0.0,0.0,1587.560053836952
2025-06-01,236900,47380.0,189520.0,fixed,5,0.053099999999999994,1077.0477661807868,232.2131300848307,844.8346360959561,51632.708885899694,681300,629667.2911141003,2025,1488.0,496.0,567.75,340650.0,283.875,1579.8381300848307,0.0,0.0,1579.8381300848307
2025-07-01,236900,47380.0,189520.0,fixed,5,0.053099999999999994,1077.0477661807868,228.4747368201061,848.5730293606807,50784.13585653901,680200,629415.864143461,2025,1488.0,496.0,566.8333333333334,340100.0,283.4166666666667,1574.7247368201063,0.0,0.0,1574.7247368201063
2025-08-01,236900,47380.0,189520.0,fixed,5,0.053099999999999994,1077.0477661807868,224.7198011651851,852.3279650156016,49931.80789152341,678600,628668.1921084765,2025,1488.0,496.0,565.5,339300.0,282.75,1568.9698011651851,0.0,0.0,1568.9698011651851
2025-09-01,236900,47380.0,189520.0,fixed,5,0.053099999999999994,1077.0477661807868,220.94824991999104,856.0995162607958,49075.70837526261,677600,628524.2916247374,2025,1488.0,496.0,564.6666666666666,338800.0,282.3333333333333,1563.948249919991,0.0,0.0,1563.948249919991
2025-10-01,236900,47380.0,189520.0,fixed,5,0.053099999999999994,1077.0477661807868,217.16000956053702,859.8877566202498,48215.82061864236,677000,628784.1793813576,2025,1488.0,496.0,564.1666666666666,338500.0,282.0833333333333,1559.410009560537,0.0,0.0,1559.410009560537
2025-11-01,236900,47380.0,189520.0,fixed,5,0.053099999999999994,1077.0477661807868,213.35500623749243,863.6927599432943,47352.12785869907,673800,626447.8721413009,2025,1488.0,496.0,561.5,336900.0,280.75,1551.6050062374925,0.0,0.0,1551.6050062374925
2025-12-01,236900,47380.0,189520.0,fixed,5,0.053099999999999994,1077.0477661807868,209.53316577474334,867.5146004060434,46484.61325829302,671100,624615.386741707,2025,1488.0,496.0,559.25,335550.0,279.625,1544.4081657747433,0.0,40266.0,41810.408165774745
