date,canada_house_index_2010,canada_house_real_index,tsx_cad,tsx_real,tsx_real_index,sp500_usd,usd_cad,sp500_cad,sp500_real,sp500_real_index
1990-01-01,69.7457,100.0,3694.99,3694.99,100.0,329.0799866,1.1720380952380953,385.6942806756419,385.6942806756419,100.0
1990-02-01,69.7457,100.0,3677.34,3653.523031088083,98.87775152539203,331.8900146,1.196478947368421,397.09941531069785,394.5275279058358,102.29021991581526
1990-03-01,67.5219,96.81155970905733,3630.26,3592.786348387097,97.23399382372068,339.9400024,1.1799863636363637,401.1245672865128,396.98392659194235,102.92709705119914
1990-04-01,67.5219,96.81155970905733,3332.42,3298.020825806452,89.2565561965378,330.7999878,1.164095238095238,385.0826905599428,381.1076434315821,98.81081014838355
1990-05-01,67.5219,96.81155970905733,3572.9,3517.8617458279846,95.20625890267591,361.230011,1.1746999999999999,424.3368939216999,417.80025370724496,108.32420252002733
1990-06-01,62.4101,89.48236235352144,3534.9,3467.095012787724,93.83232465548551,358.019989,1.1730476190476191,419.9744956679048,411.91871889678134,106.7992810718377
1990-07-01,62.4101,89.48236235352144,3552.06,3470.61149044586,93.92749345589189,356.1499939,1.1570285714285713,412.0757186564114,402.626848674481,104.39015273163434
1990-08-01,62.4101,89.48236235352144,3337.8,3257.1152671755726,88.1495015460278,322.5599976,1.144808695652174,369.2694901220243,360.3431284015174,93.42713813912006
1990-09-01,62.1317,89.08319796059112,3151.38,3067.39652284264,83.01501554382124,306.0499878,1.1583368421052633,354.50897639460635,345.06140215058764,89.46500361533093
1990-10-01,62.1317,89.08319796059112,3073.48,2965.231647798742,80.250058803914,304.0,1.1600227272727273,352.6469090909091,340.2266405946255,88.21148190183992
1990-11-01,62.1317,89.08319796059112,3143.0,3013.35125,81.55235196847624,322.2200012,1.16348,374.896526996176,359.43204525758375,93.19091914662225
1990-12-01,61.7145,88.48502488325445,3248.53,3118.426170212766,84.39606521838398,330.2200012,1.160265,383.142709692318,367.79782019275086,95.35993625533135
1991-01-01,61.7145,88.48502488325445,3264.59,3053.5860121951223,82.64125240379873,343.9299927,1.1560333333333335,397.59453589429006,371.8963524767323,96.42257381293314
1991-02-01,61.7145,88.48502488325445,3453.61,3230.3888658536584,87.42618696812869,367.0700073,1.1548947368421052,423.9272194833631,396.52704554114575,102.80864026464886
1991-03-01,62.8823,90.1593933389442,3486.82,3249.563718104496,87.94512889356929,375.2200012,1.1571571428571428,434.1885045314457,404.64469377353447,104.91332489159448
1991-04-01,62.8823,90.1593933389442,3459.99,3224.5593317132443,87.26841836414292,375.3399963,1.1535136363636362,432.9598040047268,403.4995986289495,104.61643297435394
1991-05-01,62.8823,90.1593933389442,3537.09,3280.469201934704,88.78154479267073,389.8299866,1.1498545454545455,448.24778204649454,415.7267821398565,107.78660793507359
1991-06-01,64.6421,92.68255964166967,3457.0,3190.7569193742484,86.35360094003633,371.1600037,1.143895,424.56807243241155,391.86968899598037,101.6011148284389
1991-07-01,64.6421,92.68255964166967,3537.96,3261.5568749999998,88.26970776646216,387.8099976,1.1493318181818182,445.72236965069453,410.900309521734,106.53523531692959
1991-08-01,64.6421,92.68255964166967,3517.9,3239.170828331333,87.66385912631247,395.4299927,1.1451500000000001,452.8266561404051,416.94843368510294,108.10334883750711
1991-09-01,60.6376,86.94098704292881,3387.9,3126.9787003610113,84.62752809509665,387.8599854,1.136955,440.979349700457,407.01704117960355,105.52840982412532
1991-10-01,60.6376,86.94098704292881,3515.8,3248.9380722891574,87.92819661999512,392.4500122,1.127940909090909,442.6604235336063,409.0608974099712,106.05832596049822
1991-11-01,60.6376,86.94098704292881,3448.5,3175.2695078031215,85.9344547022623,375.2200012,1.1301736842105263,424.06377114568215,390.4644807547878,101.23678268466665
1991-12-01,61.4683,88.13202821105818,3512.4,3249.7114595898674,87.94912732077401,417.0899963,1.146652380952381,478.25723732881477,442.4889035358274,114.72529557884425
1992-01-01,61.4683,88.13202821105818,3596.1,3311.174909963986,89.61255402488196,408.7799988,1.157057142857143,472.9818174686743,435.5066674651539,112.91499233596436
1992-02-01,61.4683,88.13202821105818,3581.9,3298.1,89.2586989409985,412.7000122,1.182457894736842,488.00038758388104,449.33529084854354,116.5003769465853
1992-03-01,62.2387,89.23661243632223,3412.1,3130.479306220096,84.72226734632831,403.6900024,1.1928363636363637,481.53611449917094,441.79210504888056,114.5446347493069
1992-04-01,62.2387,89.23661243632223,3355.6,3074.964396654719,83.2198300037272,414.9500122,1.1874318181818182,492.7248474412136,451.517273581136,117.06610551501784
1992-05-01,62.2387,89.23661243632223,3387.9,3100.8583532219573,83.92061556924261,415.3500061,1.1990750000000001,498.0358085643575,455.83945724207905,118.18672977041817
1992-06-01,62.3972,89.46386658962487,3387.7,3093.292738095238,83.71586223765797,408.1400146,1.1960454545454544,488.1540092804454,445.7311013310734,115.56590897595413
1992-07-01,62.3972,89.46386658962487,3443.4,3136.6838479809976,84.890185033816,424.2099915,1.192404347826087,505.82983825586746,460.77373627345645,119.4660536490958
1992-08-01,62.3972,89.46386658962487,3402.9,3099.791330166271,83.8917380064972,414.0299988,1.1907476190476192,493.0052352853886,449.09146729678514,116.4371601544329
1992-09-01,62.2764,89.2906659478649,3297.9,3004.14406175772,81.30317163937441,417.7999878,1.2224761904761905,510.75053746674286,465.2561309227931,120.62821624105453
1992-10-01,62.2764,89.2906659478649,3336.1,3035.3365361803085,82.1473545579368,418.6799927,1.245304761904762,521.3841886235609,474.3792083917809,122.9935812272831
1992-11-01,62.2764,89.2906659478649,3282.8,2972.7362455726093,80.45316078183187,431.3500061,1.2674315789473685,546.70661931028,495.0696304734176,128.35804295728133
1992-12-01,63.3468,90.82538421723491,3350.4,3033.9513577331763,82.10986654180867,435.7099915,1.2724681818181818,554.4271006840204,502.06090463358163,130.17068953008427
1993-01-01,63.3468,90.82538421723491,3305.5,2982.727647058824,80.72356480149674,438.7799988,1.2779105263157895,560.7215792033495,505.9687661752577,131.18389136829418
1993-02-01,63.3468,90.82538421723491,3451.7,3103.6974208675265,83.9974511667833,443.3800049,1.2602263157894735,558.7591500698458,502.4246988318543,130.2650114364489
1993-03-01,63.4415,90.96116319715767,3602.4,3243.005633802817,87.7676430464715,451.6700134,1.2470739130434783,563.2658910151383,507.07152395376886,131.4698063620502
1993-04-01,63.4415,90.96116319715767,3789.4,3411.349530516432,92.32364716863732,440.1900024,1.2620545454545455,555.5437933925673,500.1198233944825,129.66742014384945
1993-05-01,63.4415,90.96116319715767,3882.6,3487.065807962529,94.37280771971045,450.1900024,1.269805,571.653515997532,513.4171507846687,133.1150542044045
1993-06-01,63.3176,90.78351783694191,3966.4,3562.328805620609,96.4097008549579,450.5299988,1.2789227272727273,576.1930547834745,517.4942307013173,134.17212974866885
1993-07-01,63.3176,90.78351783694191,3967.2,3554.7224299065424,96.20384439217813,448.1300049,1.2819666666666667,574.48772861497,514.7571119715911,133.46246956783045
1993-08-01,63.3176,90.78351783694191,4137.6,3703.0795799299885,100.21893374352811,463.5599976,1.3080136363636363,606.3427981334945,542.6661915617157,140.6985321667455
1993-09-01,61.6801,88.43570284619697,3990.6,3571.51715285881,96.65837127729195,458.9299927,1.3214761904761905,606.465058448462,542.7756124036993,140.7269020045849
1993-10-01,61.6801,88.43570284619697,4255.5,3799.730500582072,102.83466262647727,467.8299866,1.32629,620.478232927714,554.0242196223011,143.64335884156395
1993-11-01,61.6801,88.43570284619697,4180.2,3715.1951332560834,100.54682511335847,461.7900085,1.3174350000000001,608.3783198481975,540.7024001431837,140.18937465082593
1993-12-01,62.1264,89.0755989258119,4321.4,3849.609523809524,104.18457218583879,466.4500122,1.3307608695652173,620.7334238439782,552.9646179887704,143.36863305831548
1994-01-01,62.1264,89.0755989258119,4554.9,4057.6170731707316,109.81402042145531,481.6099854,1.31725,634.4007532681501,565.139811564078,146.52532844772585
1994-02-01,62.1264,89.0755989258119,4423.8,3973.131850117096,107.5275399965114,467.1400146,1.3424263157894736,627.1010487573188,563.2160473031189,146.02654888128038
1994-03-01,65.273,93.58713153642447,4329.6,3888.5283372365343,105.23785821440748,445.769989,1.3644391304347827,608.2260161650827,546.2638810288272,141.63131485172835
1994-04-01,65.273,93.58713153642447,4267.1,3832.3954332552694,103.71869567320262,450.9100037,1.3829714285714285,623.5956519741371,560.0677576863737,145.210283311765
1994-05-01,65.273,93.58713153642447,4326.8,3895.135680751174,105.41667719672243,456.5,1.3808380952380952,630.3525904761905,567.4653015202325,147.12826452240162
1994-06-01,64.9563,93.1330533638633,4025.3,3615.2284543325527,97.84135963378935,444.269989,1.3836318181818184,614.7060926436865,552.0838092010626,143.14026338009137
1994-07-01,64.9563,93.1330533638633,4179.0,3740.131855309218,101.22170439728437,458.2600098,1.3825749999999999,633.578833049235,567.0419661012406,147.0185052025978
1994-08-01,64.9563,93.1330533638633,4349.5,3888.1893939393944,105.22868516394888,475.4899902,1.3783173913043478,655.376122883794,585.8665340930886,151.89920189295884
1994-09-01,63.5844,91.16605038016681,4354.2,3887.859604190919,105.2197598421354,462.7099915,1.3540142857142858,626.5159386337358,559.4152793155708,145.04111347868894
1994-10-01,63.5844,91.16605038016681,4291.7,3840.9963827304546,103.95146895473208,472.3500061,1.35027,637.800042736647,570.819874887991,147.99801383833184
1994-11-01,63.5844,91.16605038016681,4093.4,3642.271229698376,98.57323645526446,453.6900024,1.364665,619.134867125196,550.9007460383125,142.8335273920239
1994-12-01,64.1443,91.96882388448321,4213.6,3744.879721900348,101.35019910474314,459.269989,1.389252380952381,638.0419257182238,567.0662306209474,147.02479633029205
1995-01-01,64.1443,91.96882388448321,4017.5,3558.2245958429567,96.29862586483202,470.4200134,1.4132250000000002,664.8093234372151,588.8091813814596,152.6621500194429
1995-02-01,64.1443,91.96882388448321,4124.8,3636.4616091954026,98.4160067874447,487.3900146,1.4004894736842106,682.5845850260937,601.7728467988666,156.02327463728733
1995-03-01,61.7928,88.59728986876611,4313.6,3794.187155963303,102.68463936203625,500.7099915,1.4076956521739132,704.847278034587,619.9746126749177,160.74249573752405
1995-04-01,61.7928,88.59728986876611,4279.5,3751.287428571429,101.52361518086461,514.710022,1.3762,708.3439322764,620.9140526354272,160.9860668786008
1995-05-01,61.7928,88.59728986876611,4448.6,3890.6228050171044,105.2945422049073,533.4000244,1.3608727272727272,725.8895459325672,634.8429666251757,164.59745410616054
1995-06-01,59.7398,85.65373922693442,4527.2,3959.364196123147,107.1549367149342,544.75,1.3775090909090908,750.3980772727272,656.2774518451332,170.15483109977566
1995-07-01,59.7398,85.65373922693442,4615.1,4027.055403868032,108.98690940619684,562.0599976,1.36117,765.059206933192,667.5772602022278,173.0845629945033
1995-08-01,59.7398,85.65373922693442,4516.7,3950.1811858608894,106.90641073077029,561.8800049,1.355217391304348,761.4695544666523,665.9602602918156,172.6653190514561
1995-09-01,60.1995,86.31284796051943,4529.8,3957.12596810934,107.09436204453438,584.4099731,1.350935,789.4998870098485,689.6883978776241,178.81737750154318
1995-10-01,60.1995,86.31284796051943,4459.2,3899.8932725199543,105.54543510320609,581.5,1.3458190476190477,782.5937761904762,684.4349217082043,177.45529451700503
1995-11-01,60.1995,86.31284796051943,4661.2,4062.6595454545454,109.95048824095723,605.3699951,1.3533714285714287,819.2904550827658,714.0861125550924,185.14303901633917
1995-12-01,60.2732,86.41851755735479,4713.5,4117.601936218679,111.43743112210531,615.9299927,1.3693,843.39293900411,736.7680913623603,191.02385704857306
1996-01-01,60.2732,86.41851755735479,4968.4,4330.4122727272725,117.19686041713977,636.0200195,1.3668666666666667,869.3545639872333,757.7215347479637,196.4565130238958
1996-02-01,60.2732,86.41851755735479,4933.7,4295.287060158911,116.24624316057448,640.4299927,1.37522,880.732134560894,766.7667959230484,198.80170236900088
1996-03-01,59.296,85.01742759768702,4970.8,4308.026666666667,116.59102370146243,645.5,1.3656,881.4947999999999,763.9621599999999,198.07453682272015
1996-04-01,59.296,85.01742759768702,5146.5,4450.242953776776,120.43991874881328,654.1699829,1.3591863636363637,889.1389202579132,768.8495511136634,199.34170394407388
1996-05-01,59.296,85.01742759768702,5246.4,4521.3357303370785,122.36395038517232,669.1199951,1.36925,916.192553290675,789.5726835662334,204.71464658047185
1996-06-01,60.0922,86.1590033507442,5044.1,4346.994044943821,117.64562407324028,670.6300049,1.3658,915.9464606924199,789.3606015180743,204.65965949386336
1996-07-01,60.0922,86.1590033507442,4929.2,4247.973483146067,114.96576399790169,639.9500122,1.369731818181818,876.5598937561826,755.4173466415641,195.85909993745773
1996-08-01,60.0922,86.1590033507442,5143.4,4432.570561797753,119.961638916418,651.9899902,1.3722409090909091,894.6873368702209,771.0395363814151,199.90950735145535
1996-09-01,59.1753,84.84437033394173,5291.1,4554.740404040405,123.26800354102193,687.3300171,1.3693849999999999,941.2194154664834,810.2304059066138,210.0706301600554
1996-10-01,59.1753,84.84437033394173,5598.8,4808.823740201568,130.14443179011496,705.2700195,1.3508363636363636,952.7043885231272,818.2802530764151,212.1577358220061
1996-11-01,59.1753,84.84437033394173,6016.7,5144.714492753623,139.23486918107014,757.0200195,1.3380578947368422,1012.9366135658132,866.1342058026519,224.56495965804754
1996-12-01,59.16,84.82243349769233,5927.0,5068.014492753623,137.15908548476784,740.7399902,1.3621571428571428,1009.0042686508599,862.7717659478368,223.69317077672815
1997-01-01,59.16,84.82243349769233,6109.6,5212.528587319243,141.07016764102863,786.1599731,1.3494380952380953,1060.8742166524962,905.1062560316625,234.66934859550886
1997-02-01,59.16,84.82243349769233,6157.8,5241.989567147615,141.8674899566065,790.8200073,1.3555842105263158,1072.023115264186,912.5879349696233,236.60914374229063
1997-03-01,59.5255,85.34648014142807,5850.2,4974.6157427937915,134.63137228500733,757.1199951,1.3724761904761904,1039.1291666082,883.6053999872388,229.0947634586073
1997-04-01,59.5255,85.34648014142807,5976.6,5082.0977827051,137.5402310345928,801.3400269,1.394159090909091,1117.1954834119706,949.9877336773629,246.30589077266512
1997-05-01,59.5255,85.34648014142807,6382.1,5420.897785160576,146.70940341274473,848.2800293,1.3803999999999998,1170.96575244572,994.6076767728321,257.8746241791615
1997-06-01,60.8449,87.23820966740603,6437.7,5456.039668508288,147.66047184182605,885.1400146,1.3842714285714286,1225.274032496077,1038.4366662149073,269.23828489129284
1997-07-01,60.8449,87.23820966740603,6877.7,5828.945745856354,157.7526798680471,954.3099976,1.3775318181818184,1314.5923861030146,1114.1352045757042,288.8648498038426
1997-08-01,60.8449,87.23820966740603,6611.8,5597.406843267109,151.48638679041377,899.4699707,1.3905333333333334,1250.7429765907068,1058.8519459658635,274.5314097245659
1997-09-01,59.6296,85.49573665473285,7040.2,5960.081015452539,161.30168188418747,947.2800293,1.3871619047619048,1314.030769786701,1112.4300225456952,288.42274264399003
1997-10-01,59.6296,85.49573665473285,6842.4,5792.627814569537,156.7697832624591,914.6199951,1.3869045454545454,1268.4906285678042,1073.876724184885,278.4269246367138
1997-11-01,59.6296,85.49573665473285,6512.8,5519.687955801106,149.3830282572106,955.4000244,1.4128222222222222,1349.8103855839734,1143.9829455722736,296.60355439243114
1997-12-01,59.5975,85.44971231201349,6699.4,5684.114823008849,153.83302317486246,970.4299927,1.4270909090909092,1384.8918204913273,1175.0133034478406,304.6488792598908
1998-01-01,59.5975,85.44971231201349,6700.2,5653.524092409241,153.0051256541761,980.2800293,1.440945,1412.5296068196885,1191.8704163154027,309.019468535426
1998-02-01,59.5975,85.44971231201349,7092.5,5977.964285714286,161.78566885740656,1049.339966,1.4334105263157895,1504.1349529482527,1267.7708889135272,328.69838948420573
1998-03-01,58.7171,84.18741227057725,7558.5,6363.742590559826,172.22624663557482,1101.75,1.4165772727272727,1560.7140102272726,1314.0149789729069,340.68821986965287
1998-04-01,58.7171,84.18741227057725,7665.0,6460.5,174.84485749623138,1111.75,1.4297727272727274,1589.5498295454547,1339.7634277597406,347.36408987263263
1998-05-01,58.7171,84.18741227057725,7589.8,6376.09704271632,172.56060348516021,1090.819946,1.44522,1576.47480235812,1324.3769697794944,343.374801269936
1998-06-01,59.072,84.69626084475459,7366.9,6182.070350109409,167.30952858084623,1133.839966,1.4655090909090909,1661.6527778090544,1394.4066527128498,361.53158669353115
1998-07-01,59.072,84.69626084475459,6931.4,5816.612472647702,157.41889619857434,1120.670044,1.486895652173913,1666.3194159451477,1398.3227483916066,362.54692341874704
1998-08-01,59.072,84.69626084475459,5530.7,4641.189168490153,125.60762460764856,957.2800293,1.5346380952380954,1469.07840077442,1232.8043034945078,319.63250824848546
1998-09-01,57.8359,82.92396520502339,5614.1,4721.507346491228,127.78132948915231,1017.01001,1.5217619047619049,1547.6470899795238,1301.5847785244462,337.4654081580853
1998-10-01,57.8359,82.92396520502339,6208.3,5198.434606986901,140.68873277023485,1098.670044,1.5451761904761905,1697.6387931782285,1421.4944916677962,368.5547240103447
1998-11-01,57.8359,82.92396520502339,6343.9,5311.977401746724,143.76161780537225,1163.630005,1.5403947368421052,1792.4495353335524,1500.8829624463262,389.13798768733284
1998-12-01,58.5525,83.9514120583778,6485.9,5448.724315443593,147.46249152077795,1229.22998,1.5432727272727271,1897.03710368,1593.6773915909748,413.1970504720066
1999-01-01,58.5525,83.9514120583778,6729.6,5641.096393442624,152.66878647689504,1279.640015,1.519442105263158,1944.338918370579,1629.844754524846,422.5742605438062
1999-02-01,58.5525,83.9514120583778,6312.7,5285.852510917031,143.05458231056193,1238.329956,1.4977421052631579,1854.6989153098737,1553.006624500735,402.65223061649965
1999-03-01,58.7194,84.1907099649154,6597.8,5500.557173913044,148.86527903764406,1286.369995,1.5175695652173913,1952.1559540208477,1627.5039312325982,421.96734895358315
1999-04-01,58.7194,84.1907099649154,7014.7,5816.513405405405,157.41621507515327,1335.180054,1.4881,1986.8814383574,1647.5006088866223,427.15194168827315
1999-05-01,58.7194,84.1907099649154,6841.8,5660.906796116505,153.20492873097098,1301.839966,1.4611100000000001,1902.1313927222602,1573.823924722733,408.04958838533435
1999-06-01,60.36,86.54296967411611,7010.1,5787.671367061356,156.63564358932925,1372.709961,1.4694863636363635,2017.1785689173043,1665.4208421523922,431.7981690666978
1999-07-01,60.36,86.54296967411611,7081.0,5833.648764769066,157.8799608326157,1328.719971,1.489047619047619,1978.5273091985712,1630.0004792215943,422.61463570738795
1999-08-01,60.36,86.54296967411611,6970.8,5730.550482315113,155.0897426600644,1320.410034,1.4931954545454544,1971.630260905009,1620.836452426733,420.23865367861424
1999-09-01,59.4283,85.20711671113776,6957.7,5701.448611111112,154.3021391427612,1282.709961,1.477052380952381,1894.629801966386,1552.543865500233,402.5322498380211
1999-10-01,59.4283,85.20711671113776,7256.2,5939.706937033084,160.75028449422283,1362.930054,1.4776099999999999,2013.8790770909397,1648.5008026987734,427.4112646448902
1999-11-01,59.4283,85.20711671113776,7523.2,6164.844444444445,166.8433323079209,1388.910034,1.46743,2038.12825119262,1670.132872505064,433.01986992895
1999-12-01,60.0764,86.1363496244213,8413.8,6887.283457844183,186.3951853142819,1469.25,1.4722086956521738,2163.0426260869563,1770.6015946731009,459.0686674356282
2000-01-01,60.0764,86.1363496244213,8481.1,6957.223208556151,188.28801183646374,1394.459961,1.4486,2020.0146995046002,1657.0601866524369,429.63047928781145
2000-02-01,60.0764,86.1363496244213,9129.0,7440.959617428269,201.37969568059097,1366.420044,1.45121,1982.96243205324,1616.2935020030131,419.06079062714207
2000-03-01,60.0711,86.1287505896421,9462.4,7655.760337552743,207.1929920663586,1498.579956,1.4607739130434783,2189.0865063346437,1771.1280067074597,459.2051517084665
2000-04-01,60.0711,86.1287505896421,9347.6,7586.888042328043,205.32905481010894,1452.430054,1.4688750000000002,2133.43819556925,1731.5842285731374,448.95252932966133
2000-05-01,60.0711,86.1287505896421,9252.0,7477.643835616438,202.3725053549925,1420.599976,1.4957363636363636,2124.843042284145,1717.3388971885556,445.259103707786
2000-06-01,60.7041,87.03633342270562,10195.5,8188.4277486911,221.60892854083772,1454.599976,1.4770454545454543,2148.510282732727,1725.5574731476456,447.3899561395859
2000-07-01,60.7041,87.03633342270562,10406.3,8331.55751565762,225.48254570804306,1430.829956,1.4777850000000001,2114.45904652746,1692.8915330757432,438.92056944951634
2000-08-01,60.7041,87.03633342270562,11247.9,9014.77460815047,243.9729094842062,1517.680054,1.482813043478261,2250.4357798979913,1803.6407974731028,467.63483096341645
2000-09-01,60.0071,86.03698866023282,10377.9,8282.881685744018,224.16519897872575,1436.51001,1.48643,2135.2715741642996,1704.2177912424745,441.85715905797264
2000-10-01,60.0071,86.03698866023282,9639.6,7677.646105919004,207.7853013382717,1429.400024,1.5124761904761905,2161.933502966095,1721.9138076583542,446.44525312690223
2000-11-01,60.0071,86.03698866023282,8819.9,7002.964078674949,189.52592777449868,1314.949951,1.5426380952380954,2028.4918877440668,1610.6141593164589,417.58829207813443
2000-12-01,60.2182,86.33965964926871,8933.7,7085.9854188210975,191.7727901515592,1320.280029,1.521875,2009.3011691343752,1593.7269873072037,413.2099092875799
2001-01-01,60.2182,86.33965964926871,9321.9,7424.607788161993,200.93715512523698,1366.01001,1.5032,2053.386247032,1635.4592434823926,424.02994429097276
2001-02-01,60.2182,86.33965964926871,8078.7,6401.201342975207,173.2400180507987,1239.939941,1.5215631578947368,1886.6469322277737,1494.894831630891,387.58542880444105
2001-03-01,59.9294,85.92558394280938,7608.0,6009.614830072091,162.6422488307706,1160.329956,1.558740909090909,1808.6537704608545,1428.6688382528068,370.41483626620783
2001-04-01,59.9294,85.92558394280938,7946.6,6232.149488752557,168.6648539983209,1249.459961,1.5577666666666665,1946.3670785804331,1526.4453469030595,395.76561628787994
2001-05-01,59.9294,85.92558394280938,8161.9,6349.064198782962,171.82899544472278,1255.819946,1.54105,1935.2813277833002,1505.4368949389363,390.31869808952825
2001-06-01,61.4651,88.12744011458771,7736.4,6011.974468085106,162.70610930165188,1224.380005,1.5245380952380954,1866.6139606703096,1450.550058595874,376.0880394842427
2001-07-01,61.4651,88.12744011458771,7689.7,5993.902337398374,162.2170110717045,1211.22998,1.5307904761904763,1854.1393178603812,1445.2488382102767,374.7135777275605
2001-08-01,61.4651,88.12744011458771,7399.2,5767.465853658537,156.08880818780395,1133.579956,1.5398565217391305,1745.5504881593565,1360.6069353843766,352.76824250567745
2001-09-01,61.5748,88.28472579671579,6838.6,5319.681744421907,143.97012561392336,1040.939941,1.5679388888888888,1632.1302144916056,1269.6185339909346,329.1774334239216
2001-10-01,61.5748,88.28472579671579,6885.7,5383.6206931702345,145.70054839580715,1059.780029,1.5716772727272728,1665.6321856695502,1302.2832685102396,337.6465075471066
2001-11-01,61.5748,88.28472579671579,7425.7,5859.580144032921,158.58175919374403,1139.449951,1.592245,1814.283487229995,1431.6413937298419,371.1855387697108
2001-12-01,62.9571,90.26664009394128,7688.4,6054.417659137576,163.85477793275695,1148.079956,1.578755,1812.53697093478,1427.3263415882711,370.066763522639
2002-01-01,62.9571,90.26664009394128,7648.5,6010.655225409837,162.67040574967285,1130.199951,1.5997142857142859,1807.997007328286,1420.8337137508151,368.383402331469
2002-02-01,62.9571,90.26664009394128,7637.5,5965.338594704684,161.4439712882764,1106.72998,1.5964,1766.7837400720002,1379.9624527853607,357.7865998863153
2002-03-01,65.2743,93.58899545061558,7851.5,6089.080384226491,164.79287857954938,1147.390015,1.5877428571428571,1821.7603006732857,1412.8312948598684,366.3085935277376
2002-04-01,65.2743,93.58899545061558,7663.4,5907.364623115577,159.87498269590924,1076.920044,1.5814863636363639,1703.134364312673,1312.868399424945,340.3909430871314
2002-05-01,65.2743,93.58899545061558,7656.1,5889.898395185557,159.40228241985926,1067.140015,1.5501545454545456,1654.231944888682,1272.6137429584944,329.95400935922277
2002-06-01,66.8429,95.83802298923088,7145.6,5486.161361361362,148.47567547845492,989.8200073,1.53184,1516.2458799824321,1164.1247146611865,301.8257653761226
2002-07-01,66.8429,95.83802298923088,6605.4,5041.136119402985,136.4316579856234,911.6199951,1.54555,1408.954283426805,1075.2914779983678,278.79373168684805
2002-08-01,66.8429,95.83802298923088,6612.0,5026.168483647175,136.02657879039387,916.0700073,1.5694181818181818,1437.6969252749345,1092.8776428997767,283.35334425631686
2002-09-01,65.5781,94.02457785928023,6180.4,4698.084043607531,127.14740888629012,815.2800293,1.576135,1284.9913889807556,976.7972203649549,253.25685894378455
2002-10-01,65.5781,94.02457785928023,6248.8,4735.997628458498,128.17348973768532,885.7600098,1.578009090909091,1397.7373478281256,1059.3523179685496,274.66114252791715
2002-11-01,65.5781,94.02457785928023,6570.4,4965.021477832512,134.3717162382716,936.3099976,1.5714526315789474,1471.366809702198,1111.8604364941732,288.27506452687504
2002-12-01,67.3256,96.53010866619734,6614.5,5018.1221562809105,135.80881562009398,879.8200073,1.5592190476190477,1371.8321138584897,1040.7470141735528,269.83729505929387
2003-01-01,67.3256,96.53010866619734,6569.5,4940.00637254902,133.6947156162539,855.7000122,1.5414476190476192,1319.0167464247086,991.8488671644623,257.15934014551266
2003-02-01,67.3256,96.53010866619734,6555.1,4890.8187743190665,132.36351855672322,841.1500244,1.5121473684210525,1271.942795843764,949.0079031246762,246.0518474534408
2003-03-01,67.8586,97.2943134845589,6343.3,4719.021435499516,127.71405160770439,848.1799927,1.4760809523809524,1251.9823314150851,931.3971369499228,241.48585644525068
2003-04-01,67.8586,97.2943134845589,6586.1,4933.14326171875,133.50897463102066,916.9199829,1.4582045454545456,1337.0568868828843,1001.4869455460666,259.6582308121621
2003-05-01,67.8586,97.2943134845589,6859.8,5133.138146341464,138.9215707306776,963.5900269,1.3839571428571429,1333.5673005141614,997.898653165231,258.72788453517046
2003-06-01,70.2072,100.66168953784964,6983.1,5225.402634146341,141.4185866307173,974.5,1.3525095238095237,1318.0205309523808,986.2651192590012,255.71162671411832
2003-07-01,70.2072,100.66168953784964,7257.9,5425.740058479533,146.84045311298632,990.3099976,1.382090909090909,1368.6984448648,1023.1887984515611,265.28492894921465
2003-08-01,70.2072,100.66168953784964,7510.3,5598.056462585035,151.5039678750155,1008.01001,1.3962714285714286,1407.455576677,1049.0946815464129,272.00161737131697
2003-09-01,71.4171,102.39642013772894,7421.1,5520.837730358876,149.41414537952406,995.9699707,1.3633714285714287,1357.8770017675029,1010.1761982111298,261.9111168673667
2003-10-01,71.4171,102.39642013772894,7772.7,5799.281031128405,156.94984373782893,1050.709961,1.3220954545454544,1389.1388634837317,1036.448938027259,268.7229212244616
2003-11-01,71.4171,102.39642013772894,7859.4,5846.9057225994175,158.23874280037072,1058.199951,1.3130444444444445,1389.4635667719335,1033.6746418177236,268.00362193781535
2003-12-01,73.3939,105.23071673235769,8220.9,6109.913081395349,165.35668787724322,1111.920044,1.3127545454545455,1459.6780919430182,1084.8576516669525,281.27397942394884
2004-01-01,73.3939,105.23071673235769,8521.4,6327.118877057115,171.23507444017753,1131.130005,1.295755,1465.6673596287749,1088.2544674107166,282.15468103503156
2004-02-01,73.3939,105.23071673235769,8788.5,6512.83043478261,176.26111125558148,1144.939941,1.3298947368421052,1522.6496015362106,1128.3789800756267,292.55787202729147
2004-03-01,74.2536,106.46333752475063,8585.9,6338.195668912415,171.53485310954605,1126.209961,1.3285782608695653,1496.258071359361,1104.5523972402598,286.38028941091756
2004-04-01,74.2536,106.46333752475063,8244.0,6074.109510086455,164.38771174174911,1107.300049,1.3419727272727273,1485.9664666657545,1094.847531155268,283.86408251565547
2004-05-01,74.2536,106.46333752475063,8417.3,6148.637238095238,166.4047057798597,1120.680054,1.37886,1545.2608992584398,1128.7762949821176,292.66088493839686
2004-06-01,76.8199,110.1428475160476,8545.6,6236.4178877259765,168.78037255110235,1140.839966,1.357840909090909,1549.0791765606816,1130.4887996403834,293.10489065589564
2004-07-01,76.8199,110.1428475160476,8458.1,6178.440666666667,167.2112960161372,1101.719971,1.3225047619047618,1457.0299079330762,1064.325656556828,275.95059348362395
2004-08-01,76.8199,110.1428475160476,8377.0,6130.876908396947,165.92404602981193,1104.23999,1.3126772727272729,1449.5107385095912,1060.8537561420387,275.0504244666742
2004-09-01,74.8714,107.34912689957947,8668.3,6331.986761904761,171.36681728244898,1114.579956,1.2880952380952382,1435.6851338000001,1048.733807261524,271.90805251879783
2004-10-01,74.8714,107.34912689957947,8871.0,6467.734790874525,175.0406575085325,1130.199951,1.2469350000000001,1409.2858759001851,1027.4926490641083,266.4007999455405
2004-11-01,74.8714,107.34912689957947,9030.1,6558.794223484849,177.50506018919805,1173.819946,1.1967700000000001,1404.7924967744202,1020.3369744564209,264.54552882377214
2004-12-01,77.3993,110.97357973323085,9246.7,6728.860436432638,182.10767651421625,1211.920044,1.2188826086956523,1477.1882647612697,1074.9557865957247,278.7066960683642
2005-01-01,77.3993,110.97357973323085,9204.1,6704.220987654321,181.44084253690323,1181.27002,1.2248350000000001,1446.8608649467,1053.8863090352509,273.24395559848597
2005-02-01,77.3993,110.97357973323085,9668.3,7015.691674550614,189.8703832635708,1203.599976,1.2400526315789473,1492.5273176071578,1083.035432927805,280.80152783976786
2005-03-01,79.9412,114.61810548894053,9612.4,6935.758043273754,187.70708562875015,1180.589966,1.2160260869565216,1435.6281966551128,1035.867193635439,268.572090781552
2005-04-01,79.9412,114.61810548894053,9369.3,6741.325609756098,182.4450298852256,1156.849976,1.2359,1429.7508853384,1028.7231979873854,266.7198476952561
2005-05-01,79.9412,114.61810548894053,9607.3,6906.0910028116205,186.90418655562317,1191.5,1.2555285714285713,1495.9622928571428,1075.3543379769715,278.8100295636259
2005-06-01,81.2524,116.4980780177129,9902.8,7105.189522918615,192.29252373940432,1191.329956,1.2401681818181818,1477.4495054780546,1060.0596545385106,274.84453559475804
2005-07-01,81.2524,116.4980780177129,10422.9,7464.392436974791,202.01387383930108,1234.180054,1.222855,1509.2232499341699,1080.8349511666745,280.2310029781402
2005-08-01,81.2524,116.4980780177129,10668.9,7612.136093023256,206.01235979050702,1220.329956,1.2042826086956522,1469.6221428811305,1048.5583103161182,271.86255095079474
2005-09-01,81.9448,117.49082739150944,11011.8,7791.55959409594,210.86821869872287,1228.810059,1.1776809523809524,1447.1462005784142,1023.9493873096344,265.4821288809173
2005-10-01,81.9448,117.49082739150944,10383.3,7380.899999999999,199.75426185185884,1207.01001,1.177415,1421.15169092415,1010.2162622231909,261.9215043722037
2005-11-01,81.9448,117.49082739150944,10824.1,7708.528040854225,208.62107991778663,1249.47998,1.181545,1476.3168229691003,1051.3788330708448,272.593835518921
2005-12-01,82.9798,118.97478984367496,11272.3,8035.180390334573,217.46149219171292,1248.290039,1.1614809523809524,1449.8651033453762,1033.5004965296503,267.9584708176669
2006-01-01,82.9798,118.97478984367496,11945.6,8467.906839186691,229.17265917327762,1280.079956,1.157165,1481.26372228474,1050.0270563700515,272.243356715236
2006-02-01,82.9798,118.97478984367496,11688.3,8300.8575,224.6516905323154,1280.660034,1.1488947368421052,1471.3435727466315,1044.9264076820984,270.92089772543255
2006-03-01,85.6578,122.814453077394,12110.6,8553.25064456722,231.48237598930498,1294.869995,1.1573086956521739,1498.564304952587,1058.3782890410996,274.4086034117696
2006-04-01,85.6578,122.814453077394,12204.2,8571.99761904762,231.9897379708097,1310.609985,1.1441050000000001,1499.4754368884253,1053.2029854335367,273.06678843891154
2006-05-01,85.6578,122.814453077394,11744.5,8211.514585232453,222.2337431287352,1270.089966,1.109990909090909,1409.7883159875817,985.6952036121013,255.5638631419177
2006-06-01,88.764,127.26806097006698,11612.9,8134.332694063927,220.1449176875696,1270.199951,1.1137272727272727,1414.6563272455455,990.9053908651447,256.91472249194914
2006-07-01,88.764,127.26806097006698,11831.0,8279.541058394161,224.07478933350728,1276.660034,1.129445,1441.91729210113,1009.078980877342,261.6266383597088
2006-08-01,88.764,127.26806097006698,12073.8,8434.06612021858,228.25680503109834,1303.819946,1.118213043478261,1457.948469964322,1018.4394139003961,264.0535431628231
2006-09-01,90.9982,130.47141257453865,11761.3,8260.913095238095,223.57064823553233,1335.849976,1.11612,1490.9688752131199,1047.2281385425485,271.517673715063
2006-10-01,90.9982,130.47141257453865,12344.6,8686.52128440367,235.08916896672716,1377.939941,1.1285380952380952,1555.0577163686335,1094.2470352795797,283.70839032477403
2006-11-01,90.9982,130.47141257453865,12752.4,8957.042857142857,242.41047627037844,1400.630005,1.1358809523809523,1590.948944012738,1117.4522344851373,289.7248651257246
2006-12-01,91.8116,131.63764934612456,12908.4,9050.039122486289,244.9272967582129,1418.300049,1.153235,1635.6332570085149,1146.7373931677612,297.31770747519465
2007-01-01,91.8116,131.63764934612456,13034.1,9138.167001828155,247.31236084071014,1438.23999,1.1762619047619047,1691.746910142143,1186.0785009863105,307.5177829727191
2007-02-01,91.8116,131.63764934612456,13045.0,9079.414700544465,245.7223077882339,1406.819946,1.1709894736842106,1647.3713481349896,1146.5824174405961,297.2775264989838
2007-03-01,93.7553,134.42448781788698,13165.5,9089.053555355536,245.98317060007025,1420.859985,1.1681590909090909,1659.7905083867045,1145.8679747368158,297.09229100559537
2007-04-01,93.7553,134.42448781788698,13416.7,9220.97571684588,249.5534688008866,1482.369995,1.1349857142857143,1682.4687676107858,1156.3203806070544,299.8023145641321
2007-05-01,93.7553,134.42448781788698,14056.8,9617.81052631579,260.2932762014455,1530.619995,1.0950863636363637,1676.1610844336592,1146.8470577703986,297.3461405135185
2007-06-01,96.4194,138.24422150756246,13906.6,9532.048436103665,257.9722390616393,1503.349976,1.065104761904762,1601.2252182470097,1097.5332818547422,284.5604243682672
2007-07-01,96.4194,138.24422150756246,13868.6,9497.514464285716,257.0376229512317,1455.27002,1.0501857142857143,1528.3037854322856,1046.61518163086,271.358750717653
2007-08-01,96.4194,138.24422150756246,13660.5,9380.128469113697,253.86072679800753,1473.98999,1.0578521739130435,1559.2635152475652,1070.6849742120703,277.5993909830585
2007-09-01,98.4359,141.13543917402794,14098.9,9663.85728328865,261.53947056118284,1526.75,1.026745,1567.58292875,1074.4737322173817,278.58171252505144
2007-10-01,98.4359,141.13543917402794,14625.0,10051.411290322581,272.02810536219533,1549.380005,0.9754130434782609,1511.285466181413,1038.6702083881219,269.29883600260445
2007-11-01,98.4359,141.13543917402794,13689.1,9382.966666666667,253.9375388476469,1481.140015,0.9672380952380953,1432.615046889524,981.962234999343,254.59600626672133
2007-12-01,98.7641,141.60600581827984,13833.1,9473.203303571428,256.37967365463584,1468.359985,1.00207,1471.39949016895,1007.6459008567721,261.2550798242648
2008-01-01,98.7641,141.60600581827984,13155.1,9025.01046511628,244.24992936696123,1378.550049,1.0099428571428573,1392.2567752014859,955.1529039172984,247.6450784398733
2008-02-01,98.7641,141.60600581827984,13582.7,9285.143404634582,251.29008210129348,1330.630005,0.998555,1328.7072446427749,908.3052198226457,235.4987525953243
2008-03-01,99.9306,143.27851035977847,13350.1,9093.718206039077,246.10941317944236,1322.699951,1.0029428571428571,1326.5924679986572,903.6380310434904,234.28867792919766
2008-04-01,99.9306,143.27851035977847,13937.0,9418.219383259911,254.8916068314099,1385.589966,1.0137181818181817,1404.5977410790363,949.1863148965823,246.09810475639938
2008-05-01,99.9306,143.27851035977847,14714.7,9848.320157068065,266.5317134029609,1400.380005,0.9993047619047618,1399.4064074727141,936.6009725406386,242.8350689826002
2008-06-01,98.653,141.44671284394593,14467.0,9615.4150779896,260.22844657196913,1280.0,1.0166238095238096,1301.2784761904763,864.8878606915904,224.24181638797413
2008-07-01,98.653,141.44671284394593,13592.9,9003.242055267703,243.66079624755966,1267.380005,1.0129636363636363,1283.8098585193636,850.330018552981,220.4673652571179
2008-08-01,98.653,141.44671284394593,13771.3,9137.18607266436,247.28581329487662,1282.829956,1.0534571428571429,1351.4063802193143,896.6511190555485,232.47716234859263
2008-09-01,95.68,137.18408446685604,11752.9,7791.248314606742,210.85979433250813,1166.359985,1.0582047619047619,1234.2476902221667,818.2091429562678,212.13929890870196
2008-10-01,95.68,137.18408446685604,9762.8,6539.797030567685,176.9909263778166,968.75,1.1846954545454547,1147.6737215909093,768.7910431967051,199.32653443809733
2008-11-01,95.68,137.18408446685604,9270.6,6231.858194566171,168.65697050780034,896.2399902,1.2170944444444443,1090.8087129613632,733.260545873239,190.11444623673086
2008-12-01,93.3232,133.80495141635973,8987.7,6084.347661076788,164.664793709233,903.25,1.2336954545454546,1114.335419318182,754.3647542957154,195.58619147119663
2009-01-01,93.3232,133.80495141635973,8694.9,5901.759557522124,159.72328903521048,825.8800049,1.22482,1011.554347601618,686.6037031950805,178.01760036273262
2009-02-01,93.3232,133.80495141635973,8123.0,5474.816344463972,148.1686376543366,735.0900269,1.2451999999999999,915.3341014958798,616.9255323790334,159.95195243713
2009-03-01,90.6825,130.0187681821245,8720.4,5867.146315789473,158.78652758977626,797.8699951,1.2645181818181819,1008.9211155311336,678.8092066775259,175.99670015547508
2009-04-01,90.6825,130.0187681821245,9324.8,6279.299034240561,169.94089386549248,872.8099976,1.224181818181818,1068.4781297892362,719.5107335806357,186.5494951909137
2009-05-01,90.6825,130.0187681821245,10370.1,6934.495815170009,187.67292510047415,919.1400146,1.1527850000000002,1059.5708217306612,708.5360246446531,183.70405270295208
2009-06-01,91.9593,131.84941867383938,10374.9,6913.595395308427,187.10728297798985,919.3200073,1.1263545454545456,1035.4802689496612,690.0203008552478,178.90343088481927
2009-07-01,91.9593,131.84941867383938,10787.2,7213.410985178728,195.22139397342696,987.4799805,1.1228608695652174,1108.8026295824739,741.4573817696229,192.23966206363528
2009-08-01,91.9593,131.84941867383938,10868.2,7267.575762859634,196.68729178860116,1020.619995,1.0872380952380953,1109.6569393257143,742.028659514231,192.38777879059512
2009-09-01,95.0574,136.29141294732148,11395.0,7619.847428073234,206.22105683840104,1057.079956,1.0816380952380953,1143.3779501222095,764.5779317730904,198.234189636864
2009-10-01,95.0574,136.29141294732148,10910.8,7302.428970331588,197.6305475882638,1036.189941,1.0546761904761905,1092.8448595836287,731.4240901401774,189.63830338860654
2009-11-01,95.0574,136.29141294732148,11447.2,7621.529861111111,206.26658965548245,1095.630005,1.0593,1160.6008642964998,772.7264435029647,200.34687632633216
2009-12-01,97.6107,139.95228379670718,11746.1,7847.786324041812,212.38992051512486,1115.099976,1.053690909090909,1174.9707074386909,785.0196277051184,203.5341634648967
2010-01-01,97.6107,139.95228379670718,11094.3,7392.987054735013,200.08138194514774,1073.869995,1.0438105263157895,1120.9168046756843,746.9532486413988,193.66459034158342
2010-02-01,97.6107,139.95228379670718,11629.6,7716.179238754326,208.82814943353912,1104.48999,1.0572105263157894,1167.678443638421,774.748586739333,200.87116287598644
2010-03-01,100.2438,143.72757030182507,12037.7,7986.951470588237,216.15624049289002,1169.430054,1.0229,1196.2100022365998,793.6791277815503,205.77933548592395
2010-04-01,100.2438,143.72757030182507,12210.7,8073.799051724139,218.50665500377917,1186.689941,1.005209090909091,1192.8715167835728,788.7348735974142,204.49742532239367
2010-05-01,100.2438,143.72757030182507,11763.0,7757.713671539123,209.95222372832197,1089.410034,1.0402799999999999,1133.29147016952,747.407186259692,193.78228397642238
2010-06-01,101.3371,145.29512213656184,11294.4,7455.0815834767645,201.7618879476471,1030.709961,1.0376227272727272,1069.4880807599864,705.9357641505245,183.02987612725238
2010-07-01,101.3371,145.29512213656184,11713.4,7691.9330479452055,208.17195846119222,1101.599976,1.0422285714285715,1148.1189692722287,753.9445628696914,195.4772473029585
2010-08-01,101.3371,145.29512213656184,11913.9,7830.301028277634,211.91670419345206,1049.329956,1.0403954545454546,1091.718116540782,717.5216755670778,186.0337867365198
2010-09-01,99.7146,142.9688138480222,12368.7,8115.306159110351,219.62998977291824,1141.199951,1.032957142857143,1178.8106408136716,773.436921731468,200.53108393948597
2010-10-01,99.7146,142.9688138480222,12676.2,8281.64003407155,224.1315953242512,1183.26001,1.0179,1204.440364179,786.8873588801474,204.01841518150428
2010-11-01,99.7146,142.9688138480222,12952.9,8455.212170212766,228.82909480709736,1180.550049,1.0129,1195.7791446320998,780.5639182406984,202.3789196130525
2010-12-01,98.7219,141.5455002960756,13443.2,8775.263319148937,237.49085435005068,1257.640015,1.0080619047619048,1267.7789890256904,827.5629656023018,214.56448982147575
2011-01-01,98.7219,141.5455002960756,13552.0,8823.755517826825,238.80323134370664,1286.119995,0.9939450000000001,1278.332538430275,832.3268734940755,215.79964111369316
2011-02-01,98.7219,141.5455002960756,14136.5,9180.944538526674,248.4700780929495,1327.219971,0.9876368421052631,1310.811340937479,851.3059259094381,220.72039139863796
2011-03-01,100.5969,144.23383807173778,14116.1,9067.87998324958,245.41013597464624,1325.829956,0.9765608695652174,1294.753654726974,831.7219875842454,215.64281070677848
2011-04-01,100.5969,144.23383807173778,13944.8,8927.93121869783,241.62260841566092,1363.609985,0.957952380952381,1306.2734318211906,836.3203023429493,216.83502821922093
2011-05-01,100.5969,144.23383807173778,13802.9,8778.46127694859,237.57740283325774,1345.199951,0.9680428571428572,1302.2112039944716,828.1890493066002,214.72681623793224
2011-06-01,102.5685,147.060679009602,13300.9,8515.684724540903,230.46570422493437,1320.640015,0.9766454545454546,1289.7970677405908,825.7715784282414,214.10003202061793
2011-07-01,102.5685,147.060679009602,12945.6,8274.396,223.9355451570911,1292.280029,0.955315,1234.5344959041352,789.0732986320597,204.5851696970452
2011-08-01,102.5685,147.060679009602,12768.7,8140.97497921862,220.32468231899463,1218.890015,0.9817086956521739,1196.5949267691087,762.9162999433969,197.80337385531215
2011-09-01,103.7585,148.7668773845556,11623.8,7392.582587064677,200.0704355644989,1131.420044,1.0025,1134.2485941099999,721.3670577797429,187.03078939000198
2011-10-01,103.7585,148.7668773845556,12252.1,7779.272102649007,210.53567405186504,1253.300049,1.0198,1278.1153899701999,811.5186292277677,210.4046313069994
2011-11-01,103.7585,148.7668773845556,12204.1,7742.386021505377,209.5374012245061,1246.959961,1.024755,1277.828454834555,810.6653638197714,210.18340287537694
2011-12-01,103.6796,148.65375213095572,11955.1,7628.587104825292,206.4575845895467,1257.599976,1.0235238095238095,1287.1835182925713,821.355872321466,212.95515994757602
2012-01-01,103.6796,148.65375213095572,12452.2,7912.872742336372,214.15139803724426,1312.410034,1.012985,1329.45167829149,844.8131211678316,219.0369843410501
2012-02-01,103.6796,148.65375213095572,12644.0,8001.607260726072,216.55288000038087,1365.680054,0.996745,1361.2347654242299,861.4414728386009,223.34826208196984
2012-03-01,105.5386,151.3191494242656,12392.2,7810.038948233361,211.3683378908566,1408.469971,0.9937727272727273,1399.699044362409,882.1439334642298,228.7158450778502
2012-04-01,105.5386,151.3191494242656,12292.7,7715.63085106383,208.81330804856927,1397.910034,0.9928238095238096,1387.8783653274381,871.1151441948814,225.85638103549294
2012-05-01,105.5386,151.3191494242656,11513.2,7232.288615888617,195.73229199236312,1310.329956,1.009731818181818,1323.0818488899815,831.1251253878918,215.4880606297724
2012-06-01,106.9303,153.31454125487306,11596.6,7314.631743421053,197.96079944522322,1362.160034,1.028,1400.300514952,883.2487623093618,229.0022970426542
2012-07-01,106.9303,153.31454125487306,11664.7,7363.641893004116,199.28719409265295,1379.319946,1.0142,1398.9062892332001,883.0955751784893,228.96257980064476
2012-08-01,106.9303,153.31454125487306,11949.3,7524.723399014778,203.6466512497944,1406.579956,0.9923826086956522,1395.8654860742956,879.0056057627132,227.90216236105724
2012-09-01,106.0767,152.09066652137696,12317.5,7743.870901639344,209.57758753445464,1440.670044,0.9783000000000001,1409.4075040452,886.0783242644824,229.73592522873045
2012-10-01,106.0767,152.09066652137696,12422.9,7797.352127659575,211.0249859312089,1412.160034,0.9871545454545455,1394.0201964723456,874.9701233177489,226.85587190585653
2012-11-01,106.0767,152.09066652137696,12239.4,7701.082690730107,208.41958139887004,1416.180054,0.9969699999999999,1411.8890284363797,888.3665995165735,230.32921254636517
2012-12-01,104.7044,150.12309002562165,12433.5,7868.394801980197,212.94766161695154,1426.189941,0.9898199999999999,1411.67132740062,893.3596601619435,231.62377689319018
2013-01-01,104.7044,150.12309002562165,12685.2,8021.062159934048,217.07940102501087,1498.109985,0.9920571428571427,1486.210711404857,939.7556600556682,243.6529933525191
2013-02-01,104.7044,150.12309002562165,12821.8,8014.931214343928,216.91347512020135,1514.680054,1.0097842105263157,1529.5000025283473,956.0933186138896,247.888902303412
2013-03-01,105.4775,151.2315454572827,12749.9,7957.016517493897,215.3460907199721,1569.189941,1.0244238095238094,1607.5155372256618,1003.2257258357059,260.1090490837199
2013-04-01,105.4775,151.2315454572827,12456.5,7786.581499592502,210.7334931783984,1597.569946,1.0186727272727272,1627.4009339007634,1017.2913743291651,263.7558878361172
2013-05-01,105.4775,151.2315454572827,12650.4,7888.501463414634,213.49182172115852,1630.73999,1.0195590909090908,1662.6357817135,1036.7818248571175,268.80922969376934
2013-06-01,107.0699,153.51469696339703,12129.1,7563.430650406504,204.69421163268385,1606.280029,1.0314,1656.7172219106,1033.0911456954718,267.85233731901576
2013-07-01,107.0699,153.51469696339703,12486.6,7780.0342810723005,210.55630139925415,1685.72998,1.0402136363636363,1753.519312423,1092.5664602993022,283.27266310130227
2013-08-01,107.0699,153.51469696339703,12653.9,7884.274004874086,213.3774111668526,1632.969971,1.0407181818181819,1699.4615391828092,1058.88464707816,274.5398882304538
2013-09-01,107.4486,154.05766950507342,12787.2,7954.405839416058,215.2754361829412,1681.550049,1.034235,1739.117914927515,1081.8357183693463,280.4904745992694
2013-10-01,107.4486,154.05766950507342,13361.3,8331.802520325204,225.48917643417718,1756.540039,1.0362818181818183,1820.270505324082,1135.0792500679438,294.2950691619183
2013-11-01,107.4486,154.05766950507342,13395.4,8353.06650406504,226.06465793046914,1805.810059,1.0486421052631578,1893.648461975147,1180.836073443039,306.1585645953846
2013-12-01,108.0217,154.87936890733047,13621.6,8514.887693561532,230.44413363937474,1848.359985,1.0639190476190477,1966.5053948983573,1229.2662085468949,318.7151767958606
2014-01-01,108.0217,154.87936890733047,13694.9,8532.890576766857,230.93135777814982,1782.589966,1.0940095238095238,1950.170399851295,1215.0939859349662,315.04070628333386
2014-02-01,108.0217,154.87936890733047,14209.6,8782.242707493957,237.6797422318858,1859.449951,1.1054421052631578,2055.514268464916,1270.4105108078893,329.38277139667235
2014-03-01,109.3543,156.7900243312491,14335.3,8810.236458333333,238.4373559423255,1872.339966,1.1106809523809524,2079.5723366178,1278.0704985463562,331.36879714873913
2014-04-01,109.3543,156.7900243312491,14651.9,8976.044169329074,242.92472156430938,1883.949951,1.099209090909091,2070.8549129569365,1268.6467398066857,328.92547371569196
2014-05-01,109.3543,156.7900243312491,14604.2,8904.150556438792,240.97901635562727,1923.569946,1.0893857142857142,2095.5096196017425,1277.6278841292024,331.25403931090483
2014-06-01,110.5261,158.47012790752692,15146.0,9227.150119142178,249.72057080376882,1960.22998,1.0830380952380954,2123.0037437678097,1293.3628844081893,335.3336954186965
2014-07-01,110.5261,158.47012790752692,15330.7,9354.532140015912,253.1679961249127,1930.670044,1.0739181818181818,2073.381663343309,1265.1421923502928,328.0168402119092
2014-08-01,110.5261,158.47012790752692,15625.7,9534.536117740654,258.0395648632515,2003.369995,1.0926333333333333,2188.9488355368335,1335.6593133307488,346.3000050171864
2014-09-01,111.0363,159.20164253853642,14960.5,9121.385930047694,246.8582034064421,1972.290039,1.101052380952381,2171.594643369614,1324.016765870027,343.2814102274667
2014-10-01,111.0363,159.20164253853642,14613.3,8902.622001588561,240.9376480474524,2018.050049,1.1211545454545453,2262.545985391118,1378.3739243804507,357.37473782755535
2014-11-01,111.0363,159.20164253853642,14744.7,9018.488755980861,244.0734279654576,2067.560059,1.132538888888889,2341.592171930906,1432.2178595462558,371.3350006220888
2014-12-01,111.8501,160.36845282218115,14632.4,9014.498634538153,243.96544062468783,2058.899902,1.1531619047619048,2374.244932704419,1462.6874404693087,379.23493133137436
2015-01-01,111.8501,160.36845282218115,14673.5,9054.364038616251,245.04434487282109,1994.98999,1.21219,2418.3069159781003,1492.2296094571223,386.8944094382477
2015-02-01,111.8501,160.36845282218115,15234.3,9317.9490430622,252.17792316250387,2104.5,1.2499052631578949,2630.42562631579,1608.8807459204234,417.1388652956063
2015-03-01,114.857,164.67968634625504,14902.4,9049.992715756136,244.92604082165678,2067.889893,1.2618318181818182,2609.3292634839954,1584.604548766607,410.8447099580445
2015-04-01,114.857,164.67968634625504,15224.5,9252.925118858953,250.4181369600176,2085.51001,1.233681818181818,2572.8557809731815,1563.6928557895642,405.42287872414323
2015-05-01,114.857,164.67968634625504,15014.1,9074.716075650118,245.59514574194026,2107.389893,1.21764,2566.0422293125202,1550.9490858019724,402.11876698951545
2015-06-01,117.4469,168.39303354902165,14553.3,8775.456839622642,237.49609172481235,2063.110107,1.2364954545454545,2551.0262695322863,1538.2367521472197,398.8228058379828
2015-07-01,117.4469,168.39303354902165,14468.4,8717.409897879026,235.92512829206646,2103.840088,1.2863136363636363,2706.1981939228726,1630.521614091786,422.74975175559035
2015-08-01,117.4469,168.39303354902165,13859.1,8350.298271798902,225.98973939845308,1972.180054,1.3147238095238096,2592.8720736617524,1562.2410687341433,405.04646996514435
2015-09-01,119.1831,170.88236264027745,13307.0,8030.266719118805,217.32851020216034,1920.030029,1.3265809523809524,2547.0752644708477,1537.0627284414952,398.5184135344029
2015-10-01,119.1831,170.88236264027745,13529.2,8157.937421383648,220.7837483019886,2079.360107,1.3072238095238096,2718.189040444376,1639.0338003308464,424.9567293193097
2015-11-01,119.1831,170.88236264027745,13469.8,8128.510306845004,219.98734250552786,2080.409912,1.3278526315789474,2762.4777764121263,1667.0499248686867,432.2205457515272
2015-12-01,120.847,173.26802942690372,13010.0,7888.276679841898,213.48573825211702,2043.939941,1.3712545454545455,2802.7619347323457,1699.3821375017465,440.6034060253227
2016-01-01,120.847,173.26802942690372,12822.1,7755.954810725552,209.90462249493373,1940.23999,1.4208105263157895,2756.7134013708423,1667.5072388418266,432.3391147830252
2016-02-01,120.847,173.26802942690372,12860.4,7760.760660896932,210.03468645103052,1932.22998,1.37969,2665.8783811062003,1608.7558759311219,417.1064899155299
2016-03-01,126.8984,181.94440660857944,13494.4,8092.419702892886,219.01059821252252,2059.73999,1.3226391304347827,2724.292709295348,1633.7236184750054,423.579944097984
2016-04-01,126.8984,181.94440660857944,13951.5,8340.452455183164,225.7232754400733,2065.300049,1.2818142857142856,2647.331107094614,1582.621168465759,410.33047357959117
2016-05-01,126.8984,181.94440660857944,14065.8,8376.140217391303,226.6891173559686,2096.949951,1.2945285714285715,2714.561624425243,1616.5130170296284,419.1177048821916
2016-06-01,133.3705,191.2239750981064,14064.5,8355.903563129357,226.14143916842423,2098.860107,1.2894045454545455,2706.279762239014,1607.8362336462617,416.86805177139945
2016-07-01,133.3705,191.2239750981064,14582.7,8677.21559348332,234.83732279338568,2173.600098,1.3052350000000001,2837.05892391303,1688.149103678273,437.69098694464674
2016-08-01,133.3705,191.2239750981064,14598.0,8699.818181818184,235.4490318463158,2170.949951,1.299782608695652,2821.762990658478,1681.656731806568,436.00769211840975
2016-09-01,137.1935,196.70531660016317,14725.9,8769.227717391304,237.3275087995179,2168.27002,1.3107761904761905,2842.1167167393332,1692.471678368842,438.8117125833565
2016-10-01,137.1935,196.70531660016317,14787.3,8785.328505034857,237.76325524655974,2126.149902,1.325095,2817.35060439069,1673.8248749555844,433.9771053963915
2016-11-01,137.1935,196.70531660016317,15082.9,8995.78872472784,243.4590817492832,2198.810059,1.3434149999999998,2953.9144154114842,1761.782547916492,456.7821293150317
2016-12-01,138.2738,198.25422929298867,15287.6,9132.078816199377,247.14759217749918,2238.830078,1.3339190476190477,2986.4180854266383,1783.9428905936384,462.5277013360446
2017-01-01,138.2738,198.25422929298867,15386.0,9112.789189189189,246.62554402553698,2278.870117,1.3183052631578946,3004.246469294347,1779.3490671419029,461.3366482969152
2017-02-01,138.2738,198.25422929298867,15399.2,9106.543099460294,246.45650189744205,2363.639893,1.3109157894736843,3098.5328563635894,1832.3629150584993,475.0816921237847
2017-03-01,146.4193,209.93308548053858,15547.8,9180.263741339491,248.45165322069863,2362.719971,1.3387,3162.9732251777,1867.5908111711285,484.2153240902528
2017-04-01,146.4193,209.93308548053858,15586.1,9167.591027607361,248.1086830439964,2384.199951,1.343705,3203.661395158455,1884.3621856491834,488.5636837414967
2017-05-01,146.4193,209.93308548053858,15349.9,9021.741992337165,244.16147248942934,2411.800049,1.3605727272727273,3281.4293703044273,1928.6255379490387,500.0399628873312
2017-06-01,153.8374,220.56900998914628,15182.2,8930.02101226994,241.67916590491285,2423.409912,1.3294863636363636,3221.8904315052,1895.0843258930126,491.3436420610877
2017-07-01,153.8374,220.56900998914628,15143.9,8907.493328220859,241.06948403705718,2470.300049,1.26904,3134.9095741829597,1843.9230394158974,478.07891685243453
2017-08-01,153.8374,220.56900998914628,15211.9,8940.633946360153,241.96639087954645,2471.649902,1.2607695652173911,3116.1809723141478,1831.5025331532195,474.8586185786514
2017-09-01,155.6623,223.18551537944273,15634.9,9168.171483180427,248.12439230364433,2519.360107,1.227875,3093.459291382625,1813.9780401303312,470.31499584403645
2017-10-01,155.6623,223.18551537944273,16025.6,9390.095645530939,254.13047519833447,2575.26001,1.2606904761904763,3246.6057683211907,1902.3274440812477,493.22158491664334
2017-11-01,155.6623,223.18551537944273,16067.5,9385.965346534653,254.01869413813444,2647.580078,1.277335,3381.84669893213,1975.5342102672837,512.2021013136705
2017-12-01,154.6915,221.79360161271592,16209.1,9504.87744648318,257.2368922915402,2673.610107,1.27687,3413.85253732509,2001.8538961225872,519.0260774973976
2018-01-01,154.6915,221.79360161271592,15951.7,9290.018147304481,251.42201054142183,2823.810059,1.242904761904762,3509.726969045667,2044.0095560045763,529.9558895257592
2018-02-01,154.6915,221.79360161271592,15442.7,8939.283698113208,241.92984820292364,2713.830078,1.258821052631579,3416.2264354512004,1977.5439064083553,512.7231606712402
2018-03-01,154.147,221.0129083226636,15367.3,8868.863130173062,240.0240090006485,2640.870117,1.2932545454545454,3415.317282765327,1971.0672354258884,511.0439366570491
2018-04-01,154.147,221.0129083226636,15607.9,8980.689647411853,243.0504452626896,2648.050049,1.2731619047619047,3371.396444289695,1939.8807747713397,502.9581385996037
2018-05-01,154.147,221.0129083226636,16061.5,9234.760494752623,249.92653551843506,2705.27002,1.2866272727272727,3480.6741878234543,2001.257197946469,518.8713699463618
2018-06-01,154.8542,222.02687764263604,16277.7,9345.056811377246,252.9115589318847,2718.370117,1.312452380952381,3567.731332366452,2048.2409670097823,531.052978909038
2018-07-01,154.8542,222.02687764263604,16434.0,9385.612807148176,254.009153127564,2816.290039,1.3133428571428571,3698.7544063632286,2112.3936185261327,547.6860104914537
2018-08-01,154.8542,222.02687764263604,16262.9,9294.816915052163,251.55188282112167,2901.52002,1.3042478260869566,3784.3011784327828,2162.8606586124774,560.7707365594521
2018-09-01,154.4196,221.40375679074126,16073.1,9220.69386686612,249.54584090528314,2913.97998,1.3034000000000001,3798.0815059320003,2178.854536312524,564.9175125168318
2018-10-01,154.4196,221.40375679074126,15027.3,8595.032885906041,232.6131568936869,2711.73999,1.300440909090909,3526.4576178137727,2016.997011829354,522.9522740902638
2018-11-01,154.4196,221.40375679074126,15197.8,8731.619925093633,236.3097038177,2760.169922,1.32048,3644.7491786025603,2094.024434448063,542.9233824208762
2018-12-01,154.286,221.21220376309938,14322.9,8235.130659670165,222.87288083784165,2506.850098,1.343611111111111,3368.2316455627774,1936.6069506346703,502.10932535535903
2019-01-01,154.286,221.21220376309938,15540.6,8921.88637724551,241.45901280505524,2704.100098,1.330045,3596.5748148444095,2064.8000621150168,535.3463003127744
2019-02-01,154.286,221.21220376309938,15999.0,9123.593308550186,246.91794317576466,2784.48999,1.3208722222222222,3677.9554808468333,2097.3917128695325,543.7964258104673
2019-03-01,152.5901,218.78065601176849,16102.1,9121.352067946824,246.8572869736271,2834.399902,1.3370523809523809,3789.7411375402953,2146.7735985918807,556.5998009696331
2019-04-01,152.5901,218.78065601176849,16580.7,9351.027132352941,253.0731377447014,2945.830078,1.3378136363636364,3940.9716487585547,2222.592098968979,576.2574687588165
2019-05-01,152.5901,218.78065601176849,16037.5,9004.950585651539,243.7070353546705,2752.060059,1.3459772727272727,3704.2102925944773,2079.8896738067087,539.258624774848
2019-06-01,151.8894,217.77600626275165,16382.2,9218.74350696992,249.49305700339974,2941.76001,1.32887,3909.2166244887,2199.8306316821954,570.3560415333696
2019-07-01,151.8894,217.77600626275165,16406.6,9185.300875912408,248.5879765821398,2980.379883,1.3105227272727271,3905.8555725779315,2186.7089227498345,566.9539405456717
2019-08-01,151.8894,217.77600626275165,16442.1,9218.633552631578,249.4900812351746,2926.459961,1.3273136363636364,3884.3302125074956,2177.837187860562,564.6537418303235
2019-09-01,151.7732,217.60940100966798,16658.6,9381.164610866374,253.88876859927564,2976.73999,1.3240500000000002,3941.3525837595007,2219.5429014269735,575.4668950597032
2019-10-01,151.7732,217.60940100966798,16483.2,9255.208199121524,250.47992549699796,3037.560059,1.3189227272727273,4006.3069972709864,2249.514983094324,583.2378377905228
2019-11-01,151.7732,217.60940100966798,17040.2,9581.989296187683,259.32382215344785,3140.97998,1.323657894736842,4157.582947737368,2337.8783877672736,606.1480568682231
2019-12-01,153.6002,220.22891733827316,17063.4,9595.035043988271,259.67688800208583,3230.780029,1.3168952380952381,4254.598835523296,2392.4320431424985,620.292330742251
2020-01-01,153.6002,220.22891733827316,17318.5,9710.006944444443,262.78844988604686,3225.52002,1.3089095238095239,4221.913873416286,2367.1110679168796,613.7272929664088
2020-02-01,153.6002,220.22891733827316,16263.1,9078.45538573508,245.69634520621383,2954.219971,1.3286368421052632,3925.0854931537424,2191.0775642277445,568.0866100450112
2020-03-01,156.2749,224.0638490975071,13378.8,7512.108052708639,203.30523364633297,2584.590088,1.3960227272727272,3608.146503531818,2025.9504891719653,525.2736663927182
2020-04-01,156.2749,224.0638490975071,14780.7,8354.308695652175,226.09827619701744,2912.429932,1.4047954545454546,4091.3683301557276,2312.512534435846,599.571383424429
2020-05-01,156.2749,224.0638490975071,15192.8,8561.996767083028,231.71907818649115,3044.310059,1.3972,4253.5100144348,2397.0919772751595,621.500524476547
2020-06-01,160.4669,230.07425547381416,15515.2,8673.584839650148,234.73906125998036,3100.290039,1.3551772727272728,4201.44259971555,2348.7656515902536,608.9708272250735
2020-07-01,160.4669,230.07425547381416,16169.2,9039.19562682216,244.633831940605,3271.120117,1.3496954545454545,4415.015953187095,2468.1612507977425,639.926847365776
2020-08-01,160.4669,230.07425547381416,16514.4,9245.653138686132,250.22133046871932,3500.310059,1.322890476190476,4630.526840764824,2592.4190415084818,672.1435010566396
2020-09-01,161.8262,232.0231928276582,16121.4,9032.223374726078,244.44513719187543,3363.0,1.3229761904761905,4449.168928571428,2492.7045786809977,646.2902624105262
2020-10-01,161.8262,232.0231928276582,15580.6,8691.141963636364,235.21422151714523,3269.959961,1.3217714285714286,4322.139649022343,2410.968080581918,625.0982193354001
2020-11-01,161.8262,232.0231928276582,17190.3,9575.134422657953,259.1383040998204,3621.629883,1.307261111111111,4734.415904883783,2637.107479336138,683.7299932777255
2020-12-01,165.1458,236.7827694037052,17433.4,9731.745123726347,263.3767648552864,3756.070068,1.2809190476190477,4811.221694292972,2685.7402034371976,696.3391312757967
2021-01-01,165.1458,236.7827694037052,17337.0,9621.909551374822,260.40421087404354,3714.23999,1.272461111111111,4726.225944608722,2623.0212008067224,680.0778057200723
2021-02-01,165.1458,236.7827694037052,18060.3,9972.822246220303,269.9011971945879,3811.149902,1.2696473684210527,4838.816443732453,2671.974234948014,692.7699913691666
2021-03-01,167.5337,240.2064930167738,18700.7,10274.668266475646,278.0702590934115,3972.889893,1.256895652173913,4993.508033077383,2743.567809004551,711.3322510768094
2021-04-01,167.5337,240.2064930167738,19108.3,10446.233856022807,282.71345405597333,4181.169922,1.2494454545454545,5224.143753725073,2855.9645467620317,740.4736574675366
2021-05-01,167.5337,240.2064930167738,19731.0,10733.10425531915,290.4772206506418,4204.109863,1.21248,5097.399126690239,2772.8405178520666,718.9218655238365
2021-06-01,176.1755,252.59693429128967,20165.6,10938.483168316832,296.03552833206135,4297.5,1.2220409090909092,5251.720806818183,2848.7056993136816,738.5916364441409
2021-07-01,176.1755,252.59693429128967,20287.8,10935.16697118763,295.94577985833877,4395.259766,1.2530428571428571,5507.448855073686,2968.5265438099204,769.6579110817484
2021-08-01,176.1755,252.59693429128967,20582.9,11070.886605890606,299.6188516312793,4522.680176,1.2598954545454546,5698.104196105236,3064.828834791526,794.6264666986237
2021-09-01,177.8443,254.9896266006363,20070.3,10772.512316305108,291.54374751501655,4307.540039,1.2671095238095238,5458.125007607749,2929.5884400525847,759.5623235378714
2021-10-01,177.8443,254.9896266006363,21037.1,11212.964350243225,303.46399720278606,4605.379883,1.24336,5726.14513132688,3052.087085286808,791.322878820059
2021-11-01,177.8443,254.9896266006363,20660.0,10989.056865464634,297.4042383190383,4567.0,1.2566950000000001,5739.326065,3052.748329996533,791.4943215255528
2021-12-01,179.6678,257.60412469872693,21222.8,11304.088611111112,305.9301543741962,4766.180176,1.2800380952380952,6100.892194048609,3249.572439468947,842.5254410764122
2022-01-01,179.6678,257.60412469872693,21098.3,11137.230626290431,301.4143644851659,4515.549805,1.262235,5699.685008114175,3008.711907242651,780.0768790172684
2022-02-01,179.6678,257.60412469872693,21126.4,11038.112261580383,298.7318575038196,4373.939941,1.2711,5559.715059005099,2904.8375001750073,753.1450803694687
2022-03-01,198.607,284.75877365916466,21890.2,11275.87871054399,305.16669085827,4530.410156,1.2660347826086957,5735.656836979687,2954.4988542400406,766.0209140422
2022-04-01,198.607,284.75877365916466,20762.0,10630.476635514018,287.69974033797166,4131.930176,1.2628190476190477,5217.880129684724,2671.6382239440477,692.6828728867828
2022-05-01,198.607,284.75877365916466,20729.3,10467.000065832784,283.27546396154753,4132.149902,1.2859142857142858,5313.590589694686,2683.0309297536696,695.6366905554463
2022-06-01,187.6682,269.0749393869443,18861.4,9461.539437540878,256.0640066019361,3785.379883,1.2804238095238094,4846.890530285652,2431.3702006076487,630.3879322110984
2022-07-01,187.6682,269.0749393869443,19692.9,9865.744154147616,267.0032707570959,4130.290039,1.293625,5343.046451701376,2676.758085208985,694.0103131734182
2022-08-01,187.6682,269.0749393869443,19330.8,9716.070511140237,262.95255227051325,3955.0,1.2917478260869566,5108.862652173913,2567.8228402473082,665.7663773880992
2022-09-01,169.2519,242.67001406538324,18444.2,9264.37550753111,250.72802653136029,3585.620117,1.333852380952381,4782.687930251205,2402.306249183153,622.852442866122
2022-10-01,169.2519,242.67001406538324,19426.1,9687.788491547462,262.1871369488811,3871.97998,1.368935,5300.4889139213,2643.351753561533,685.3489631557482
2022-11-01,169.2519,242.67001406538324,20453.3,10186.80590909091,275.69238101025746,4080.110107,1.34571,5490.6449720909695,2734.6264244115414,709.0139940942722
2022-12-01,160.5654,230.2154828182956,19384.9,9711.442390594384,262.82729833083135,3839.5,1.358542857142857,5216.1253,2613.17315813194,677.5244770428799
2023-01-01,160.5654,230.2154828182956,20767.4,10349.964782326188,280.1080593540493,4076.600098,1.34222,5471.69418353756,2726.9586996577705,707.025962345308
2023-02-01,160.5654,230.2154828182956,20221.2,10038.615145631069,271.681794690407,3970.149902,1.345442105263158,5341.606842357201,2651.78799228995,687.5362496028375
2023-03-01,159.7024,228.97813055141754,20099.9,9926.995041854476,268.6609447347483,4109.310059,1.3682739130434782,5622.661754336857,2776.9359726827875,719.9837051818025
2023-04-01,159.7024,228.97813055141754,20636.5,10120.329603580563,273.89328803543617,4169.47998,1.3484450000000001,5622.314431631101,2757.234762826761,714.8757191827583
2023-05-01,159.7024,228.97813055141754,19572.2,9561.70535031847,258.77486408132285,4179.830078,1.3517181818181818,5649.952313343109,2760.199633333863,715.6444291833079
2023-06-01,165.2839,236.98077444200857,20155.3,9834.042684478372,266.1453125577707,4450.379883,1.3286047619047618,5912.795904838957,2884.9328619665907,747.9843509509385
2023-07-01,165.2839,236.98077444200857,20626.6,10006.706008855155,270.8182162564758,4588.959961,1.3211249999999999,6062.589728476124,2941.1804691595116,762.5678202972789
2023-08-01,165.2839,236.98077444200857,20292.6,9807.45066162571,265.42563475478175,4507.660156,1.3478391304347825,6075.600744958556,2936.3489422704556,761.315137244631
2023-09-01,162.7144,233.29667635424124,19541.3,9456.263154574133,255.92121100663695,4288.049805,1.35309,5802.117310647449,2807.7122884962737,727.9631638762829
2023-10-01,162.7144,233.29667635424124,18873.5,9127.348360655738,247.01956867693116,4193.799805,1.3712190476190476,5750.618174517047,2781.0366581680805,721.0469010057358
2023-11-01,162.7144,233.29667635424124,20236.3,9774.08192695214,264.52255424107074,4567.799805,1.370665,6260.923319720325,3024.0101928372096,784.0433069268968
2023-12-01,156.2966,224.09496212669745,20958.4,10154.828048010108,274.826942644232,4769.830078,1.34162,6399.29942924636,3100.6081252254944,803.9030601630878
2024-01-01,156.2966,224.09496212669745,21021.9,10185.595262160456,275.659616457973,4845.649902,1.3422714285714286,6504.177416314543,3151.4239281827254,817.0782109245184
2024-02-01,156.2966,224.09496212669745,21363.6,10318.56498740554,279.2582655813829,5096.27002,1.349995,6879.9390456499,3322.9932292276285,861.5614479443559
2024-03-01,156.4211,224.27346775500138,22167.0,10639.605131414266,287.9467909632845,5254.350098,1.353557142857143,7112.063106220029,3413.6122668778235,885.0564910887481
2024-04-01,156.4211,224.27346775500138,21714.5,10370.49906600249,280.6637924866506,5035.689941,1.3673545454545455,6885.573530326082,3288.440160498197,852.6027802998934
2024-05-01,156.4211,224.27346775500138,22269.1,10576.098885448915,286.22807870789677,5277.509766,1.366659090909091,7212.55669906541,3425.406184633541,888.1143320645224
2024-06-01,156.3798,224.21425263492947,21875.8,10395.748822800497,281.34714364045635,5460.47998,1.370536842105263,7483.78898816821,3556.4226480328484,922.0833251151319
2024-07-01,156.3798,224.21425263492947,23110.8,10935.215052436768,295.94708111352855,5522.299805,1.3714272727272727,7573.432560753499,3583.4810450943455,929.0988289525488
2024-08-01,156.3798,224.21425263492947,23346.2,11067.079975278122,299.5158302262827,5648.399902,1.3655,7712.890066180999,3656.2340424974204,947.9616954891304
2024-09-01,153.045,219.43288260064776,24000.4,11426.633643699568,309.2466730275202,5762.47998,1.3546200000000002,7805.970630507601,3716.436668900888,963.5705933701173
2024-10-01,153.045,219.43288260064776,24156.9,11451.38584672435,309.91655854885533,5705.450195,1.375668181818182,7848.806296209842,3720.6640477088686,964.6666373147086
2024-11-01,153.045,219.43288260064776,25648.0,12158.229913473424,329.04635502324567,6032.379883,1.397278947368421,8428.917413044679,3995.6610975310687,1035.9658666785645
2024-12-01,150.5615,215.87208960552405,24727.9,11765.694354838713,318.4229011401577,5881.629883,1.424704761904762,8379.586102071447,3987.061129211415,1033.7361296172348
2025-01-01,150.5615,215.87208960552405,25533.1,12141.281897086175,328.58767945478,6040.529785,1.438861904761905,8691.48819221612,4132.902320787207,1071.5487700640451
2025-02-01,150.5615,215.87208960552405,25393.5,11948.965950920247,323.3829036322222,5954.5,1.429863157894737,8514.12017368421,4006.3375295802393,1038.733974110821
2025-03-01,150.6479,215.99596821022655,24917.5,11689.126911314985,316.3507049089439,5611.850098,1.4355761904761903,8056.238385210275,3779.2873648050645,979.8660633973309
2025-04-01,150.6479,215.99596821022655,24841.7,11660.700061199512,315.5813699414481,5569.060059,1.3981409090909092,7786.330693672133,3654.9055336882043,947.6172494146672
2025-05-01,150.6479,215.99596821022655,26175.1,12219.29500912964,330.6990007856487,5911.689941,1.386695238095238,8197.712290280218,3826.92959625376,992.2183936847382
2025-06-01,149.181,213.89275611256323,26857.1,12530.04604622871,339.10906514574356,6204.950195,1.36683,8481.11207503185,3956.82053622228,1025.895569229313
2025-07-01,149.181,213.89275611256323,27259.8,12679.361188599152,343.1500812884244,6339.390137,1.3691090909090908,8679.316667386127,4037.0138774318734,1046.687513841277
2025-08-01,149.181,213.89275611256323,28564.5,13294.278822815533,359.79201088001685,6460.259766,1.3797190476190475,8913.343451717172,4148.382540938756,1075.562368638655
2025-09-01,145.2817,208.30201718528883,30022.8,13964.516434202547,377.93110222767984,6688.459961,1.3834285714285715,9253.006608903428,4303.854499107902,1115.8720040049864
2025-10-01,145.2817,208.30201718528883,30260.7,14041.111252268603,380.0040393145477,6840.200195,1.3987681818181819,9567.854390032524,4439.530742380487,1151.049150794644
2025-11-01,145.2817,208.30201718528883,31382.8,14552.967110036276,393.8567387201664,6849.089844,1.4056166666666667,9627.1948362238,4464.36423179181,1157.4877968040744
2025-12-01,142.2693,203.9828978704063,31712.8,14741.64703030303,398.96311032785013,6845.5,1.379490909090909,9443.305018181818,4389.706029663912,1138.130962682211
