date,canada_house_index_2010,canada_house_index_1990,tsx_cad,tsx_index_1990,sp500_usd,usd_cad,sp500_cad,sp500_index_1990
1990-01-01,69.7457,100.0,3694.99,100.0,329.0799866,1.1720380952380953,385.6942806756419,100.0
1990-02-01,69.7457,100.0,3677.34,99.52232617679616,331.8900146,1.196478947368421,397.09941531069785,102.95704012387141
1990-03-01,67.5219,96.81155970905733,3630.26,98.24816846594985,339.9400024,1.1799863636363637,401.1245672865128,104.00065217037722
1990-04-01,67.5219,96.81155970905733,3332.42,90.18752418815748,330.7999878,1.164095238095238,385.0826905599428,99.84143137548534
1990-05-01,67.5219,96.81155970905733,3572.9,96.69579619971908,361.230011,1.1746999999999999,424.3368939216999,110.01897491929765
1990-06-01,62.4101,89.48236235352144,3534.9,95.66737663701392,358.019989,1.1730476190476191,419.9744956679048,108.88792411757116
1990-07-01,62.4101,89.48236235352144,3552.06,96.13178926059341,356.1499939,1.1570285714285713,412.0757186564114,106.83998682442366
1990-08-01,62.4101,89.48236235352144,3337.8,90.33312674729838,322.5599976,1.144808695652174,369.2694901220243,95.74150010084533
1990-09-01,62.1317,89.08319796059112,3151.38,85.28791688204839,306.0499878,1.1583368421052633,354.50897639460635,91.91450175864507
1990-10-01,62.1317,89.08319796059112,3073.48,83.17965677850279,304.0,1.1600227272727273,352.6469090909091,91.43171852928648
1990-11-01,62.1317,89.08319796059112,3143.0,85.0611233047992,322.2200012,1.16348,374.896526996176,97.20043718031005
1990-12-01,61.7145,88.48502488325445,3248.53,87.9171526851223,330.2200012,1.160265,383.142709692318,99.33844728554074
1991-01-01,61.7145,88.48502488325445,3264.59,88.35179526872875,343.9299927,1.1560333333333335,397.59453589429006,103.08541137758172
1991-02-01,61.7145,88.48502488325445,3453.61,93.46737068300591,367.0700073,1.1548947368421052,423.9272194833631,109.91275751892056
1991-03-01,62.8823,90.1593933389442,3486.82,94.36615525346484,375.2200012,1.1571571428571428,434.1885045314457,112.57322866464439
1991-04-01,62.8823,90.1593933389442,3459.99,93.64003691484956,375.3399963,1.1535136363636362,432.9598040047268,112.25466015370704
1991-05-01,62.8823,90.1593933389442,3537.09,95.72664608023297,389.8299866,1.1498545454545455,448.24778204649454,116.21841559622669
1991-06-01,64.6421,92.68255964166967,3457.0,93.5591165334683,371.1600037,1.143895,424.56807243241155,110.0789131974351
1991-07-01,64.6421,92.68255964166967,3537.96,95.75019147548439,387.8099976,1.1493318181818182,445.72236965069453,115.56364508955075
1991-08-01,64.6421,92.68255964166967,3517.9,95.20729420106686,395.4299927,1.1451500000000001,452.8266561404051,117.40559267489363
1991-09-01,60.6376,86.94098704292881,3387.9,91.68901674970704,387.8599854,1.136955,440.979349700457,114.33390947046693
1991-10-01,60.6376,86.94098704292881,3515.8,95.15046048839105,392.4500122,1.127940909090909,442.6604235336063,114.7697660328729
1991-11-01,60.6376,86.94098704292881,3448.5,93.32907531549478,375.2200012,1.1301736842105263,424.06377114568215,109.94816163797563
1991-12-01,61.4683,88.13202821105818,3512.4,95.05844400120164,417.0899963,1.146652380952381,478.25723732881477,123.99904828534798
1992-01-01,61.4683,88.13202821105818,3596.1,97.3236734064233,408.7799988,1.157057142857143,472.9818174686743,122.63127590072791
1992-02-01,61.4683,88.13202821105818,3581.9,96.939369254044,412.7000122,1.182457894736842,488.00038758388104,126.52518122099812
1992-03-01,62.2387,89.23661243632223,3412.1,92.34395762911402,403.6900024,1.1928363636363637,481.53611449917094,124.84917164331233
1992-04-01,62.2387,89.23661243632223,3355.6,90.81486012140763,414.9500122,1.1874318181818182,492.7248474412136,127.75010471456316
1992-05-01,62.2387,89.23661243632223,3387.9,91.68901674970704,415.3500061,1.1990750000000001,498.0358085643575,129.12709197863157
1992-06-01,62.3972,89.46386658962487,3387.7,91.68360401516648,408.1400146,1.1960454545454544,488.1540092804454,126.5650111340306
1992-07-01,62.3972,89.46386658962487,3443.4,93.19105058471065,424.2099915,1.192404347826087,505.82983825586746,131.14787115063712
1992-08-01,62.3972,89.46386658962487,3402.9,92.09497184024856,414.0299988,1.1907476190476192,493.0052352853886,127.82280162976858
1992-09-01,62.2764,89.2906659478649,3297.9,89.25328620645794,417.7999878,1.2224761904761905,510.75053746674286,132.42367415250052
1992-10-01,62.2764,89.2906659478649,3336.1,90.28711850370367,418.6799927,1.245304761904762,521.3841886235609,135.18068966701387
1992-11-01,62.2764,89.2906659478649,3282.8,88.84462474864615,431.3500061,1.2674315789473685,546.70661931028,141.74610480419463
1992-12-01,63.3468,90.82538421723491,3350.4,90.67412902335326,435.7099915,1.2724681818181818,554.4271006840204,143.7478149047997
1993-01-01,63.3468,90.82538421723491,3305.5,89.45897011899898,438.7799988,1.2779105263157895,560.7215792033495,145.37980138598442
1993-02-01,63.3468,90.82538421723491,3451.7,93.41567906814362,443.3800049,1.2602263157894735,558.7591500698458,144.87099707339104
1993-03-01,63.4415,90.96116319715767,3602.4,97.49417454445074,451.6700134,1.2470739130434783,563.2658910151383,146.03947199539346
1993-04-01,63.4415,90.96116319715767,3789.4,102.55508133986832,440.1900024,1.2620545454545455,555.5437933925673,144.03734284557984
1993-05-01,63.4415,90.96116319715767,3882.6,105.07741563576627,450.1900024,1.269805,571.653515997532,148.2141542249823
1993-06-01,63.3176,90.78351783694191,3966.4,107.34535140825822,450.5299988,1.2789227272727273,576.1930547834745,149.39113273189466
1993-07-01,63.3176,90.78351783694191,3967.2,107.36700234642042,448.1300049,1.2819666666666667,574.48772861497,148.94898820086425
1993-08-01,63.3176,90.78351783694191,4137.6,111.97865217497207,463.5599976,1.3080136363636363,606.3427981334945,157.20813828800638
1993-09-01,61.6801,88.43570284619697,3990.6,108.00029228766519,458.9299927,1.3214761904761905,606.465058448462,157.23983705075526
1993-10-01,61.6801,88.43570284619697,4255.5,115.1694591866284,467.8299866,1.32629,620.478232927714,160.87307072347252
1993-11-01,61.6801,88.43570284619697,4180.2,113.13156463210996,461.7900085,1.3174350000000001,608.3783198481975,157.73589351194624
1993-12-01,62.1264,89.0755989258119,4321.4,116.95295521774078,466.4500122,1.3307608695652173,620.7334238439782,160.93923476298517
1994-01-01,62.1264,89.0755989258119,4554.9,123.27232279383706,481.6099854,1.31725,634.4007532681501,164.48280025227115
1994-02-01,62.1264,89.0755989258119,4423.8,119.72427530250422,467.1400146,1.3424263157894736,627.1010487573188,162.59018610770983
1994-03-01,65.273,93.58713153642447,4329.6,117.17487733390348,445.769989,1.3644391304347827,608.2260161650827,157.69640532382792
1994-04-01,65.273,93.58713153642447,4267.1,115.48339778998051,450.9100037,1.3829714285714285,623.5956519741371,161.68133239667185
1994-05-01,65.273,93.58713153642447,4326.8,117.09909905033572,456.5,1.3808380952380952,630.3525904761905,163.43322212918665
1994-06-01,64.9563,93.1330533638633,4025.3,108.93940173045125,444.269989,1.3836318181818184,614.7060926436865,159.37651229021907
1994-07-01,64.9563,93.1330533638633,4179.0,113.09908822486665,458.2600098,1.3825749999999999,633.578833049235,164.26969877265486
1994-08-01,64.9563,93.1330533638633,4349.5,117.71344442068856,475.4899902,1.3783173913043478,655.376122883794,169.92114110059802
1994-09-01,63.5844,91.16605038016681,4354.2,117.84064368239156,462.7099915,1.3540142857142858,626.5159386337358,162.43848302241696
1994-10-01,63.5844,91.16605038016681,4291.7,116.14916413846859,472.3500061,1.35027,637.800042736647,165.3641432326602
1994-11-01,63.5844,91.16605038016681,4093.4,110.78243784150973,453.6900024,1.364665,619.134867125196,160.5247726361468
1994-12-01,64.1443,91.96882388448321,4213.6,114.03549130038242,459.269989,1.389252380952381,638.0419257182238,165.42685688792963
1995-01-01,64.1443,91.96882388448321,4017.5,108.72830508336966,470.4200134,1.4132250000000002,664.8093234372151,172.36691253824975
1995-02-01,64.1443,91.96882388448321,4124.8,111.63223716437665,487.3900146,1.4004894736842106,682.5845850260937,176.97555271765316
1995-03-01,61.7928,88.59728986876611,4313.6,116.74185857065919,500.7099915,1.4076956521739132,704.847278034587,182.74766138607689
1995-04-01,61.7928,88.59728986876611,4279.5,115.81898733149481,514.710022,1.3762,708.3439322764,183.6542483947532
1995-05-01,61.7928,88.59728986876611,4448.6,120.39545438553286,533.4000244,1.3608727272727272,725.8895459325672,188.20334713311968
1995-06-01,59.7398,85.65373922693442,4527.2,122.5226590599704,544.75,1.3775090909090908,750.3980772727272,194.55774038396774
1995-07-01,59.7398,85.65373922693442,4615.1,124.9015558905437,562.0599976,1.36117,765.059206933192,198.35897115015436
1995-08-01,59.7398,85.65373922693442,4516.7,122.23849049659133,561.8800049,1.355217391304348,761.4695544666523,197.4282722400613
1995-09-01,60.1995,86.31284796051943,4529.8,122.5930246089976,584.4099731,1.350935,789.4998870098485,204.69577242028015
1995-10-01,60.1995,86.31284796051943,4459.2,120.68232931618219,581.5,1.3458190476190477,782.5937761904762,202.9052063773317
1995-11-01,60.1995,86.31284796051943,4661.2,126.14919120214128,605.3699951,1.3533714285714287,819.2904550827658,212.41965363021967
1995-12-01,60.2732,86.41851755735479,4713.5,127.56462128449604,615.9299927,1.3693,843.39293900411,218.6687698678581
1996-01-01,60.2732,86.41851755735479,4968.4,134.46315145643155,636.0200195,1.3668666666666667,869.3545639872333,225.39991064019333
1996-02-01,60.2732,86.41851755735479,4933.7,133.52404201364553,640.4299927,1.37522,880.732134560894,228.349804155267
1996-03-01,59.296,85.01742759768702,4970.8,134.5281042709182,645.5,1.3656,881.4947999999999,228.54754248775401
1996-04-01,59.296,85.01742759768702,5146.5,139.2831915647945,654.1699829,1.3591863636363637,889.1389202579132,230.52945423519367
1996-05-01,59.296,85.01742759768702,5246.4,141.986852467801,669.1199951,1.36925,916.192553290675,237.5437228899869
1996-06-01,60.0922,86.1590033507442,5044.1,136.5118714800311,670.6300049,1.3658,915.9464606924199,237.4799177960083
1996-07-01,60.0922,86.1590033507442,4929.2,133.40225548648306,639.9500122,1.369731818181818,876.5598937561826,227.26805599000963
1996-08-01,60.0922,86.1590033507442,5143.4,139.1992941794159,651.9899902,1.3722409090909091,894.6873368702209,231.9680072265909
1996-09-01,59.1753,84.84437033394173,5291.1,143.19659863761473,687.3300171,1.3693849999999999,941.2194154664834,244.03250517941245
1996-10-01,59.1753,84.84437033394173,5598.8,151.5240907282564,705.2700195,1.3508363636363636,952.7043885231272,247.01024522692495
1996-11-01,59.1753,84.84437033394173,6016.7,162.83399955074304,757.0200195,1.3380578947368422,1012.9366135658132,262.62681722720816
1996-12-01,59.16,84.82243349769233,5927.0,160.40638810930477,740.7399902,1.3621571428571428,1009.0042686508599,261.60726751854645
1997-01-01,59.16,84.82243349769233,6109.6,165.3482147448302,786.1599731,1.3494380952380953,1060.8742166524962,275.0557293185952
1997-02-01,59.16,84.82243349769233,6157.8,166.6526837691036,790.8200073,1.3555842105263158,1072.023115264186,277.94633443520706
1997-03-01,59.5255,85.34648014142807,5850.2,158.32789804573218,757.1199951,1.3724761904761904,1039.1291666082,269.41783134245605
1997-04-01,59.5255,85.34648014142807,5976.6,161.74874627536207,801.3400269,1.394159090909091,1117.1954834119706,289.65829658010944
1997-05-01,59.5255,85.34648014142807,6382.1,172.7230655563344,848.2800293,1.3803999999999998,1170.96575244572,303.59945975721365
1997-06-01,60.8449,87.23820966740603,6437.7,174.22780575860827,885.1400146,1.3842714285714286,1225.274032496077,317.6801145066754
1997-07-01,60.8449,87.23820966740603,6877.7,186.13582174782613,954.3099976,1.3775318181818184,1314.5923861030146,340.83792577897987
1997-08-01,60.8449,87.23820966740603,6611.8,178.93959117616015,899.4699707,1.3905333333333334,1250.7429765907068,324.2835165716514
1997-09-01,59.6296,85.49573665473285,7040.2,190.5336685620259,947.2800293,1.3871619047619048,1314.030769786701,340.69231399668183
1997-10-01,59.6296,85.49573665473285,6842.4,185.1804741014184,914.6199951,1.3869045454545454,1268.4906285678042,328.8849983322852
1997-11-01,59.6296,85.49573665473285,6512.8,176.26028757858617,955.4000244,1.4128222222222222,1349.8103855839734,349.96899181897027
1997-12-01,59.5975,85.44971231201349,6699.4,181.3103689049226,970.4299927,1.4270909090909092,1384.8918204913273,359.06465039236156
1998-01-01,59.5975,85.44971231201349,6700.2,181.33201984308482,980.2800293,1.440945,1412.5296068196885,366.2303740530667
1998-02-01,59.5975,85.44971231201349,7092.5,191.94909864438065,1049.339966,1.4334105263157895,1504.1349529482527,389.9811400660069
1998-03-01,58.7171,84.18741227057725,7558.5,204.56077012387044,1101.75,1.4165772727272727,1560.7140102272726,404.6505453732122
1998-04-01,58.7171,84.18741227057725,7665.0,207.44305126671523,1111.75,1.4297727272727274,1589.5498295454547,412.1268862895641
1998-05-01,58.7171,84.18741227057725,7589.8,205.4078630794671,1090.819946,1.44522,1576.47480235812,408.7368886042392
1998-06-01,59.072,84.69626084475459,7366.9,199.3753704340201,1133.839966,1.4655090909090909,1661.6527778090544,430.8212128264505
1998-07-01,59.072,84.69626084475459,6931.4,187.58914097196475,1120.670044,1.486895652173913,1666.3194159451477,432.0311447258602
1998-08-01,59.072,84.69626084475459,5530.7,149.6810546171979,957.2800293,1.5346380952380954,1469.07840077442,380.89193290627867
1998-09-01,57.8359,82.92396520502339,5614.1,151.93816492060876,1017.01001,1.5217619047619049,1547.6470899795238,401.2626495960545
1998-10-01,57.8359,82.92396520502339,6208.3,168.01939924059334,1098.670044,1.5451761904761905,1697.6387931782285,440.15140442434904
1998-11-01,57.8359,82.92396520502339,6343.9,171.68923325908864,1163.630005,1.5403947368421052,1792.4495353335524,464.7332421402827
1998-12-01,58.5525,83.9514120583778,6485.9,175.5322747828817,1229.22998,1.5432727272727271,1897.03710368,491.8499440429492
1999-01-01,58.5525,83.9514120583778,6729.6,182.12769182054623,1279.640015,1.519442105263158,1944.338918370579,504.11401355617033
1999-02-01,58.5525,83.9514120583778,6312.7,170.8448466707623,1238.329956,1.4977421052631579,1854.6989153098737,480.87280735947024
1999-03-01,58.7194,84.1907099649154,6597.8,178.56069975832142,1286.369995,1.5175695652173913,1952.1559540208477,506.14075754536697
1999-04-01,58.7194,84.1907099649154,7014.7,189.84354490810532,1335.180054,1.4881,1986.8814383574,515.1441278509161
1999-05-01,58.7194,84.1907099649154,6841.8,185.16423589779677,1301.839966,1.4611100000000001,1902.1313927222602,493.170754150202
1999-06-01,60.36,86.54296967411611,7010.1,189.71905201367258,1372.709961,1.4694863636363635,2017.1785689173043,522.9993468878257
1999-07-01,60.36,86.54296967411611,7081.0,191.6378664082988,1328.719971,1.489047619047619,1978.5273091985712,512.9781301741566
1999-08-01,60.36,86.54296967411611,6970.8,188.6554496764538,1320.410034,1.4931954545454544,1971.630260905009,511.18991379680193
1999-09-01,59.4283,85.20711671113776,6957.7,188.30091556404753,1282.709961,1.477052380952381,1894.629801966386,491.22579641250024
1999-10-01,59.4283,85.20711671113776,7256.2,196.37942186582373,1362.930054,1.4776099999999999,2013.8790770909397,522.1438787122062
1999-11-01,59.4283,85.20711671113776,7523.2,203.60542247746275,1388.910034,1.46743,2038.12825119262,528.431027709905
1999-12-01,60.0764,86.1363496244213,8413.8,227.7083293865477,1469.25,1.4722086956521738,2163.0426260869563,560.8179157590399
2000-01-01,60.0764,86.1363496244213,8481.1,229.52971455944402,1394.459961,1.4486,2020.0146995046002,523.7346781409434
2000-02-01,60.0764,86.1363496244213,9129.0,247.0642681035673,1366.420044,1.45121,1982.96243205324,514.1280364799746
2000-03-01,60.0711,86.1287505896421,9462.4,256.0872965826701,1498.579956,1.4607739130434783,2189.0865063346437,567.5703830764356
2000-04-01,60.0711,86.1287505896421,9347.6,252.98038695639232,1452.430054,1.4688750000000002,2133.43819556925,553.1422949368057
2000-05-01,60.0711,86.1287505896421,9252.0,250.39309984600771,1420.599976,1.4957363636363636,2124.843042284145,550.913806282515
2000-06-01,60.7041,87.03633342270562,10195.5,275.9276750410691,1454.599976,1.4770454545454543,2148.510282732727,557.0500757670202
2000-07-01,60.7041,87.03633342270562,10406.3,281.63269724681254,1430.829956,1.4777850000000001,2114.45904652746,548.2215195992654
2000-08-01,60.7041,87.03633342270562,11247.9,304.409484193462,1517.680054,1.482813043478261,2250.4357798979913,583.476575269869
2000-09-01,60.0071,86.03698866023282,10377.9,280.86408894205397,1436.51001,1.48643,2135.2715741642996,553.6176399670295
2000-10-01,60.0071,86.03698866023282,9639.6,260.88297938560055,1429.400024,1.5124761904761905,2161.933502966095,560.5303504057456
2000-11-01,60.0071,86.03698866023282,8819.9,238.69888687114175,1314.949951,1.5426380952380954,2028.4918877440668,525.9325816785891
2000-12-01,60.2182,86.33965964926871,8933.7,241.77873282471674,1320.280029,1.521875,2009.3011691343752,520.9569521265837
2001-01-01,60.2182,86.33965964926871,9321.9,252.2848505679312,1366.01001,1.5032,2053.386247032,532.3870095856673
2001-02-01,60.2182,86.33965964926871,8078.7,218.63929266385026,1239.939941,1.5215631578947368,1886.6469322277737,489.15605617040274
2001-03-01,59.9294,85.92558394280938,7608.0,205.90042192265744,1160.329956,1.558740909090909,1808.6537704608545,468.9345580371418
2001-04-01,59.9294,85.92558394280938,7946.6,215.06418149981465,1249.459961,1.5577666666666665,1946.3670785804331,504.6398601428248
2001-05-01,59.9294,85.92558394280938,8161.9,220.89099023272053,1255.819946,1.54105,1935.2813277833002,501.76562753099716
2001-06-01,61.4651,88.12744011458771,7736.4,209.3753974976928,1224.380005,1.5245380952380954,1866.6139606703096,483.9620534171415
2001-07-01,61.4651,88.12744011458771,7689.7,208.11152398247356,1211.22998,1.5307904761904763,1854.1393178603812,480.7277190142367
2001-08-01,61.4651,88.12744011458771,7399.2,200.24952706231952,1133.579956,1.5398565217391305,1745.5504881593565,452.57359925109074
2001-09-01,61.5748,88.28472579671579,6838.6,185.07763214514793,1040.939941,1.5679388888888888,1632.1302144916056,423.16681793479364
2001-10-01,61.5748,88.28472579671579,6885.7,186.35233112944826,1059.780029,1.5716772727272728,1665.6321856695502,431.8529646723749
2001-11-01,61.5748,88.28472579671579,7425.7,200.96671438894288,1139.449951,1.592245,1814.283487229995,470.39418994023316
2001-12-01,62.9571,90.26664009394128,7688.4,208.07634120795998,1148.079956,1.578755,1812.53697093478,469.9413659335729
2002-01-01,62.9571,90.26664009394128,7648.5,206.99650066711953,1130.199951,1.5997142857142859,1807.997007328286,468.7642772822864
2002-02-01,62.9571,90.26664009394128,7637.5,206.69880026738912,1106.72998,1.5964,1766.7837400720002,458.07880194049756
2002-03-01,65.2743,93.58899545061558,7851.5,212.4904262257814,1147.390015,1.5877428571428571,1821.7603006732857,472.3327235970437
2002-04-01,65.2743,93.58899545061558,7663.4,207.39974939039078,1076.920044,1.5814863636363639,1703.134364312673,441.57625602567884
2002-05-01,65.2743,93.58899545061558,7656.1,207.2021845796606,1067.140015,1.5501545454545456,1654.231944888682,428.89719339132347
2002-06-01,66.8429,95.83802298923088,7145.6,193.3861796648976,989.8200073,1.53184,1516.2458799824321,393.12117289536695
2002-07-01,66.8429,95.83802298923088,6605.4,178.76638367086244,911.6199951,1.54555,1408.954283426805,365.3033902806809
2002-08-01,66.8429,95.83802298923088,6612.0,178.9450039107007,916.0700073,1.5694181818181818,1437.6969252749345,372.7555728221953
2002-09-01,65.5781,94.02457785928023,6180.4,167.26432277218612,815.2800293,1.576135,1284.9913889807556,333.1631951424754
2002-10-01,65.5781,94.02457785928023,6248.8,169.11547798505546,885.7600098,1.578009090909091,1397.7373478281256,362.3951450303158
2002-11-01,65.5781,94.02457785928023,6570.4,177.81915512626557,936.3099976,1.5714526315789474,1471.366809702198,381.48525488237055
2002-12-01,67.3256,96.53010866619734,6614.5,179.01266309245761,879.8200073,1.5592190476190477,1371.8321138584897,355.6786249086649
2003-01-01,67.3256,96.53010866619734,6569.5,177.79479782083308,855.7000122,1.5414476190476192,1319.0167464247086,341.9850416537456
2003-02-01,67.3256,96.53010866619734,6555.1,177.40508093391324,841.1500244,1.5121473684210525,1271.942795843764,329.78005108492454
2003-03-01,67.8586,97.2943134845589,6343.3,171.672995055467,848.1799927,1.4760809523809524,1251.9823314150851,324.6048474511779
2003-04-01,67.8586,97.2943134845589,6586.1,178.24405478769904,916.9199829,1.4582045454545456,1337.0568868828843,346.66235769446416
2003-05-01,67.8586,97.2943134845589,6859.8,185.65138200644657,963.5900269,1.3839571428571429,1333.5673005141614,345.75760319237247
2003-06-01,70.2072,100.66168953784964,6983.1,188.98833285069784,974.5,1.3525095238095237,1318.0205309523808,341.7267501720616
2003-07-01,70.2072,100.66168953784964,7257.9,196.42543010941841,990.3099976,1.382090909090909,1368.6984448648,354.8661500676586
2003-08-01,70.2072,100.66168953784964,7510.3,203.25630109959704,1008.01001,1.3962714285714286,1407.455576677,364.91481652553483
2003-09-01,71.4171,102.39642013772894,7421.1,200.84222149451017,995.9699707,1.3633714285714287,1357.8770017675029,352.0604452284942
2003-10-01,71.4171,102.39642013772894,7772.7,210.3578088168033,1050.709961,1.3220954545454544,1389.1388634837317,360.16579272326794
2003-11-01,71.4171,102.39642013772894,7859.4,212.7042292401333,1058.199951,1.3130444444444445,1389.4635667719335,360.24997942358226
2003-12-01,73.3939,105.23071673235769,8220.9,222.48774692218382,1111.920044,1.3127545454545455,1459.6780919430182,378.4546893944136
2004-01-01,73.3939,105.23071673235769,8521.4,230.62038056936552,1131.130005,1.295755,1465.6673596287749,380.00754303675046
2004-02-01,73.3939,105.23071673235769,8788.5,237.84908754827484,1144.939941,1.3298947368421052,1522.6496015362106,394.7814831137505
2004-03-01,74.2536,106.46333752475063,8585.9,232.36598745869406,1126.209961,1.3285782608695653,1496.258071359361,387.9388796583355
2004-04-01,74.2536,106.46333752475063,8244.0,223.11291776161778,1107.300049,1.3419727272727273,1485.9664666657545,385.2705474560591
2004-05-01,74.2536,106.46333752475063,8417.3,227.8030522410074,1120.680054,1.37886,1545.2608992584398,400.6439754697739
2004-06-01,76.8199,110.1428475160476,8545.6,231.27532144877256,1140.839966,1.357840909090909,1549.0791765606816,401.63395055977344
2004-07-01,76.8199,110.1428475160476,8458.1,228.90725008728037,1101.719971,1.3225047619047618,1457.0299079330762,377.76808755906796
2004-08-01,76.8199,110.1428475160476,8377.0,226.7123862310859,1104.23999,1.3126772727272729,1449.5107385095912,375.8185721526395
2004-09-01,74.8714,107.34912689957947,8668.3,234.59603408940214,1114.579956,1.2880952380952382,1435.6851338000001,372.2339702017441
2004-10-01,74.8714,107.34912689957947,8871.0,240.08184054625318,1130.199951,1.2469350000000001,1409.2858759001851,365.3893631586814
2004-11-01,74.8714,107.34912689957947,9030.1,244.38767087326357,1173.819946,1.1967700000000001,1404.7924967744202,364.22435259179053
2004-12-01,77.3993,110.97357973323085,9246.7,250.24966238068305,1211.920044,1.2188826086956523,1477.1882647612697,382.994599290816
2005-01-01,77.3993,110.97357973323085,9204.1,249.09674992354516,1181.27002,1.2248350000000001,1446.8608649467,375.13153226232816
2005-02-01,77.3993,110.97357973323085,9668.3,261.65970679216997,1203.599976,1.2400526315789473,1492.5273176071578,386.97159703602955
2005-03-01,79.9412,114.61810548894053,9612.4,260.1468474880852,1180.589966,1.2160260869565216,1435.6281966551128,372.2192079540936
2005-04-01,79.9412,114.61810548894053,9369.3,253.56766865404236,1156.849976,1.2359,1429.7508853384,370.69538154255923
2005-05-01,79.9412,114.61810548894053,9607.3,260.0088227573011,1191.5,1.2555285714285713,1495.9622928571428,387.86219236556565
2005-06-01,81.2524,116.4980780177129,9902.8,268.00613804096895,1191.329956,1.2401681818181818,1477.4495054780546,383.0623318784829
2005-07-01,81.2524,116.4980780177129,10422.9,282.08195421367856,1234.180054,1.222855,1509.2232499341699,391.3003965965947
2005-08-01,81.2524,116.4980780177129,10668.9,288.7396176985594,1220.329956,1.2042826086956522,1469.6221428811305,381.0329103938779
2005-09-01,81.9448,117.49082739150944,11011.8,298.0197510683385,1228.810059,1.1776809523809524,1447.1462005784142,375.20551200379964
2005-10-01,81.9448,117.49082739150944,10383.3,281.0102327746489,1207.01001,1.177415,1421.15169092415,368.4658451337781
2005-11-01,81.9448,117.49082739150944,10824.1,292.939899702029,1249.47998,1.181545,1476.3168229691003,382.76865821887606
2005-12-01,82.9798,118.97478984367496,11272.3,305.0698378074095,1248.290039,1.1614809523809524,1449.8651033453762,375.9104492826722
2006-01-01,82.9798,118.97478984367496,11945.6,323.29180863818306,1280.079956,1.157165,1481.26372228474,384.0512541928101
2006-02-01,82.9798,118.97478984367496,11688.3,316.3283256517609,1280.660034,1.1488947368421052,1471.3435727466315,381.47923017401195
2006-03-01,85.6578,122.814453077394,12110.6,327.75731463413973,1294.869995,1.1573086956521739,1498.564304952587,388.536823083679
2006-04-01,85.6578,122.814453077394,12204.2,330.29047439911886,1310.609985,1.1441050000000001,1499.4754368884253,388.77305472658594
2006-05-01,85.6578,122.814453077394,11744.5,317.84930405765647,1270.089966,1.109990909090909,1409.7883159875817,365.51963215995266
2006-06-01,88.764,127.26806097006698,11612.9,314.2877247299722,1270.199951,1.1137272727272727,1414.6563272455455,366.7817746136692
2006-07-01,88.764,127.26806097006698,11831.0,320.1903117464459,1276.660034,1.129445,1441.91729210113,373.84979875129187
2006-08-01,88.764,127.26806097006698,12073.8,326.7613714786779,1303.819946,1.118213043478261,1457.948469964322,378.0062456229202
2006-09-01,90.9982,130.47141257453865,11761.3,318.30397375906296,1335.849976,1.11612,1490.9688752131199,386.56753545873374
2006-10-01,90.9982,130.47141257453865,12344.6,334.09021404658745,1377.939941,1.1285380952380952,1555.0577163686335,403.1840227561978
2006-11-01,90.9982,130.47141257453865,12752.4,345.12677977477614,1400.630005,1.1358809523809523,1590.948944012738,412.48963848408255
2006-12-01,91.8116,131.63764934612456,12908.4,349.3487127164079,1418.300049,1.153235,1635.6332570085149,424.07506124884355
2007-01-01,91.8116,131.63764934612456,13034.1,352.75061637514585,1438.23999,1.1762619047619047,1691.746910142143,438.62379996369583
2007-02-01,91.8116,131.63764934612456,13045.0,353.045610407606,1406.819946,1.1709894736842106,1647.3713481349896,427.11842790336397
2007-03-01,93.7553,134.42448781788698,13165.5,356.3067829682895,1420.859985,1.1681590909090909,1659.7905083867045,430.3383771932418
2007-04-01,93.7553,134.42448781788698,13416.7,363.1051775512248,1482.369995,1.1349857142857143,1682.4687676107858,436.21823083907617
2007-05-01,93.7553,134.42448781788698,14056.8,380.42863444826645,1530.619995,1.0950863636363637,1676.1610844336592,434.582820750527
2007-06-01,96.4194,138.24422150756246,13906.6,376.3636708083107,1503.349976,1.065104761904762,1601.2252182470097,415.1539959166766
2007-07-01,96.4194,138.24422150756246,13868.6,375.3352512456056,1455.27002,1.0501857142857143,1528.3037854322856,396.2474586750604
2007-08-01,96.4194,138.24422150756246,13660.5,369.7033009561596,1473.98999,1.0578521739130435,1559.2635152475652,404.27447161418047
2007-09-01,98.4359,141.13543917402794,14098.9,381.568015069053,1526.75,1.026745,1567.58292875,406.4314684687517
2007-10-01,98.4359,141.13543917402794,14625.0,395.8062132779791,1549.380005,0.9754130434782609,1511.285466181413,391.8350729842328
2007-11-01,98.4359,141.13543917402794,13689.1,370.47732199545874,1481.140015,0.9672380952380953,1432.615046889524,371.4379804595322
2007-12-01,98.7641,141.60600581827984,13833.1,374.37449086465733,1468.359985,1.00207,1471.39949016895,381.49372803543224
2008-01-01,98.7641,141.60600581827984,13155.1,356.02532077218075,1378.550049,1.0099428571428573,1392.2567752014859,360.9741821326967
2008-02-01,98.7641,141.60600581827984,13582.7,367.5977472198843,1330.630005,0.998555,1328.7072446427749,344.49752335326446
2008-03-01,99.9306,143.27851035977847,13350.1,361.30273694922045,1322.699951,1.0029428571428571,1326.5924679986572,343.94921948927845
2008-04-01,99.9306,143.27851035977847,13937.0,377.18640645847483,1385.589966,1.0137181818181817,1404.5977410790363,364.1738577555584
2008-05-01,99.9306,143.27851035977847,14714.7,398.2338247194174,1400.380005,0.9993047619047618,1399.4064074727141,362.8278866415382
2008-06-01,98.653,141.44671284394593,14467.0,391.5301529909418,1280.0,1.0166238095238096,1301.2784761904763,337.38599232297537
2008-07-01,98.653,141.44671284394593,13592.9,367.87379668145246,1267.380005,1.0129636363636363,1283.8098585193636,332.8568565420372
2008-08-01,98.653,141.44671284394593,13771.3,372.70195589162626,1282.829956,1.0534571428571429,1351.4063802193143,350.38278966750073
2008-09-01,95.68,137.18408446685604,11752.9,318.0766389083597,1166.359985,1.0582047619047619,1234.2476902221667,320.00673903177073
2008-10-01,95.68,137.18408446685604,9762.8,264.21722386258153,968.75,1.1846954545454547,1147.6737215909093,297.56047187955863
2008-11-01,95.68,137.18408446685604,9270.6,250.8964841582792,896.2399902,1.2170944444444443,1090.8087129613632,282.81692719179904
2008-12-01,93.3232,133.80495141635973,8987.7,243.2401711506662,903.25,1.2336954545454546,1114.335419318182,288.91676002198926
2009-01-01,93.3232,133.80495141635973,8694.9,235.31592778329576,825.8800049,1.22482,1011.554347601618,262.26843338968433
2009-02-01,93.3232,133.80495141635973,8123.0,219.83821336458286,735.0900269,1.2451999999999999,915.3341014958798,237.32114976982257
2009-03-01,90.6825,130.0187681821245,8720.4,236.00605143721634,797.8699951,1.2645181818181819,1008.9211155311336,261.5857081841481
2009-04-01,90.6825,130.0187681821245,9324.8,252.3633352187692,872.8099976,1.224181818181818,1068.4781297892362,277.027216456911
2009-05-01,90.6825,130.0187681821245,10370.1,280.6529922949724,919.1400146,1.1527850000000002,1059.5708217306612,274.71779458968194
2009-06-01,91.9593,131.84941867383938,10374.9,280.7828979239457,919.3200073,1.1263545454545456,1035.4802689496612,268.4717717710912
2009-07-01,91.9593,131.84941867383938,10787.2,291.9412501792969,987.4799805,1.1228608695652174,1108.8026295824739,287.48225865318074
2009-08-01,91.9593,131.84941867383938,10868.2,294.1334076682211,1020.619995,1.0872380952380953,1109.6569393257143,287.7037578524284
2009-09-01,95.0574,136.29141294732148,11395.0,308.3905504480391,1057.079956,1.0816380952380953,1143.3779501222095,296.44669558472356
2009-10-01,95.0574,136.29141294732148,10910.8,295.28632012535894,1036.189941,1.0546761904761905,1092.8448595836287,283.3448444372139
2009-11-01,95.0574,136.29141294732148,11447.2,309.80327416312366,1095.630005,1.0593,1160.6008642964998,300.9121271550647
2009-12-01,97.6107,139.95228379670718,11746.1,317.8926059339809,1115.099976,1.053690909090909,1174.9707074386909,304.637835277316
2010-01-01,97.6107,139.95228379670718,11094.3,300.2525040663168,1073.869995,1.0438105263157895,1120.9168046756843,290.62313361559643
2010-02-01,97.6107,139.95228379670718,11629.6,314.73968806410846,1104.48999,1.0572105263157894,1167.678443638421,302.7471503059196
2010-03-01,100.2438,143.72757030182507,12037.7,325.784372894108,1169.430054,1.0229,1196.2100022365998,310.14460472194014
2010-04-01,100.2438,143.72757030182507,12210.7,330.4663882716868,1186.689941,1.005209090909091,1192.8715167835728,309.2790265632029
2010-05-01,100.2438,143.72757030182507,11763.0,318.34998200265767,1089.410034,1.0402799999999999,1133.29147016952,293.83154662917764
2010-06-01,101.3371,145.29512213656184,11294.4,305.66794497414065,1030.709961,1.0376227272727272,1069.4880807599864,277.28906917844495
2010-07-01,101.3371,145.29512213656184,11713.4,317.0076238366004,1101.599976,1.0422285714285715,1148.1189692722287,297.6759124509198
2010-08-01,101.3371,145.29512213656184,11913.9,322.4338902135053,1049.329956,1.0403954545454546,1091.718116540782,283.05271071905946
2010-09-01,99.7146,142.9688138480222,12368.7,334.74244855872416,1141.199951,1.032957142857143,1178.8106408136716,305.6334251959049
2010-10-01,99.7146,142.9688138480222,12676.2,343.06452791482525,1183.26001,1.0179,1204.440364179,312.2785129375306
2010-11-01,99.7146,142.9688138480222,12952.9,350.5530461516811,1180.550049,1.0129,1195.7791446320998,310.03289510474144
2010-12-01,98.7219,141.5455002960756,13443.2,363.82236487784814,1257.640015,1.0080619047619048,1267.7789890256904,328.7004896222086
2011-01-01,98.7219,141.5455002960756,13552.0,366.76689246790926,1286.119995,0.9939450000000001,1278.332538430275,331.43673693863167
2011-02-01,98.7219,141.5455002960756,14136.5,382.58560916267703,1327.219971,0.9876368421052631,1310.811340937479,339.85760396582975
2011-03-01,100.5969,144.23383807173778,14116.1,382.0335102395406,1325.829956,0.9765608695652174,1294.753654726974,335.694284203251
2011-04-01,100.5969,144.23383807173778,13944.8,377.39750310555644,1363.609985,0.957952380952381,1306.2734318211906,338.6810479877792
2011-05-01,100.5969,144.23383807173778,13802.9,373.5571679490337,1345.199951,0.9680428571428572,1302.2112039944716,337.6278231850668
2011-06-01,102.5685,147.060679009602,13300.9,359.97120425224426,1320.640015,0.9766454545454546,1289.7970677405908,334.40917648070445
2011-07-01,102.5685,147.060679009602,12945.6,350.3554813409509,1292.280029,0.955315,1234.5344959041352,320.0810999171502
2011-08-01,102.5685,147.060679009602,12768.7,345.5679176398313,1218.890015,0.9817086956521739,1196.5949267691087,310.24440514724967
2011-09-01,103.7585,148.7668773845556,11623.8,314.58271876243236,1131.420044,1.0025,1134.2485941099999,294.07970274360156
2011-10-01,103.7585,148.7668773845556,12252.1,331.58682432158145,1253.300049,1.0198,1278.1153899701999,331.3804362696939
2011-11-01,103.7585,148.7668773845556,12204.1,330.28776803184854,1246.959961,1.024755,1277.828454834555,331.3060418205094
2011-12-01,103.6796,148.65375213095572,11955.1,323.5489135288594,1257.599976,1.0235238095238095,1287.1835182925713,333.731554441964
2012-01-01,103.6796,148.65375213095572,12452.2,337.0022652294053,1312.410034,1.012985,1329.45167829149,344.69053468011407
2012-02-01,103.6796,148.65375213095572,12644.0,342.19307765379614,1365.680054,0.996745,1361.2347654242299,352.93102169927954
2012-03-01,105.5386,151.3191494242656,12392.2,335.3784448672392,1408.469971,0.9937727272727273,1399.699044362409,362.9037593999266
2012-04-01,105.5386,151.3191494242656,12292.7,332.6856094333138,1397.910034,0.9928238095238096,1387.8783653274381,359.83897995485313
2012-05-01,105.5386,151.3191494242656,11513.2,311.5894765615063,1310.329956,1.009731818181818,1323.0818488899815,343.03901177177585
2012-06-01,106.9303,153.31454125487306,11596.6,313.84658686491713,1362.160034,1.028,1400.300514952,363.05970430751955
2012-07-01,106.9303,153.31454125487306,11664.7,315.6896229759756,1379.319946,1.0142,1398.9062892332001,362.6982196320513
2012-08-01,106.9303,153.31454125487306,11949.3,323.39194422718333,1406.579956,0.9923826086956522,1395.8654860742956,361.9098223673634
2012-09-01,106.0767,152.09066652137696,12317.5,333.3567885163424,1440.670044,0.9783000000000001,1409.4075040452,365.4208980170158
2012-10-01,106.0767,152.09066652137696,12422.9,336.2092996192141,1412.160034,0.9871545454545455,1394.0201964723456,361.43138913814425
2012-11-01,106.0767,152.09066652137696,12239.4,331.2431156782563,1416.180054,0.9969699999999999,1411.8890284363797,366.06428956195464
2012-12-01,104.7044,150.12309002562165,12433.5,336.4961745498635,1426.189941,0.9898199999999999,1411.67132740062,366.0078456252236
2013-01-01,104.7044,150.12309002562165,12685.2,343.30810096915013,1498.109985,0.9920571428571427,1486.210711404857,385.33387345059407
2013-02-01,104.7044,150.12309002562165,12821.8,347.0049986603482,1514.680054,1.0097842105263157,1529.5000025283473,396.5576051190176
2013-03-01,105.4775,151.2315454572827,12749.9,345.0591205930192,1569.189941,1.0244238095238094,1607.5155372256618,416.7849039424926
2013-04-01,105.4775,151.2315454572827,12456.5,337.11863902202714,1597.569946,1.0186727272727272,1627.4009339007634,421.94064455660475
2013-05-01,105.4775,151.2315454572827,12650.4,342.3662851590938,1630.73999,1.0195590909090908,1662.6357817135,431.0760789091737
2013-06-01,107.0699,153.51469696339703,12129.1,328.257992579141,1606.280029,1.0314,1656.7172219106,429.5415578909901
2013-07-01,107.0699,153.51469696339703,12486.6,337.9332555703804,1685.72998,1.0402136363636363,1753.519312423,454.63969788488015
2013-08-01,107.0699,153.51469696339703,12653.9,342.4610080135535,1632.969971,1.0407181818181819,1699.4615391828092,440.6239927140659
2013-09-01,107.4486,154.05766950507342,12787.2,346.06859558483245,1681.550049,1.034235,1739.117914927515,450.90580858005114
2013-10-01,107.4486,154.05766950507342,13361.3,361.6058500834914,1756.540039,1.0362818181818183,1820.270505324082,471.9464603248495
2013-11-01,107.4486,154.05766950507342,13395.4,362.5287213226558,1805.810059,1.0486421052631578,1893.648461975147,490.97136173705735
2013-12-01,108.0217,154.87936890733047,13621.6,368.65052408802194,1848.359985,1.0639190476190477,1966.5053948983573,509.86117591723723
2014-01-01,108.0217,154.87936890733047,13694.9,370.6342912971348,1782.589966,1.0940095238095238,1950.170399851295,505.62595754209116
2014-02-01,108.0217,154.87936890733047,14209.6,384.5639636372494,1859.449951,1.1054421052631578,2055.514268464916,532.9387474618909
2014-03-01,109.3543,156.7900243312491,14335.3,387.96586729598727,1872.339966,1.1106809523809524,2079.5723366178,539.176347903033
2014-04-01,109.3543,156.7900243312491,14651.9,396.53422607368356,1883.949951,1.099209090909091,2070.8549129569365,536.9161578775049
2014-05-01,109.3543,156.7900243312491,14604.2,395.2432888857616,1923.569946,1.0893857142857142,2095.5096196017425,543.3084503951999
2014-06-01,110.5261,158.47012790752692,15146.0,409.90638675612115,1960.22998,1.0830380952380954,2123.0037437678097,550.4369263782775
2014-07-01,110.5261,158.47012790752692,15330.7,414.90504710432236,1930.670044,1.0739181818181818,2073.381663343309,537.5712752886177
2014-08-01,110.5261,158.47012790752692,15625.7,422.8888305516389,2003.369995,1.0926333333333333,2188.9488355368335,567.534688796093
2014-09-01,111.0363,159.20164253853642,14960.5,404.88607546975777,1972.290039,1.101052380952381,2171.594643369614,563.0352204252322
2014-10-01,111.0363,159.20164253853642,14613.3,395.4895683073567,2018.050049,1.1211545454545453,2262.545985391118,586.6164210233275
2014-11-01,111.0363,159.20164253853642,14744.7,399.04573490050046,2067.560059,1.132538888888889,2341.592171930906,607.1109397393734
2014-12-01,111.8501,160.36845282218115,14632.4,396.0064844559796,2058.899902,1.1531619047619048,2374.244932704419,615.576909397081
2015-01-01,111.8501,160.36845282218115,14673.5,397.1188014040634,1994.98999,1.21219,2418.3069159781003,627.000979050511
2015-02-01,111.8501,160.36845282218115,15234.3,412.2961090557755,2104.5,1.2499052631578949,2630.42562631579,681.997571161265
2015-03-01,114.857,164.67968634625504,14902.4,403.31367608572697,2067.889893,1.2618318181818182,2609.3292634839954,676.5278600743287
2015-04-01,114.857,164.67968634625504,15224.5,412.03088506328845,2085.51001,1.233681818181818,2572.8557809731815,667.0712815513283
2015-05-01,114.857,164.67968634625504,15014.1,406.33668832662613,2107.389893,1.21764,2566.0422293125202,665.3047135719625
2015-06-01,117.4469,168.39303354902165,14553.3,393.86574794519066,2063.110107,1.2364954545454545,2551.0262695322863,661.4114850403053
2015-07-01,117.4469,168.39303354902165,14468.4,391.5680421327257,2103.840088,1.2863136363636363,2706.1981939228726,701.6433298368532
2015-08-01,117.4469,168.39303354902165,13859.1,375.0781463549293,1972.180054,1.3147238095238096,2592.8720736617524,672.2609599291117
2015-09-01,119.1831,170.88236264027745,13307.0,360.13629265573115,1920.030029,1.3265809523809524,2547.0752644708477,660.3870972649622
2015-10-01,119.1831,170.88236264027745,13529.2,366.1498407302862,2079.360107,1.3072238095238096,2718.189040444376,704.7522290667041
2015-11-01,119.1831,170.88236264027745,13469.8,364.54225857174174,2080.409912,1.3278526315789474,2762.4777764121263,716.2350895048124
2015-12-01,120.847,173.26802942690372,13010.0,352.0983818630091,2043.939941,1.3712545454545455,2802.7619347323457,726.679672258192
2016-01-01,120.847,173.26802942690372,12822.1,347.0131177621591,1940.23999,1.4208105263157895,2756.7134013708423,714.7405443870612
2016-02-01,120.847,173.26802942690372,12860.4,348.0496564266751,1932.22998,1.37969,2665.8783811062003,691.1895028456825
2016-03-01,126.8984,181.94440660857944,13494.4,365.20802492022983,2059.73999,1.3226391304347827,2724.292709295348,706.3347438087633
2016-04-01,126.8984,181.94440660857944,13951.5,377.57882971266497,2065.300049,1.2818142857142856,2647.331107094614,686.3807009160566
2016-05-01,126.8984,181.94440660857944,14065.8,380.6722075025914,2096.949951,1.2945285714285715,2714.561624425243,703.811739098126
2016-06-01,133.3705,191.2239750981064,14064.5,380.6370247280778,2098.860107,1.2894045454545455,2706.279762239014,701.6644782749371
2016-07-01,133.3705,191.2239750981064,14582.7,394.66141992265204,2173.600098,1.3052350000000001,2837.05892391303,735.5719454649931
2016-08-01,133.3705,191.2239750981064,14598.0,395.0754941150044,2170.949951,1.299782608695652,2821.762990658478,731.6061274529247
2016-09-01,137.1935,196.70531660016317,14725.9,398.5369378536884,2168.27002,1.3107761904761905,2842.1167167393332,736.8832930995609
2016-10-01,137.1935,196.70531660016317,14787.3,400.1986473576383,2126.149902,1.325095,2817.35060439069,730.462116123522
2016-11-01,137.1935,196.70531660016317,15082.9,408.19866900857653,2198.810059,1.3434149999999998,2953.9144154114842,765.8693850053855
2016-12-01,138.2738,198.25422929298867,15287.6,413.7386028108331,2238.830078,1.3339190476190477,2986.4180854266383,774.2966994986717
2017-01-01,138.2738,198.25422929298867,15386.0,416.4016682047854,2278.870117,1.3183052631578946,3004.246469294347,778.9191128350784
2017-02-01,138.2738,198.25422929298867,15399.2,416.75890868446197,2363.639893,1.3109157894736843,3098.5328563635894,803.3649995887206
2017-03-01,146.4193,209.93308548053858,15547.8,420.7805704480933,2362.719971,1.3387,3162.9732251777,820.0726284136093
2017-04-01,146.4193,209.93308548053858,15586.1,421.8171091126092,2384.199951,1.343705,3203.661395158455,830.6219603636397
2017-05-01,146.4193,209.93308548053858,15349.9,415.4246696202155,2411.800049,1.3605727272727273,3281.4293703044273,850.785073752239
2017-06-01,153.8374,220.56900998914628,15182.2,410.8860917079614,2423.409912,1.3294863636363636,3221.8904315052,835.3482519526184
2017-07-01,153.8374,220.56900998914628,15143.9,409.8495530434453,2470.300049,1.26904,3134.9095741829597,812.796489668285
2017-08-01,153.8374,220.56900998914628,15211.9,411.6898827872335,2471.649902,1.2607695652173911,3116.1809723141478,807.9406743743677
2017-09-01,155.6623,223.18551537944273,15634.9,423.13781634050434,2519.360107,1.227875,3093.459291382625,802.0495626649279
2017-10-01,155.6623,223.18551537944273,16025.6,433.7115932654757,2575.26001,1.2606904761904763,3246.6057683211907,841.7562642188867
2017-11-01,155.6623,223.18551537944273,16067.5,434.84556115172165,2647.580078,1.277335,3381.84669893213,876.8205463166223
2017-12-01,154.6915,221.79360161271592,16209.1,438.67777720643363,2673.610107,1.27687,3413.85253732509,885.1187866578828
2018-01-01,154.6915,221.79360161271592,15951.7,431.7115878527412,2823.810059,1.242904761904762,3509.726969045667,909.9764100461862
2018-02-01,154.6915,221.79360161271592,15442.7,417.9361784470324,2713.830078,1.258821052631579,3416.2264354512004,885.7342736497956
2018-03-01,154.147,221.0129083226636,15367.3,415.8955775252436,2640.870117,1.2932545454545454,3415.317282765327,885.4985551723836
2018-04-01,154.147,221.0129083226636,15607.9,422.4070971775296,2648.050049,1.2731619047619047,3371.396444289695,874.1110805127404
2018-05-01,154.147,221.0129083226636,16061.5,434.6831791155051,2705.27002,1.2866272727272727,3480.6741878234543,902.443816829787
2018-06-01,154.8542,222.02687764263604,16277.7,440.53434515384356,2718.370117,1.312452380952381,3567.731332366452,925.0153583083112
2018-07-01,154.8542,222.02687764263604,16434.0,444.7643971972861,2816.290039,1.3133428571428571,3698.7544063632286,958.9860653064175
2018-08-01,154.8542,222.02687764263604,16262.9,440.13380279784246,2901.52002,1.3042478260869566,3784.3011784327828,981.1660084260556
2018-09-01,154.4196,221.40375679074126,16073.1,434.9971177188572,2913.97998,1.3034000000000001,3798.0815059320003,984.7388712320784
2018-10-01,154.4196,221.40375679074126,15027.3,406.69392880630255,2711.73999,1.300440909090909,3526.4576178137727,914.3142106323908
2018-11-01,154.4196,221.40375679074126,15197.8,411.3082850021245,2760.169922,1.32048,3644.7491786025603,944.983983744289
2018-12-01,154.286,221.21220376309938,14322.9,387.63027775447296,2506.850098,1.343611111111111,3368.2316455627774,873.2905345815501
2019-01-01,154.286,221.21220376309938,15540.6,420.58571200463336,2704.100098,1.330045,3596.5748148444095,932.4936860728377
2019-02-01,154.286,221.21220376309938,15999.0,432.9916995715821,2784.48999,1.3208722222222222,3677.9554808468333,953.593471597234
2019-03-01,152.5901,218.78065601176849,16102.1,435.7819642272375,2834.399902,1.3370523809523809,3789.7411375402953,982.5764413466535
2019-04-01,152.5901,218.78065601176849,16580.7,448.73463798278215,2945.830078,1.3378136363636364,3940.9716487585547,1021.786385282908
2019-05-01,152.5901,218.78065601176849,16037.5,434.03365097063863,2752.060059,1.3459772727272727,3704.2102925944773,960.400627695492
2019-06-01,151.8894,217.77600626275165,16382.2,443.3624989512827,2941.76001,1.32887,3909.2166244887,1013.5531741981525
2019-07-01,151.8894,217.77600626275165,16406.6,444.02285256523027,2980.379883,1.3105227272727271,3905.8555725779315,1012.6817451728424
2019-08-01,151.8894,217.77600626275165,16442.1,444.9836129461785,2926.459961,1.3273136363636364,3884.3302125074956,1007.1008068107985
2019-09-01,151.7732,217.60940100966798,16658.6,450.8428980863277,2976.73999,1.3240500000000002,3941.3525837595007,1021.8851513315718
2019-10-01,151.7732,217.60940100966798,16483.2,446.09592989426227,3037.560059,1.3189227272727273,4006.3069972709864,1038.7260579163678
2019-11-01,151.7732,217.60940100966798,17040.2,461.1703955897039,3140.97998,1.323657894736842,4157.582947737368,1077.9477830094606
2019-12-01,153.6002,220.22891733827316,17063.4,461.7982727964081,3230.780029,1.3168952380952381,4254.598835523296,1103.1013548010826
2020-01-01,153.6002,220.22891733827316,17318.5,468.70221570288425,3225.52002,1.3089095238095239,4221.913873416286,1094.6270362164892
2020-02-01,153.6002,220.22891733827316,16263.1,440.13921553238305,2954.219971,1.3286368421052632,3925.0854931537424,1017.6675387247004
2020-03-01,156.2749,224.0638490975071,13378.8,362.07946435578987,2584.590088,1.3960227272727272,3608.146503531818,935.493909116627
2020-04-01,156.2749,224.0638490975071,14780.7,400.02002711780005,2912.429932,1.4047954545454546,4091.3683301557276,1060.780139904759
2020-05-01,156.2749,224.0638490975071,15192.8,411.17296663861066,3044.310059,1.3972,4253.5100144348,1102.8190532106653
2020-06-01,160.4669,230.07425547381416,15515.2,419.89829471798305,3100.290039,1.3551772727272728,4201.44259971555,1089.3193936803139
2020-07-01,160.4669,230.07425547381416,16169.2,437.5979366655931,3271.120117,1.3496954545454545,4415.015953187095,1144.693135053252
2020-08-01,160.4669,230.07425547381416,16514.4,446.9403164825887,3500.310059,1.322890476190476,4630.526840764824,1200.5692261376744
2020-09-01,161.8262,232.0231928276582,16121.4,436.3042931104008,3363.0,1.3229761904761905,4449.168928571428,1153.548069413312
2020-10-01,161.8262,232.0231928276582,15580.6,421.6682589127441,3269.959961,1.3217714285714286,4322.139649022343,1120.6128443105283
2020-11-01,161.8262,232.0231928276582,17190.3,465.23265286238933,3621.629883,1.307261111111111,4734.415904883783,1227.5048249588367
2020-12-01,165.1458,236.7827694037052,17433.4,471.8118316964323,3756.070068,1.2809190476190477,4811.221694292972,1247.4184698473855
2021-01-01,165.1458,236.7827694037052,17337.0,469.2028936478854,3714.23999,1.272461111111111,4726.225944608722,1225.3813917928812
2021-02-01,165.1458,236.7827694037052,18060.3,488.77804811379735,3811.149902,1.2696473684210527,4838.816443732453,1254.5730352174348
2021-03-01,167.5337,240.2064930167738,18700.7,506.10962411264995,3972.889893,1.256895652173913,4993.508033077383,1294.680342246709
2021-04-01,167.5337,240.2064930167738,19108.3,517.140777106298,4181.169922,1.2494454545454545,5224.143753725073,1354.4778897352724
2021-05-01,167.5337,240.2064930167738,19731.0,533.9933260983115,4204.109863,1.21248,5097.399126690239,1321.616467260247
2021-06-01,176.1755,252.59693429128967,20165.6,545.7551982549344,4297.5,1.2220409090909092,5251.720806818183,1361.6278669257047
2021-07-01,176.1755,252.59693429128967,20287.8,549.0623790592126,4395.259766,1.2530428571428571,5507.448855073686,1427.9311701034262
2021-08-01,176.1755,252.59693429128967,20582.9,557.0488688737995,4522.680176,1.2598954545454546,5698.104196105236,1477.3628963653684
2021-09-01,177.8443,254.9896266006363,20070.3,543.1760302463606,4307.540039,1.2671095238095238,5458.125007607749,1415.1428426800758
2021-10-01,177.8443,254.9896266006363,21037.1,569.3411890153965,4605.379883,1.24336,5726.14513132688,1484.6331455307234
2021-11-01,177.8443,254.9896266006363,20660.0,559.1354780391829,4567.0,1.2566950000000001,5739.326065,1488.050601877245
2021-12-01,179.6678,257.60412469872693,21222.8,574.3669130363005,4766.180176,1.2800380952380952,6100.892194048609,1581.7948307040854
2022-01-01,179.6678,257.60412469872693,21098.3,570.9974857848059,4515.549805,1.262235,5699.685008114175,1477.772757773261
2022-02-01,179.6678,257.60412469872693,21126.4,571.7579749877538,4373.939941,1.2711,5559.715059005099,1441.4823702508215
2022-03-01,198.607,284.75877365916466,21890.2,592.4292081981278,4530.410156,1.2660347826086957,5735.656836979687,1487.0992711979604
2022-04-01,198.607,284.75877365916466,20762.0,561.8959726548652,4131.930176,1.2628190476190477,5217.880129684724,1352.853902978358
2022-05-01,198.607,284.75877365916466,20729.3,561.0109905574845,4132.149902,1.2859142857142858,5313.590589694686,1377.6690129774745
2022-06-01,187.6682,269.0749393869443,18861.4,510.4587563159847,3785.379883,1.2804238095238094,4846.890530285652,1256.666425489921
2022-07-01,187.6682,269.0749393869443,19692.9,532.9622001683362,4130.290039,1.293625,5343.046451701376,1385.3061140397695
2022-08-01,187.6682,269.0749393869443,19330.8,523.1624442826638,3955.0,1.2917478260869566,5108.862652173913,1324.5886465374695
2022-09-01,169.2519,242.67001406538324,18444.2,499.1677920643899,3585.620117,1.333852380952381,4782.687930251205,1240.020443620037
2022-10-01,169.2519,242.67001406538324,19426.1,525.7416122912375,3871.97998,1.368935,5300.4889139213,1374.272106041122
2022-11-01,169.2519,242.67001406538324,20453.3,553.5414168915206,4080.110107,1.34571,5490.6449720909695,1423.5743818841972
2022-12-01,160.5654,230.2154828182956,19384.9,524.6265889758837,3839.5,1.358542857142857,5216.1253,1352.3989235367
2023-01-01,160.5654,230.2154828182956,20767.4,562.0421164874601,4076.600098,1.34222,5471.69418353756,1418.6609596472347
2023-02-01,160.5654,230.2154828182956,20221.2,547.2599384572084,3970.149902,1.345442105263158,5341.606842357201,1384.932862628923
2023-03-01,159.7024,228.97813055141754,20099.9,543.9771149583626,4109.310059,1.3682739130434782,5622.661754336857,1457.8027303094386
2023-04-01,159.7024,228.97813055141754,20636.5,558.4994817306678,4169.47998,1.3484450000000001,5622.314431631101,1457.7126790115176
2023-05-01,159.7024,228.97813055141754,19572.2,529.695614873112,4179.830078,1.3517181818181818,5649.952313343109,1464.878427402599
2023-06-01,165.2839,236.98077444200857,20155.3,545.4764424260959,4450.379883,1.3286047619047618,5912.795904838957,1533.0265967338655
2023-07-01,165.2839,236.98077444200857,20626.6,558.2315513709103,4588.959961,1.3211249999999999,6062.589728476124,1571.864046792696
2023-08-01,165.2839,236.98077444200857,20292.6,549.1922846881859,4507.660156,1.3478391304347825,6075.600744958556,1575.2374482493212
2023-09-01,162.7144,233.29667635424124,19541.3,528.8593473865965,4288.049805,1.35309,5802.117310647449,1504.3306580754997
2023-10-01,162.7144,233.29667635424124,18873.5,510.7862267556881,4193.799805,1.3712190476190476,5750.618174517047,1490.9783376728774
2023-11-01,162.7144,233.29667635424124,20236.3,547.6685999150201,4567.799805,1.370665,6260.923319720325,1623.2865337678124
2023-12-01,156.2966,224.09496212669745,20958.4,567.2112779736888,4769.830078,1.34162,6399.29942924636,1659.163682187964
2024-01-01,156.2966,224.09496212669745,21021.9,568.9298211903146,4845.649902,1.3422714285714286,6504.177416314543,1686.3556817386084
2024-02-01,156.2966,224.09496212669745,21363.6,578.1774781528502,5096.27002,1.349995,6879.9390456499,1783.7804163437252
2024-03-01,156.4211,224.27346775500138,22167.0,599.9204328022539,5254.350098,1.353557142857143,7112.063106220029,1843.9638497520464
2024-04-01,156.4211,224.27346775500138,21714.5,587.6741209042515,5035.689941,1.3673545454545455,6885.573530326082,1785.241284434979
2024-05-01,156.4211,224.27346775500138,22269.1,602.6836337852064,5277.509766,1.366659090909091,7212.55669906541,1870.0190955465498
2024-06-01,156.3798,224.21425263492947,21875.8,592.0394913112079,5460.47998,1.370536842105263,7483.78898816821,1940.3422252096777
2024-07-01,156.3798,224.21425263492947,23110.8,625.4631270991262,5522.299805,1.3714272727272727,7573.432560753499,1963.5843568866776
2024-08-01,156.3798,224.21425263492947,23346.2,631.8339156533577,5648.399902,1.3655,7712.890066180999,1999.7418817489088
2024-09-01,153.045,219.43288260064776,24000.4,649.5389703355085,5762.47998,1.3546200000000002,7805.970630507601,2023.8751315766085
2024-10-01,153.045,219.43288260064776,24156.9,653.7744351134916,5705.450195,1.375668181818182,7848.806296209842,2034.9812505543657
2024-11-01,153.045,219.43288260064776,25648.0,694.1290774805886,6032.379883,1.397278947368421,8428.917413044679,2185.3882298382237
2024-12-01,150.5615,215.87208960552405,24727.9,669.227792226772,5881.629883,1.424704761904762,8379.586102071447,2172.597967331137
2025-01-01,150.5615,215.87208960552405,25533.1,691.0194614870406,6040.529785,1.438861904761905,8691.48819221612,2253.4656663797973
2025-02-01,150.5615,215.87208960552405,25393.5,687.2413727777342,5954.5,1.429863157894737,8514.12017368421,2207.4789801833613
2025-03-01,150.6479,215.99596821022655,24917.5,674.3590645712168,5611.850098,1.4355761904761903,8056.238385210275,2088.7627296670616
2025-04-01,150.6479,215.99596821022655,24841.7,672.307638180347,5569.060059,1.3981409090909092,7786.330693672133,2018.7830319994348
2025-05-01,150.6479,215.99596821022655,26175.1,708.3943393622175,5911.689941,1.386695238095238,8197.712290280218,2125.443051921806
2025-06-01,149.181,213.89275611256323,26857.1,726.8517641455051,6204.950195,1.36683,8481.11207503185,2198.9208811121125
2025-07-01,149.181,213.89275611256323,27259.8,737.7503051429097,6339.390137,1.3691090909090908,8679.316667386127,2250.309922195914
2025-08-01,149.181,213.89275611256323,28564.5,773.0602789182109,6460.259766,1.3797190476190475,8913.343451717172,2310.9866799432903
2025-09-01,145.2817,208.30201718528883,30022.8,812.5272328206572,6688.459961,1.3834285714285715,9253.006608903428,2399.0520659768217
2025-10-01,145.2817,208.30201718528883,30260.7,818.9656805566458,6840.200195,1.3987681818181819,9567.854390032524,2480.683502299279
2025-11-01,145.2817,208.30201718528883,31382.8,849.3338276964215,6849.089844,1.4056166666666667,9627.1948362238,2496.0688603832323
2025-12-01,142.2693,203.9828978704063,31712.8,858.2648396883349,6845.5,1.379490909090909,9443.305018181818,2448.391249577116
