date,canada_house_real,canada_house_real_index_1999,bc_vancouver,bc_vancouver_real,bc_vancouver_real_index_1999,on_toronto,on_toronto_real,on_toronto_real_index_1999,qc_montreal,qc_montreal_real,qc_montreal_real_index_1999,ab_calgary,ab_calgary_real,ab_calgary_real_index_1999,on_ottawa,on_ottawa_real,on_ottawa_real_index_1999,ab_edmonton,ab_edmonton_real,ab_edmonton_real_index_1999
1999-02-01,58.5525,100.0,66.15,66.15,100.0,67.33,67.33,100.0,58.7,58.7,100.0,69.33,69.33,100.0,62.08,62.07999999999999,100.0,61.22,61.22,100.0
1999-03-01,58.7194,100.28504333717603,67.03,66.7385652173913,100.88974333694829,68.45,68.15239130434782,101.22143369129336,58.94,58.68373913043477,99.97229834827048,69.44,69.13808695652173,99.72318903291755,65.25,64.96630434782608,104.64933045719408,61.85,61.58108695652173,100.58981861568397
1999-04-01,58.7194,100.28504333717603,66.8,66.15005405405404,100.00008171436741,69.1,68.42767567567566,101.63029210704838,59.88,59.29738378378378,101.01768958055158,68.84,68.17020540540541,98.32713890870534,64.28,63.654572972972964,102.5363611033714,62.7,62.08994594594595,101.42101591954582
1999-05-01,58.7194,100.28504333717603,67.19,66.39270765911542,100.36690500244202,69.97,69.13971952535059,102.68783532652694,59.92,59.20897518878101,100.86707868616867,69.22,68.39861920172599,98.6565977235338,64.05,63.28996763754044,101.94904580789377,62.41,61.66942826321466,100.7341199987172
1999-06-01,60.36,103.08697322915333,67.19,66.24977395048438,100.15082985711923,72.6,71.58406889128094,106.31823687996575,60.14,59.29842841765339,101.01946919532094,69.61,68.63590958019375,98.9988599166216,63.33,62.443789020452094,100.58600035510969,63.07,62.187427341227114,101.58024720879959
1999-07-01,60.36,103.08697322915333,67.19,66.10745435016112,99.93568306902662,70.33,69.19686358754028,102.77270694718592,60.45,59.47604726100967,101.32205666270812,69.99,68.86234156820622,99.32546021665401,65.02,63.972416756176145,103.04835173353118,63.61,62.58513426423201,102.22988282298597
1999-08-01,60.36,103.08697322915333,67.39,66.16210075026795,100.0182928953408,70.64,69.35288317256163,103.00443067363973,60.91,59.800171489817785,101.87422741025176,70.24,68.96017148981778,99.46656784915301,63.66,62.50006430868167,100.67664998176818,63.6,62.4411575562701,101.99470362017331
1999-09-01,59.4283,101.49575167584646,67.54,66.09683760683761,99.91963357042721,70.78,69.26760683760685,102.8777763814152,60.76,59.4617094017094,101.29763100802282,70.51,69.00337606837607,99.5288851411742,64.72,63.33709401709401,102.02495814609216,63.51,62.15294871794872,101.5239279940358
1999-10-01,59.4283,101.49575167584646,67.39,65.87965848452508,99.59132046035538,71.08,69.48695837780149,103.2035621235727,60.92,59.55466382070437,101.45598606593589,70.77,69.18390608324438,99.78927748917407,64.26,62.81980789754535,101.19170086589138,63.8,62.3701173959445,101.87866284865159
1999-11-01,59.4283,101.49575167584646,67.73,66.28277777777778,100.20072226421432,71.16,69.63948717948718,103.4301012616771,61.32,60.009743589743586,102.23124972699078,70.52,69.01316239316239,99.54300071132612,65.74,64.33529914529913,103.63289166446383,64.25,62.87713675213675,102.70685519787119
1999-12-01,60.0764,102.6026215789249,67.63,66.11427961579508,99.94600093090715,70.84,69.25233724653148,102.85509764819767,61.65,60.268303094983985,102.67172588583303,71.21,69.61404482390607,100.4096997315824,64.78,63.328153681963705,102.01055683306011,63.9,62.46787620064033,102.03834727317924
2000-01-01,60.0764,102.6026215789249,67.77,66.39285561497326,100.36712866964965,72.86,71.37942245989305,106.01429148951887,61.08,59.838802139037426,101.9400377155663,70.7,69.26331550802139,99.9038158200222,65.61,64.2767486631016,103.5385770990683,64.75,63.43422459893048,103.61683207927226
2000-02-01,60.0764,102.6026215789249,67.69,65.89164718384697,99.6094439665109,71.6,69.69776833156216,103.51666171329595,61.54,59.90503719447396,102.05287426656552,71.85,69.94112646121147,100.88147477457301,66.46,64.69432518597236,104.2112196938988,64.5,62.786397449521786,102.55863680091765
2000-03-01,60.0711,102.59356987319073,67.65,65.36645569620254,98.81550369796301,73.06,70.59383966244725,104.84752660396146,61.9,59.81054852320674,101.89190549098252,72.11,69.67590717299578,100.49892856338639,65.51,63.29869198312237,101.96309919961723,65.12,62.92185654008439,102.77990287501535
2000-04-01,60.0711,102.59356987319073,68.06,65.97138624338623,99.72998676248864,72.78,70.54653968253967,104.7772756312783,62.22,60.31060317460317,102.74378735026093,72.67,70.43991534391535,101.60091640547432,66.43,64.39140740740741,103.72327224131351,65.26,63.25731216931217,103.32785391916394
2000-05-01,60.0711,102.59356987319073,68.22,65.84775553213909,99.5430922632488,73.78,71.21441517386722,105.76921903143803,62.46,60.28805057955742,102.70536725648623,72.89,70.355363540569,101.47896082586038,68.59,66.20488935721812,106.64447383572508,66.2,63.89799789251844,104.3743840126077
2000-06-01,60.7041,103.6746509542718,68.78,65.9711832460733,99.72967988824382,73.77,70.75740314136125,105.0904546878973,63.38,60.79170680628272,103.56338467850547,73.72,70.709445026178,101.98967983005628,67.68,64.91610471204189,104.56846764182006,66.32,63.611643979057575,103.90663831927078
2000-07-01,60.7041,103.6746509542718,69.11,66.08012526096033,99.89436925315242,74.45,71.18601252609604,105.72703479295416,64.07,61.26108559498956,104.36300782792087,73.1,69.89519832985386,100.81522909253404,68.06,65.07615866388309,104.82628650754367,67.08,64.13912317327765,104.76825085474952
2000-08-01,60.7041,103.6746509542718,68.54,65.60359456635318,99.17399027415445,74.8,71.59540229885056,106.33506950668432,64.79,62.01425287356322,105.6460866670583,74.04,70.86796238244514,102.21832162475862,69.62,66.6373249738767,107.34105182647666,67.18,64.30185997910135,105.03407379794405
2000-09-01,60.0071,102.48426625677811,68.54,65.33053069719043,98.76119530943375,74.65,71.1544224765869,105.68011655515654,64.46,61.44158168574401,104.6704969092743,73.7,70.24890738813737,101.32541091610756,69.1,65.86430801248699,106.09585697887725,67.32,64.16765868886576,104.81486228171472
2000-10-01,60.0071,102.48426625677811,67.92,64.60510903426791,97.66456392179578,75.48,71.7961370716511,106.63320521558161,64.77,61.60884735202492,104.95544693701007,73.78,70.17910695742472,101.22473237764997,70.55,67.10674974039459,108.09721285501708,67.26,63.97732087227415,104.50395438136908
2000-11-01,60.0071,102.48426625677811,67.8,64.29068322981367,97.18924146608263,75.4,71.49730848861284,106.18937841766352,64.84,61.48389233954452,104.7425763876397,73.49,69.68616977225672,100.51373110090395,72.73,68.96550724637682,111.09134543552968,67.47,63.97776397515528,104.5046781691527
2000-12-01,60.2182,102.84479740403911,68.14,64.54626680455014,97.57561119357541,75.52,71.53704239917269,106.24839209739001,64.54,61.136132368148914,104.15014032052625,74.48,70.55189245087901,101.76242961326845,72.12,68.31635987590487,110.04568278979522,67.86,64.28103412616339,105.00005574348805
2001-01-01,60.2182,102.84479740403911,68.35,64.74519131334021,97.87632851600938,75.59,71.60335056876939,106.34687445235316,64.53,61.126659772492246,104.13400301957793,74.5,70.57083764219234,101.78975572218714,73.26,69.39623578076525,111.78517361592341,68.51,64.89675284384695,106.00580340386631
2001-02-01,60.2182,102.84479740403911,68.58,64.96306101344364,98.20568558343709,75.95,71.94436401240951,106.8533551350208,64.77,61.35400206825232,104.52129824233785,75.73,71.73596690796276,103.47031142068768,73.03,69.17836608066183,111.43422371240632,69.16,65.51247156153049,107.01155106424451
2001-03-01,59.9294,102.35156483497715,68.09,64.4989038262668,97.50401183109115,76.82,72.7684798345398,108.07735011813426,65.18,61.7423784901758,105.18292758121942,75.23,71.26233712512926,102.78715869771999,73.67,69.78461220268872,112.41077996567128,68.8,65.17145811789037,106.45452159080426
2001-04-01,59.9294,102.35156483497715,67.22,63.6747880041365,96.2581829238647,76.87,72.81584281282316,108.14769465739369,65.7,62.23495346432264,106.0220672305326,75.58,71.59387797311271,103.26536560379735,74.39,70.46663908996896,113.50940575059437,69.25,65.59772492244053,107.1508084326046
2001-05-01,59.9294,102.35156483497715,69.15,65.50299896587384,99.02191831575789,77.02,72.9579317476732,108.35872827517183,65.79,62.32020682523268,106.1673029390676,75.58,71.59387797311271,103.26536560379735,74.42,70.49505687693897,113.55518182496616,70.07,66.37447776628747,108.41959778877404
2001-06-01,61.4651,104.97433926817811,69.69,66.01451913133401,99.79519143058808,77.7,73.60206825232677,109.31541400909963,66.8,63.276938986556345,107.79717033484897,76.05,72.0390899689762,103.907529163387,76.68,72.63586349534644,117.00364609430807,70.43,66.7154912099276,108.97662726221434
2001-07-01,61.4651,104.97433926817811,69.49,65.82506721820062,99.50879398065095,78.32,74.18936918304031,110.18768629591611,68.51,64.89675284384695,110.55664879701355,76.44,72.40852119958635,104.44038828730183,76.45,72.41799379524302,116.65269619079098,71.18,67.42593588417787,110.13710533188154
2001-08-01,61.4651,104.97433926817811,69.47,65.80612202688727,99.48015423565724,78.32,74.18936918304031,110.18768629591611,69.15,65.50299896587384,111.5894360577067,76.74,72.69269906928645,104.85027992108242,77.59,73.49786970010341,118.39218701691917,71.61,67.83325749741468,110.80244609182404
2001-09-01,61.5748,105.16169249818539,69.79,66.10924508790073,99.93839015555666,78.73,74.57774560496381,110.76451151784316,69.04,65.39880041365046,111.41192574727505,77.77,73.66837642192347,106.25757453039589,76.91,72.85373319544983,117.35459599782514,72.0,68.20268872802481,111.40589468805098
2001-10-01,61.5748,105.16169249818539,70.46,66.74390899689762,100.89782161284597,79.43,75.24082730093072,111.7493350674747,68.47,64.85886246122027,110.49209959322022,77.58,73.48839710444673,105.99797649566815,77.56,73.4694519131334,118.34641094254737,72.63,68.79946225439502,112.38069626657143
2001-11-01,61.5748,105.16169249818539,70.32,66.61129265770423,100.69734339788998,80.03,75.80918304033092,112.59346953858744,68.53,64.91569803516029,110.5889233989102,78.04,73.92413650465356,106.62647700079843,78.09,73.9714994829369,119.15512158978241,73.49,69.61410548086866,113.71137778645648
2001-12-01,62.9571,107.52247982579735,70.25,66.54498448810754,100.597104290412,79.61,75.41133402275076,112.00257540880851,69.15,65.50299896587384,111.5894360577067,78.02,73.90519131334021,106.59915089187973,79.06,74.8903412616339,120.63521466113711,73.81,69.91722854188211,114.20651509618116
2002-01-01,62.9571,107.52247982579735,70.33,66.6207652533609,100.71166327038684,79.81,75.60078593588418,112.2839535658461,69.08,65.43669079627715,111.47647495106838,78.46,74.3219855222337,107.2003252880913,78.0,73.88624612202688,119.01779336666702,74.53,70.59925542916235,115.32057404306167
2002-02-01,62.9571,107.52247982579735,71.46,67.69116856256463,102.32980886253156,80.78,76.51962771458116,113.64863762747834,69.08,65.43669079627715,111.47647495106838,79.33,75.146101344364,108.38901102605509,78.37,74.23673216132369,119.58236495058586,75.21,71.24339193381591,116.37274082622659
2002-03-01,65.2743,111.47995388753682,72.08,68.27846949327817,103.21764095733661,81.87,77.55214064115822,115.18214858333316,70.12,66.42184074457084,113.15475424969479,79.87,75.6576215098242,109.12681596686022,79.74,75.53447776628747,121.67280568023111,76.9,72.84426059979317,118.98768474321002
2002-04-01,65.2743,111.47995388753682,72.88,69.03627714581178,104.36323075708506,82.55,78.19627714581178,116.13883431726093,71.3,67.5396070320579,115.05895576159779,80.75,76.49120992761117,110.32916475928339,81.38,77.08798345398138,124.1752310792226,77.8,73.69679420889348,120.38025842681066
2002-05-01,65.2743,111.47995388753682,73.98,70.0782626680455,105.93841673173921,83.81,79.38982419855222,117.91151670659768,71.36,67.59644260599792,115.15577956728778,81.56,77.25849017580144,111.43587217049105,81.74,77.4289968976215,124.72454397168413,79.21,75.03243019648396,122.56195719778498
2002-06-01,66.8429,114.15891721104991,74.48,70.55189245087901,106.654410356582,83.98,79.5508583247156,118.15068814007962,72.51,68.68579110651498,117.01156917634579,82.04,77.71317476732162,112.09169878454006,83.34,78.94461220268873,127.16593460484656,80.08,75.85654601861425,123.9081117585989
2002-07-01,66.8429,114.15891721104991,75.24,71.27180972078592,107.74272066634303,84.68,80.21394002068251,119.13551168971115,75.04,71.08235780765253,121.09430631627347,82.73,78.36678386763184,113.03444954223545,83.46,79.05828335056876,127.34903890233372,81.03,76.75644260599792,125.37805064684404
2002-08-01,66.8429,114.15891721104991,75.21,71.24339193381591,107.69976104885247,85.11,80.62126163391933,119.74047472734195,76.28,72.25695966907962,123.09533163386648,83.09,78.70779731127197,113.52631950277221,84.51,80.05290589451913,128.95120150534655,82.01,77.6847569803516,126.89440865787584
2002-09-01,65.5781,111.99880449169551,75.16,71.19602895553257,107.6281616863682,85.62,81.1043640124095,120.45798902778778,75.62,71.6317683557394,122.03026977127665,83.79,79.37087900723888,114.482733314927,85.37,80.86754912099276,130.26344897067133,82.05,77.72264736297826,126.95630082159141
2002-10-01,65.5781,111.99880449169551,74.92,70.96868665977249,107.28448474644365,85.71,81.18961737331954,120.58460919845469,76.0,71.99172699069285,122.6434872073132,84.64,80.17604963805583,115.64409294397207,86.34,81.78639089968975,131.74354204202604,82.8,78.43309203722853,128.11677889125863
2002-11-01,65.5781,111.99880449169551,76.09,72.07698035160288,108.95990982857577,86.11,81.56852119958634,121.14736551252984,77.1,73.03371251292657,124.41859031162959,85.38,80.87702171664941,116.65515897396423,85.35,80.84860392967941,130.2329315877568,83.02,78.64148914167527,128.45718579169431
2002-12-01,67.3256,114.98330558046197,75.13,71.16761116856256,107.58520206887763,86.61,82.04215098241984,121.85081090512378,76.94,72.88215098241984,124.1603934964563,84.78,80.30866597724922,115.83537570640303,86.46,81.90006204756979,131.9266463395132,83.32,78.92566701137537,128.92137701956122
2003-01-01,67.3256,114.98330558046197,76.18,72.16223371251293,109.0887886810475,87.19,82.59156153050672,122.66680756053279,78.86,74.70088934850051,127.25875527853579,85.97,81.43590486039295,117.46127918706615,87.17,82.57261633919337,133.01001343297904,83.64,79.22879007238882,129.4165143292859
2003-02-01,67.3256,114.98330558046197,76.85,72.79689762150981,110.04822013833682,87.2,82.60103412616338,122.68087646838465,78.45,74.31251292657703,126.59712593965422,86.66,82.0895139607032,118.40402994476158,87.23,82.6294519131334,133.10156558172264,84.49,80.03396070320578,130.73172280824204
2003-03-01,67.8586,115.89359976089833,78.07,73.95255429162357,111.79524458295322,87.91,83.27358841778697,123.67976892586807,80.0,75.78076525336091,129.0984075866455,86.28,81.72955532574974,117.88483387530613,87.26,82.65786970010342,133.14734165609445,85.04,80.55495346432265,131.58274005933134
2003-04-01,67.8586,115.89359976089833,78.6,74.4546018614271,112.5541978252866,88.7,84.02192347466391,124.7912126461665,80.21,75.97968976215097,129.4372909065604,87.32,82.71470527404342,119.30579153907894,88.83,84.14506721820061,135.542956214885,85.8,81.27487073422957,132.75869116992743
2003-05-01,67.8586,115.89359976089833,79.28,75.09873836608065,113.52794915507278,88.91,84.22084798345398,125.08665971105597,80.87,76.6048810754912,130.50235276915026,87.56,82.9420475698035,119.63370484610343,89.25,84.54291623578077,136.18382125609017,86.22,81.67271975180971,133.40855888894106
2003-06-01,70.2072,119.90470090944024,80.12,75.89443640124095,114.73081844480868,89.02,84.32504653567734,125.24141769742663,82.31,77.9689348500517,132.82612410570985,87.85,83.21675284384693,120.0299334254247,89.75,85.01654601861426,136.94675582895343,86.99,82.4021096173733,134.59998304046604
2003-07-01,70.2072,119.90470090944024,80.69,76.43437435367113,115.54705117712945,89.31,84.59975180972079,125.64941602513113,83.52,79.11511892450878,134.77873752045787,88.3,83.6430196483971,120.64477087609563,90.05,85.30072388831437,137.40451657267135,87.31,82.70523267838675,135.0951203501907
2003-08-01,70.2072,119.90470090944024,81.55,77.24901758014477,116.77856021185904,90.14,85.3859772492244,126.81713537683707,83.83,79.40876938986555,135.27899384985614,88.83,84.14506721820061,121.36891276244137,90.83,86.03958634953463,138.59469450633802,87.83,83.1978076525336,135.8997184784933
2003-09-01,71.4171,121.97105162034072,81.67,77.3626887280248,116.95039868182131,90.53,85.75540847983453,127.36582278306034,84.72,80.2518304033092,136.7152136342576,89.11,84.41029989658738,121.7514782873033,90.45,85.67962771458117,138.01486423096196,87.77,83.14097207859358,135.80688023291992
2003-10-01,71.4171,121.97105162034072,83.14,78.75516028955532,119.05541993885913,90.89,86.09642192347465,127.87230346572798,85.75,81.22750775594622,138.37735563193561,89.32,84.60922440537743,122.0384024309497,90.92,86.12483971044466,138.7320227294534,88.17,83.51987590486038,136.4258018700758
2003-11-01,71.4171,121.97105162034072,84.49,80.03396070320578,120.98860272593465,91.05,86.24798345398138,128.09740599135807,85.87,81.34117890382626,138.5710032433156,90.31,85.5470113753878,123.39104482242578,91.33,86.51321613236814,139.35762907920127,88.41,83.74721820062047,136.79715485236926
2003-12-01,73.3939,125.34716707228554,83.43,79.02986556359876,119.47069624126796,91.04,86.23851085832472,128.0833370835062,85.32,80.8201861427094,137.68345169115742,89.74,85.00707342295759,122.61225071824259,91.94,87.09104446742502,140.28840925809445,89.02,84.32504653567734,137.7410103490319
2004-01-01,73.3939,125.34716707228554,85.03,80.54548086866598,121.76187584076487,92.11,87.25207859358841,129.58871022365724,86.02,81.48326783867631,138.81306275754056,90.51,85.7364632885212,123.66430591161286,91.93,87.08157187176836,140.2731505666372,88.78,84.09770423991726,137.36965736673844
2004-02-01,73.3939,125.34716707228554,85.78,81.25592554291623,122.83586627802907,91.73,86.89211995863495,129.05409172528584,87.97,83.33042399172697,141.95983644246502,90.77,85.98275077559461,124.01954532755606,91.93,87.08157187176836,140.2731505666372,89.67,84.94076525336091,138.74675800941017
2004-03-01,74.2536,126.81542205712822,87.75,83.12202688728024,125.65688115990964,92.31,87.44153050672182,129.87008838069482,87.98,83.33989658738366,141.9759737434134,91.5,86.67425025853153,125.0169483030889,93.29,88.3698448810755,142.34833260482526,90.29,85.52806618407446,139.70608654700175
2004-04-01,74.2536,126.81542205712822,89.43,84.71342295760083,128.06261973938143,92.75,87.8583247156153,130.48912032617747,89.49,84.77025853154083,144.41270618661127,92.72,87.82990692864529,126.68384094713008,93.85,88.90031023784901,143.20281932643206,91.42,86.59846949327817,141.45454017196698
2004-05-01,74.2536,126.81542205712822,90.32,85.55648397104444,129.33708839160155,92.16,87.29944157187175,129.6590547629166,90.79,86.00169596690796,146.5105553098943,92.46,87.58361944157186,126.32860153118688,94.1,89.13712512926575,143.58428661286368,91.6,86.76897621509823,141.73305490868708
2004-06-01,76.8199,131.1983262883737,92.22,87.35627714581179,132.0578641660042,94.28,89.30763185108583,132.64166322751498,92.34,87.46994829369181,149.01183695688553,92.72,87.82990692864529,126.68384094713008,94.39,89.4118304033092,144.02678866512437,92.02,87.16682523267838,142.3829226277007
2004-07-01,76.8199,131.1983262883737,93.42,88.4929886246122,133.77624886562688,93.74,88.79611168562563,131.8819422035135,93.01,88.10461220268873,150.09303612042373,93.95,88.9950361944157,128.36439664563062,94.73,89.73389865563598,144.54558417467138,93.27,88.35089968976213,144.3170527438127
2004-08-01,76.8199,131.1983262883737,92.9,88.00041365046536,133.03161549579042,94.43,89.44972078593588,132.85269684529314,93.61,88.67296794208892,151.06127417732353,93.62,88.6824405377456,127.91351584847195,95.31,90.28330920372285,145.43058827919276,93.81,88.86241985522234,145.1525969539731
2004-09-01,74.8714,127.87054352931129,92.93,88.02883143743536,133.07457511328096,95.09,90.0749120992761,133.78124476351715,92.5,87.62150982419854,149.27003377205884,94.17,89.20343329886246,128.66498384373642,96.38,91.29687693898654,147.06326826512012,94.49,89.50655635987589,146.204763737138
2004-10-01,74.8714,127.87054352931129,92.4,87.52678386763185,132.3156218709476,95.29,90.26436401240952,134.06262292055476,93.76,88.81505687693898,151.30333369154852,94.73,89.73389865563598,129.43011489346023,96.41,91.32529472595655,147.1090443394919,94.52,89.5349741468459,146.25118285992468
2004-11-01,74.8714,127.87054352931129,93.79,88.84347466390899,134.30608414801054,95.48,90.44434332988624,134.32993216974046,93.61,88.67296794208892,151.06127417732353,95.64,90.59590486039296,130.67345284926145,96.31,91.23056876938986,146.95645742491925,94.34,89.36446742502585,145.97266812320458
2004-12-01,77.3993,132.18786559070918,93.12,88.2088107549121,133.3466526907212,96.09,91.02217166494312,135.18813554870505,93.95,88.9950361944157,151.60994240956677,95.97,90.90850051706308,131.12433364642013,96.15,91.07900723888314,146.71231836160302,95.21,90.18858324715615,147.31882268401853
2005-01-01,77.3993,132.18786559070918,94.81,89.80967942088934,135.76671114268984,96.74,91.63789038262667,136.10261455907718,95.51,90.47276111685626,154.1273613575064,96.9,91.78945191313339,132.39499771114004,97.68,92.52831437435367,149.04689815456456,95.81,90.75693898655635,148.24720513975228
2005-02-01,77.3993,132.18786559070918,93.51,88.57824198552223,133.90512771809858,95.97,90.90850051706308,135.0193086544825,94.87,89.86651499482937,153.09457409681323,95.64,90.59590486039296,130.67345284926145,96.31,91.23056876938986,146.95645742491925,95.83,90.77588417786968,148.27815122161007
2005-03-01,79.9412,136.52909781819733,95.5,90.46328852119957,136.75478234497288,97.65,92.49989658738366,137.3828851735982,96.7,91.6,156.04770017035773,97.59,92.44306101344363,133.33774846883546,98.01,92.8409100310238,149.55043497265433,97.59,92.44306101344363,151.00140642509575
2005-04-01,79.9412,136.52909781819733,96.69,91.59052740434332,138.45884717209873,96.5,91.4105480868666,135.76496077063211,97.93,92.76512926577043,158.03258818700243,98.17,92.9924715615305,134.130205627478,99.49,94.24285418821096,151.80872130832952,97.68,92.52831437435367,151.14066379345584
2005-05-01,79.9412,136.52909781819733,98.54,93.34295760082729,141.10802358401708,99.44,94.1954912099276,139.9012196790845,99.06,93.83553257497414,159.85610319416378,99.45,94.20496380558428,135.87907659827533,99.77,94.50808686659772,152.23596466913293,98.73,93.52293691830404,152.76533309098994
2005-06-01,81.2524,138.7684556594509,100.0,94.72595656670113,143.198724968558,100.0,94.72595656670113,140.68907851878973,100.0,94.72595656670113,161.37300948330687,100.0,94.72595656670113,136.63054459353978,100.0,94.72595656670113,152.58691457265004,100.0,94.72595656670113,154.73040928895972
2005-07-01,81.2524,138.7684556594509,102.04,96.65836608066184,146.1199789579166,100.54,95.23747673216131,141.4487995427912,99.31,94.07234746639088,160.259535717872,101.3,95.95739400206823,138.40674167325577,100.12,94.83962771458117,152.77001887013722,100.57,95.26589451913132,155.61237262190676
2005-08-01,81.2524,138.7684556594509,103.62,98.15503619441571,148.38251881241982,101.17,95.83425025853154,142.3351407374596,100.26,94.97224405377455,161.79257930796345,102.49,97.08463288521199,140.03264515391893,100.77,95.45534643226473,153.76183381485944,101.87,96.49733195449845,157.62386794266328
2005-09-01,81.9448,139.95098415951497,103.02,97.58668045501548,147.52332646260842,101.07,95.73952430196482,142.19445165894078,98.86,93.64608066184073,159.53335717519715,103.45,97.99400206825233,141.34429838201692,100.81,95.4932368148914,153.8228685806885,102.33,96.93307135470526,158.33562782539246
2005-10-01,81.9448,139.95098415951497,104.57,99.05493278179937,149.7429066996211,101.37,96.02370217166494,142.61651889449715,100.64,95.33220268872802,162.405796744,104.84,99.31069286452947,143.24346295186712,101.1,95.76794208893483,154.26537063294916,103.34,97.88980351602895,159.89840495921098
2005-11-01,81.9448,139.95098415951497,106.24,100.63685625646326,152.134325406596,102.14,96.75309203722854,143.69982479909186,101.38,96.0331747673216,163.59995701417645,105.29,99.73695966907962,143.85830040253805,102.08,96.6962564632885,155.76072239576115,103.3,97.85191313340226,159.83651279549537
2005-12-01,82.9798,141.71862858118783,105.73,100.1537538779731,151.40401190925638,102.3,96.90465356773524,143.9249273247219,100.52,95.21853154084798,162.21214913262006,106.05,100.45687693898654,144.8966925414489,101.9,96.52574974146846,155.4860659495304,104.41,98.90337125129265,161.55402033860284
2006-01-01,82.9798,141.71862858118783,107.72,102.03880041365045,154.25366653613065,102.2,96.80992761116856,143.78423824620313,99.4,94.15760082730093,160.40477142640702,108.37,102.65451913133403,148.06652117601908,101.28,95.93844881075489,154.54002707917994,105.66,100.08744570837642,163.48815045471483
2006-02-01,82.9798,141.71862858118783,108.04,102.34192347466391,154.7119024560301,102.14,96.75309203722854,143.69982479909186,101.81,96.44049638055841,164.2938609549547,111.06,105.20264736297828,151.7418828255853,100.71,95.3985108583247,153.67028166611584,106.66,101.03470527404343,165.03545454760444
2006-03-01,85.6578,146.2923017804534,111.06,105.20264736297828,159.03650395008054,102.95,97.52037228541883,144.83940633509405,102.95,97.52037228541883,166.13351326306446,114.23,108.2054601861427,156.0730710892005,101.82,96.44996897621508,155.36399641787224,108.73,102.99553257497413,168.2383740198859
2006-04-01,85.6578,146.2923017804534,113.34,107.36239917269906,162.30143487936363,103.64,98.17398138572905,145.8101609768737,103.11,97.67193381592553,166.3917100782377,120.65,114.28686659772492,164.84475205210575,102.93,97.50142709410548,157.0577111696287,109.85,104.05646328852119,169.97135460392224
2006-05-01,85.6578,146.2923017804534,113.29,107.31503619441573,162.2298355168794,104.39,98.88442605997932,146.86532906576463,105.23,99.68012409513959,169.81281787928378,124.41,117.84856256463289,169.98206052882284,103.71,98.24028955532575,158.24788910329536,112.7,106.75615305067218,174.3811712686576
2006-06-01,88.764,151.59728448827974,117.91,111.6913753877973,168.84561661042673,105.56,99.99271975180972,148.51139128443444,105.9,100.31478800413652,170.894017042822,131.47,124.53621509824198,179.62817697712677,104.22,98.72339193381592,159.02608236761586,115.96,109.84421923474662,179.42538261147766
2006-07-01,88.764,151.59728448827974,127.1,120.39669079627714,182.00557943503725,107.22,101.56517063081694,150.84682998784632,105.98,100.39056876938986,171.0231154504086,141.31,133.85724922440536,193.07262256513107,106.28,100.67474663908996,162.16937280781246,123.72,117.19495346432262,191.4324623723009
2006-08-01,88.764,151.59728448827974,127.41,120.6903412616339,182.44949548243974,106.55,100.93050672182005,149.90421316177049,109.25,103.48810754912098,176.30001286051274,148.87,141.018531540848,203.40189173640272,105.98,100.39056876938986,161.7116120640945,129.66,122.82167528438468,200.62344868406515
2006-09-01,90.9982,155.41300542248408,129.11,122.30068252326784,184.88387380690526,105.57,100.00219234746638,148.52546019228632,107.66,101.98196483971044,173.73418200972816,149.63,141.7384488107549,204.44028387531355,105.55,99.98324715615304,161.05548833143212,136.97,129.74614270941052,211.93424160308808
2006-10-01,90.9982,155.41300542248408,129.18,122.36699069286453,184.98411291438325,102.18,96.79098241985523,143.75610043049937,108.75,103.01447776628747,175.4931478130962,151.79,143.78452947259564,207.39150363853406,104.16,98.6665563598759,158.93453021887228,142.33,134.8234539813857,220.22779154097637
2006-11-01,90.9982,155.41300542248408,130.09,123.2289968976215,186.2872213115971,106.35,100.74105480868664,149.62283500473288,110.57,104.73849017580143,178.43013658569237,155.13,146.94837642192346,211.95496382795827,106.44,100.82630816959669,162.41351187112872,146.77,139.02928645294725,227.09782171340618
2006-12-01,91.8116,156.80218607232825,127.07,120.36827300930712,181.96261981754665,104.6,99.08335056876938,147.16077613065406,108.5,102.77766287487073,175.08971528938795,153.14,145.0633298862461,209.23601599054683,104.92,99.38647362978283,160.09419076962442,148.51,140.67751809720784,229.79013083503403
2007-01-01,91.8116,156.80218607232825,127.93,121.18291623578077,183.1941288522763,104.03,98.54341261633918,146.35884838309696,110.27,104.45431230610133,177.94601755724247,141.8,134.32140641158222,193.74211223363943,99.01,93.7881695966908,151.07630411838082,152.85,144.78862461220268,236.5054305981749
2007-02-01,91.8116,156.80218607232825,129.75,122.90692864529471,185.800345646704,102.88,97.45406411582212,144.74092398013087,108.2,102.49348500517061,174.605596260938,154.37,146.22845915201654,210.91657168904737,105.01,99.47172699069286,160.2315189927398,155.3,147.10941054808686,240.29632562575443
2007-03-01,93.7553,160.1217710601597,132.91,125.90026887280247,190.32542535571045,105.52,99.95482936918302,148.45511565302692,112.94,106.98349534643225,182.25467691044673,157.98,149.64806618407442,215.84893434887414,107.85,102.16194415718716,164.56498736660305,164.18,155.52107549120993,254.03638597061408
2007-04-01,93.7553,160.1217710601597,135.15,128.0221302998966,193.53307679500617,106.7,101.0725956566701,150.11524677954864,114.45,108.41385729058945,184.6914093536447,162.87,154.28016546018614,222.53016797949826,107.43,101.76409513960702,163.92412232539792,168.88,159.97319544984487,261.3087152071952
2007-05-01,93.7553,160.1217710601597,136.24,129.05464322647362,195.09394289716343,108.31,102.59768355739399,152.38034094370116,116.04,109.91999999999999,187.25724020442925,167.68,158.83648397104446,229.10209717444752,108.22,102.51243019648396,165.12955895052187,177.24,167.8922854188211,274.2441774237522
2007-06-01,96.4194,164.6717048802357,138.53,131.22386763185108,198.37319369894342,111.27,105.40157187176834,156.54473766785733,116.91,110.74411582213028,188.66118538693405,172.37,163.27913133402274,235.5100697158845,110.72,104.88057911065148,168.9442318148381,182.1,172.49596690796275,281.7640753151956
2007-07-01,96.4194,164.6717048802357,141.01,133.57307135470523,201.9245220781636,112.46,106.52881075491209,158.21893770223093,115.26,109.18113753877974,185.99853073045952,175.06,165.82725956566702,239.18543136545077,111.76,105.86572905894519,170.5311357263937,187.06,177.19437435367115,289.43870361592803
2007-08-01,96.4194,164.6717048802357,142.37,134.86134436401238,203.872024737736,111.36,105.48682523267838,156.67135783852427,116.24,110.1094519131334,187.57998622339588,174.5,165.29679420889346,238.4203003157269,112.45,106.51933815925543,171.58398543694497,191.1,181.02130299896587,295.68981215120203
2007-09-01,98.4359,168.1156227317365,142.91,135.37286452947257,204.64529785256622,112.3,106.37724922440538,157.9938351766009,118.34,112.09869700103411,190.96881942254532,173.29,164.1506101344364,236.7670707261451,114.5,108.4612202688728,174.7120171856843,188.49,178.54895553257498,291.65134846876015
2007-10-01,98.4359,168.1156227317365,144.6,136.97373319544982,207.06535630453487,112.7,106.75615305067218,158.55659149067606,117.36,111.17038262668044,189.3873639296089,173.27,164.13166494312307,236.7397446172264,111.64,105.75205791106514,170.3480314289065,184.23,174.51362978283348,285.05983303305044
2007-11-01,98.4359,168.1156227317365,145.02,137.37158221302997,207.6667909494028,113.82,107.81708376421922,160.13230917008647,118.07,111.842936918304,190.53311229694037,171.51,162.4644881075491,234.3350470323801,112.15,106.23516028955532,171.12622469322702,180.58,171.05613236814892,279.4121730940035
2007-12-01,98.7641,168.67614533965246,143.01,135.46759048603928,204.7884965775348,113.11,107.14452947259564,159.13341671260306,117.46,111.26510858324714,189.5487369390922,170.07,161.1004343329886,232.36756719023313,110.71,104.8711065149948,168.92897312338084,180.31,170.8003722854188,278.99440098892325
2008-01-01,98.7641,168.67614533965246,145.49,137.8167942088935,208.33982495675508,114.3,108.2717683557394,160.8076167469767,119.39,113.09331954498448,192.66323602212006,167.17,158.35338159255426,228.40528139702042,113.4,107.41923474663908,173.03356112538512,179.56,170.08992761116855,277.83392291925605
2008-02-01,98.7641,168.67614533965246,146.47,138.74510858324714,209.7431724614469,112.28,106.35830403309204,157.96569736089714,118.12,111.89029989658738,190.61379880168207,167.67,158.82701137538777,229.08843411998814,110.06,104.25538779731127,167.93715817865865,175.32,166.07354705274042,271.27335356540414
2008-03-01,99.9306,170.66837453567308,150.02,142.10788004136504,214.8267271978307,112.64,106.69931747673215,158.47217804356475,118.27,112.03238883143743,190.85585831590703,167.88,159.02593588417784,229.37535826363455,114.72,108.66961737331954,175.04770839774412,177.73,168.3564426059979,275.00235642926805
2008-04-01,99.9306,170.66837453567308,151.0,143.03619441571868,216.23007470252253,114.97,108.9064322647363,161.75023357305258,121.16,114.76996897621508,195.51953828997458,169.72,160.76889348500515,231.8893602841557,113.83,107.82655635987591,173.68968485804757,177.81,168.43222337125127,275.1261407566993
2008-05-01,99.9306,170.66837453567308,150.74,142.78990692864528,215.85775801760434,115.13,109.057993795243,161.9753360986826,123.45,116.93919338159255,199.21498020714233,169.2,160.27631851085832,231.17888145226934,116.07,109.94841778697,177.1076317444749,177.25,167.90175801447776,274.2596504646811
2008-06-01,98.653,168.48640109303616,150.9,142.94146845915202,216.08687597755406,116.92,110.75358841778696,164.49367060416895,123.68,117.15706308169595,199.5861381289539,168.69,159.79321613236814,230.48206567484226,116.68,110.52624612202689,178.0384119233681,176.25,166.95449844881074,272.7123463717915
2008-07-01,98.653,168.48640109303616,151.11,143.1403929679421,216.38759329998805,118.94,112.66705274043433,167.33558999024854,123.07,116.57923474663907,198.60176277110574,167.55,158.71334022750776,228.9244774664759,117.27,111.08512926577042,178.9386747193467,175.9,166.62295760082728,272.1707899392801
2008-08-01,98.653,168.48640109303616,149.35,141.47321613236812,213.86729574054138,118.25,112.0134436401241,166.3648353484689,124.0,117.4601861427094,200.10253175930052,162.85,154.26122026887276,222.5028418705795,120.27,113.92690796277144,183.5162821565262,172.64,163.53489141675283,267.12657859646004
2008-09-01,95.68,163.40890653686864,149.41,141.53005170630814,213.9532149755225,115.37,109.28533609100309,162.3129898871277,123.7,117.17600827300929,199.61841273085057,158.89,150.51007238883142,217.09227230467536,118.27,112.03238883143743,180.4645438650732,170.52,161.52670113753877,263.84629391953405
2008-10-01,95.68,163.40890653686864,145.5,137.82626680455016,208.35414482925194,113.36,107.38134436401239,159.48513940890004,122.56,116.0961323681489,197.77876042274087,162.31,153.7497001034126,221.76503692977442,119.62,113.3111892450879,182.524467211804,169.51,160.56996897621508,262.2835167857156
2008-11-01,95.68,163.40890653686864,143.75,136.16856256463288,205.84816714230217,112.47,106.53828335056876,158.2330066100828,123.82,117.28967942088933,199.81206034223052,158.76,150.3869286452947,216.91465259670372,116.4,110.26101344364012,177.61116856256464,162.85,154.26122026887276,251.97847152707084
2008-12-01,93.3232,159.38380086247383,137.15,129.9166494312306,196.39705129437732,111.58,105.69522233712513,156.9808738112656,120.65,114.28686659772492,194.69653594160974,154.66,146.50316442605998,211.31280026836868,114.88,108.82117890382625,175.29184746106034,162.07,153.52235780765253,250.77157433461701
2009-01-01,93.3232,159.38380086247383,133.73,126.6770217166494,191.4996549004526,108.35,102.63557394002068,152.4366165751087,123.9,117.3654601861427,199.9411587498172,151.79,143.78452947259564,207.39150363853406,115.0,108.9348500517063,175.47495175854755,158.42,150.06486039296792,245.12391439556995
2009-02-01,93.3232,159.38380086247383,134.97,127.85162357807653,193.27531909006277,102.86,97.43511892450879,144.71278616442714,119.45,113.15015511892452,192.76005982781007,158.75,150.37745604963806,216.90098954224442,114.48,108.44227507755946,174.68149980276976,156.4,148.15139607032057,241.998360127933
2009-03-01,90.6825,154.87383117714873,131.97,125.00984488107548,188.979357341006,104.45,98.94126163391934,146.9497425128759,121.66,115.2435987590486,196.32640333739113,150.08,142.16471561530506,205.0551213259845,113.06,107.0971664943123,172.51476561583814,155.99,147.7630196483971,241.36396544984825
2009-04-01,90.6825,154.87383117714873,132.98,125.96657704239915,190.42566446318844,106.58,100.95892450879006,149.94641988532612,124.25,117.69700103412615,200.50596428300875,148.49,140.65857290589452,202.88269566694726,114.35,108.31913133402273,174.4831368138253,157.06,148.7765873836608,243.01958082924014
2009-05-01,90.6825,154.87383117714873,134.45,127.35904860392966,192.53068572022622,109.09,103.33654601861427,153.47771575614775,124.68,118.10432264736296,201.199868223787,146.43,138.70721820062047,200.06810644832035,118.88,112.6102171664943,181.39532404396635,156.0,147.77249224405375,241.37943849077712
2009-06-01,91.9593,157.0544383245805,137.11,129.87875904860394,196.3397718043899,112.23,106.31094105480868,157.89535282163774,127.26,120.54825232678387,205.36329186845634,149.35,141.47321613236812,204.05771835045164,120.72,114.35317476732159,184.2029232721031,157.58,149.26916235780763,243.8241789575427
2009-07-01,91.9593,157.0544383245805,139.53,132.17112719751808,199.805180948629,113.87,107.86444674250258,160.20265370934587,126.22,119.56310237849016,203.68501256982992,153.18,145.1012202688728,209.29066820838423,121.39,114.9878386763185,185.22525559973988,159.42,151.01211995863494,246.67121848845954
2009-08-01,91.9593,157.0544383245805,141.64,134.16984488107548,202.82667404546558,118.23,111.99449844881075,166.3366975327651,128.68,121.89336091003102,207.65478860311924,153.24,145.15805584281281,209.37264653514038,123.96,117.4222957600827,189.14673930425695,162.65,154.07176835573938,251.66901070849295
2009-09-01,95.0574,162.34558729345457,145.91,138.2146432264736,208.941259601623,117.66,111.45456049638055,165.534769785208,126.78,120.09356773526369,204.58870142293642,153.89,145.77377456049635,210.26074507499834,122.99,116.5034539813857,187.66664623290225,163.86,155.21795243019648,253.54124866088935
2009-10-01,95.0574,162.34558729345457,147.08,139.32293691830404,210.61668468375515,119.42,113.12173733195449,168.01089756713873,128.31,121.54287487073422,207.05770846803105,155.32,147.12835573940018,212.21456186268597,123.41,116.90130299896587,188.30751127410744,164.45,155.77683557394,254.45415807569424
2009-11-01,95.0574,162.34558729345457,149.75,141.85211995863494,214.44009064041563,121.03,114.64682523267837,170.27599173129119,129.36,122.5374974146846,208.7521250676058,157.51,149.20285418821095,215.2067707892845,123.79,117.26126163391933,188.88734154948347,163.0,154.40330920372284,252.21056714100433
2009-12-01,97.6107,166.70628922761622,151.28,143.30142709410546,216.63103113243457,122.05,115.61302998965873,171.7110203321829,128.42,121.64707342295756,207.2352187784626,162.12,153.56972078593589,221.50543889504672,124.08,117.53596690796276,189.32984360174416,166.17,157.40612202688726,257.11552111546433
2010-01-01,97.6107,166.70628922761622,151.86,143.85083764219235,217.46158373725223,121.77,115.34779731127196,171.31709091233026,130.73,123.83524301964837,210.96293529752703,155.51,147.3083350568769,212.47415989741367,125.41,118.79582213029987,191.3592495655604,162.3,153.74022750775595,251.12745427598165
2010-02-01,97.6107,166.70628922761622,151.82,143.81294725956565,217.40430424726475,122.43,115.97298862461219,172.24563883055427,130.63,123.74051706308167,210.8015622880437,155.7,147.48831437435365,212.73375793214143,121.58,115.16781799379523,185.5151707374279,166.81,158.01236814891416,258.10579573491367
2010-03-01,100.2438,171.20327910849235,154.35,146.2095139607032,221.02723198896928,121.94,115.50883143743536,171.5562623458122,131.46,124.52674250258532,212.14095826675523,158.8,150.4248190279214,216.96930481454118,125.82,119.18419855222335,191.98485591530826,167.37,158.5428335056877,258.9722860269319
2010-04-01,100.2438,171.20327910849235,156.36,148.1135056876939,223.90552636083734,123.73,117.20442605997931,174.07459685129857,134.02,126.95172699069286,216.27210730952785,157.08,148.79553257497415,214.61925944753233,128.66,121.87441571871766,196.3183242891715,169.13,160.2100103412616,261.6955412304175
2010-05-01,100.2438,171.20327910849235,156.87,148.59660806618405,224.63583985817692,126.74,120.055677352637,178.3093381147141,136.11,128.9314994829369,219.64480320772898,160.54,152.07305067218198,219.34667629046874,130.16,123.29530506721818,198.60712800776128,169.62,160.67416752843846,262.4537202359335
2010-06-01,101.3371,173.07049229324113,158.04,149.70490175801444,226.31126494030903,131.37,124.44148914167528,184.82324245013407,136.11,128.9314994829369,219.64480320772898,160.65,152.17724922440536,219.49696988952164,134.84,127.72847983453981,205.74819560976132,169.96,160.99623578076523,262.9798036275159
2010-07-01,101.3371,173.07049229324113,154.41,146.2663495346432,221.1131512239504,128.53,121.75127197518097,180.82767262020047,137.71,130.44711478800411,222.22677135946185,159.38,150.97422957600824,217.76176197318367,134.21,127.13170630816958,204.7868980479536,169.75,160.79731127197516,262.65486976800906
2010-08-01,101.3371,173.07049229324113,155.21,147.02415718717683,222.25874102369886,128.1,121.34395036194415,180.22270958256968,139.56,132.1995449844881,225.2121720349031,157.75,149.43019648397103,215.534684096309,134.97,127.85162357807653,205.9465585987058,167.8,158.9501551189245,259.63762678687436
2010-09-01,99.7146,170.29947483028053,156.08,147.84827300930712,223.5045699309253,124.63,118.05695966907962,175.34079855796764,136.69,129.48091003102377,220.58076666273215,150.41,142.47731127197517,205.5060021231432,132.14,125.17087900723885,201.62834891629973,161.36,152.84980351602894,249.67298842866538
2010-10-01,99.7146,170.29947483028053,154.67,146.5126370217166,221.48546790886866,125.17,118.5684798345398,176.1005195819691,136.09,128.91255429162356,219.61252860583232,154.52,146.3705480868666,211.12151750593767,133.29,126.26022750775594,203.38309843388527,166.05,157.29245087900725,256.9298446243176
2010-11-01,99.7146,170.29947483028053,158.4,150.0459152016546,226.8267803501959,126.06,119.41154084798345,177.35265238078634,137.6,130.34291623578073,222.0492610490302,155.2,147.01468459152014,212.05060520917374,131.82,124.86775594622543,201.14007078966728,162.65,154.07176835573938,251.66901070849295
2010-12-01,98.7219,168.6040732675804,158.38,150.02697001034124,226.79814060520215,126.85,120.15987590486039,178.46409610108478,139.06,131.7259152016546,224.40530698748654,152.3,144.26763185108584,208.0883194159611,131.52,124.58357807652533,200.68231004594935,161.18,152.67929679420888,249.39447369194525
2011-01-01,98.7219,168.6040732675804,158.38,150.02697001034124,226.79814060520215,127.33,120.61456049638055,179.139403677975,138.92,131.5932988624612,224.17938477420986,150.06,142.1457704239917,205.02779521706577,130.93,124.0246949327818,199.7820472499707,160.06,151.61836608066184,247.66149310790894
2011-02-01,98.7219,168.6040732675804,160.76,152.28144777662874,230.20627025945385,126.11,119.4589038262668,177.42299692004576,139.77,132.39846949327818,225.55105535481803,153.61,145.5085418821096,209.87817955013645,133.42,126.38337125129263,203.58146142282965,157.93,149.6007032057911,244.36573539005403
2011-03-01,100.5969,171.8063276546689,162.72,154.1380765253361,233.0129652688376,128.02,121.26816959669081,180.11015831975465,140.85,133.42150982419855,227.29388385723772,150.75,142.79937952430194,205.97054597476122,131.15,124.23309203722853,200.1177384620305,162.25,153.6928645294726,251.05008907133714
2011-04-01,100.5969,171.8063276546689,166.7,157.90816959669078,238.7122745225862,129.99,123.13427094105481,182.88173316657478,142.8,135.2686659772492,230.4406575421622,151.91,143.89820062047568,207.5554602920463,136.68,129.4714374353671,208.55579483789808,162.51,153.939152016546,251.45238813548838
2011-05-01,100.5969,171.8063276546689,168.64,159.74585315408476,241.4903297869762,132.62,125.62556359875904,186.58185593161895,144.22,136.61377456049638,232.73215427682516,156.79,148.52082730093068,214.22303086821097,136.2,129.01675284384692,207.82337764794931,162.68,154.10018614270942,251.7154298312797
2011-06-01,102.5685,175.1735621877802,171.63,162.57815925542914,245.77197166353608,136.12,128.94097207859357,191.5059736797766,146.09,138.38514994829367,235.749829554163,158.86,150.48165460186144,217.05128314129732,139.43,132.07640124095138,212.75193498864593,165.93,157.1787797311272,256.7441681331709
2011-07-01,102.5685,175.1735621877802,171.84,162.77708376421924,246.07268898597013,137.32,130.07768355739398,193.19424262200206,144.56,136.93584281282315,233.2808225090684,162.74,154.15702171664944,222.35254827152667,140.74,133.31731127197517,214.75082356954766,165.56,156.8282936918304,256.1716656188017
2011-08-01,102.5685,175.1735621877802,171.78,162.7202481902792,245.98676975098894,138.93,131.60277145811787,195.45933678615458,145.27,137.60839710444674,234.42657087639986,160.26,151.80781799379523,218.96411076560685,140.59,133.17522233712512,214.52194319768867,165.9,157.1503619441572,256.6977490103842
2011-09-01,103.7585,177.20592630545235,171.07,162.0476938986556,244.97005880371216,138.45,131.1480868665977,194.7840292092644,144.57,136.94531540847981,233.2969598100167,155.14,146.95784901758012,211.9686268824176,139.33,131.9816752843847,212.59934807407333,163.84,155.19900723888313,253.51030257903156
2011-10-01,103.7585,177.20592630545235,170.26,161.28041365046533,243.81014913146686,137.81,130.54184074457083,193.88361910674413,144.28,136.6706101344364,232.82897808251514,155.41,147.21360910031024,212.33752935282018,138.07,130.78812823164424,210.67675295045788,164.87,156.17468459152016,255.10402579470787
2011-11-01,103.7585,177.20592630545235,171.54,162.4929058945191,245.6430928110644,139.17,131.83011375387795,195.79699057459968,147.06,139.3039917269907,237.31514774615107,152.37,144.33394002068252,208.18396079717658,139.74,132.37005170630817,213.22495442382117,165.71,156.97038262668045,256.4037612327351
2011-12-01,103.6796,177.0711754408437,169.5,160.56049638055842,242.72183882170583,138.96,131.63118924508788,195.50154350971022,142.09,134.59611168562566,229.29490917483076,157.95,149.6196483971044,215.80794518549604,136.6,129.39565667011374,208.43372530623995,164.05,155.3979317476732,253.83523643853837
2012-01-01,103.6796,177.0711754408437,168.33,159.45220268872802,241.04641373957372,140.04,132.65422957600825,197.02098555771312,145.87,138.17675284384694,235.39480893329974,153.85,145.73588417786968,210.20609285716097,138.25,130.9586349534643,210.95140939668866,159.52,151.10684591520166,246.82594889774853
2012-02-01,103.6796,177.0711754408437,169.31,160.3805170630817,242.44976124426557,139.49,132.1332368148914,196.2471956258598,146.5,138.77352637021716,236.41145889304457,150.4,142.4678386763185,205.49233906868386,137.51,130.2576628748707,209.82226622885105,161.06,152.56562564632884,249.2087972007985
2012-03-01,105.5386,180.24610392382905,173.06,163.93274043433297,247.8197134305865,140.62,133.20364012409513,197.83698221312213,147.35,139.5786970010341,237.78312947365262,154.02,145.89691830403308,210.43836478296996,136.37,129.17778697001035,208.0827754027229,164.31,155.64421923474663,254.2375355026897
2012-04-01,105.5386,180.24610392382905,172.03,162.95706308169596,246.34476656341033,143.63,136.0548914167528,202.07172347653767,149.68,141.78581178903826,241.54312059461373,161.15,152.65087900723887,220.18012261248936,141.26,133.809886246122,215.54427552532545,166.29,157.5197931747673,257.3011976066111
2012-05-01,105.5386,180.24610392382905,174.91,165.68517063081694,250.46888984250478,145.71,138.02519131334023,204.99805630972853,151.0,143.03619441571868,243.67324431979333,159.22,150.82266804550153,217.54315310183406,139.65,132.28479834539812,213.08762620070576,167.87,159.01646328852118,259.74593807337664
2012-06-01,106.9303,182.6229452201016,172.83,163.71487073422958,247.49035636315884,147.77,139.97654601861427,207.89625132721562,152.19,144.16343329886246,245.5935831326447,162.42,153.85389865563596,221.91533052882727,144.6,136.97373319544982,220.64067847205195,170.28,161.29935884177868,263.4749409372406
2012-07-01,106.9303,182.6229452201016,172.78,163.66750775594622,247.41875700067456,150.62,142.67623578076524,211.9058900650011,151.11,143.1403929679421,243.850754630225,162.18,153.6265563598759,221.58741722180287,143.19,135.63809720785935,218.48920297657756,168.29,159.41431230610132,260.39580579239026
2012-08-01,106.9303,182.6229452201016,169.21,160.28579110651498,242.30656251929702,148.81,140.96169596690794,209.35941774381098,152.0,143.9834539813857,245.2869744146264,161.3,152.79296794208892,220.3850684293797,144.49,136.86953464322647,220.47283286602206,171.54,162.4929058945191,265.4245440942815
2012-09-01,106.0767,181.16510823619828,169.97,161.0057083764219,243.39487282905802,148.16,140.34597724922438,208.44493873343885,149.01,141.15114788004135,240.46192143107552,164.95,156.2504653567735,225.37208330704388,140.79,133.3646742502585,214.82711702683397,166.62,157.83238883143744,257.8118079572647
2012-10-01,106.0767,181.16510823619828,167.74,158.89331954498448,240.2015412622592,148.05,140.24177869700102,208.2901807470682,150.37,142.4394208893485,242.65659436004853,161.09,152.59404343329885,220.0981442857332,142.51,134.99396070320577,217.45161195748355,169.85,160.89203722854185,262.809600177298
2012-11-01,106.0767,181.16510823619828,167.04,158.23023784901756,239.1991501874793,147.6,139.81551189245084,207.65707989373362,149.63,141.7384488107549,241.46243408987206,163.17,154.5643433298862,222.94005961327886,142.09,134.59611168562566,216.81074691627848,166.87,158.06920372285418,258.19863398048705
2012-12-01,104.7044,178.8213995986508,165.21,156.49675284384693,236.57861352055468,146.75,139.01034126163393,206.46122272632397,148.17,140.35544984488104,239.10638815141573,160.99,152.49931747673216,219.9615137411397,139.54,132.18059979317474,212.9197805946758,166.44,157.66188210961735,257.5332932205445
2013-01-01,104.7044,178.8213995986508,166.01,157.25456049638055,237.72420332030316,146.51,138.78299896587382,206.12356893787882,149.68,141.78581178903826,241.54312059461373,160.82,152.33828335056876,219.72924181533068,143.78,136.1969803516029,219.38946577255624,165.88,157.13141675284382,256.66680292852635
2013-02-01,104.7044,178.8213995986508,169.64,160.69311271975178,242.92231703666175,146.39,138.66932781799375,205.9547420436562,147.04,139.28504653567734,237.2828731442544,157.09,148.8050051706308,214.63292250199166,138.21,130.92074457083763,210.8903746308596,165.03,156.32624612202687,255.3515944495702
2013-03-01,105.4775,180.14175312753514,165.29,156.5725336091003,236.69317250052956,147.59,139.80603929679418,207.64301098588174,151.88,143.86978283350567,245.0933268032464,167.46,158.6280868665977,228.80150997634172,138.86,131.5364632885212,211.88218957558183,171.49,162.44554291623578,265.347178889637
2013-04-01,105.4775,180.14175312753514,167.15,158.33443640124094,239.3566687849447,148.33,140.5070113753878,208.68411016692085,151.81,143.803474663909,244.98036569660812,165.8,157.05563598759048,226.53344293608896,143.41,135.84649431230608,218.8248941886374,172.37,163.27913133402274,266.70880649137985
2013-05-01,105.4775,180.14175312753514,169.55,160.60785935884178,242.79343818419014,151.06,143.09302998965873,212.5249220104838,153.49,145.39487073422956,247.69143225592768,168.52,159.63218200620474,230.24979374903322,142.95,135.41075491209924,218.12299438160318,174.87,165.64728024819027,270.5770667236039
2013-06-01,107.0699,182.86136373340165,168.02,159.15855222337126,240.6024976921712,154.07,145.9442812823164,216.75966327389932,154.48,146.3326577042399,249.2890250498124,174.79,165.5714994829369,238.81652889504815,143.74,136.15908996897622,219.32843100672716,173.18,164.046411582213,267.9621228066204
2013-07-01,107.0699,182.86136373340165,170.99,161.97191313340227,244.85549982373732,154.36,146.21898655635988,217.16766160160387,152.36,144.32446742502586,245.8679172487664,168.92,160.01108583247154,230.7963159274074,145.3,137.63681489141675,221.7087868740605,176.3,167.0018614270941,272.789711576436
2013-08-01,107.0699,182.86136373340165,171.91,162.84339193381592,246.1729280934481,156.42,148.1703412616339,220.0658566190909,151.76,143.75611168562563,244.89967919186645,173.89,164.7189658738366,237.5868539937063,144.03,136.43379524301963,219.77093305898782,174.14,164.95578076525334,269.4475347357944
2013-09-01,107.4486,183.5081337261432,173.76,164.59582213029987,248.82210450536638,153.97,145.84955532574972,216.61897419538056,152.12,144.09712512926578,245.48062202600642,173.55,164.39689762150982,237.12231014208834,143.91,136.3201240951396,219.58782876150065,170.84,161.82982419855222,264.3414312292588
2013-10-01,107.4486,183.5081337261432,174.95,165.7230610134436,250.52616933249223,153.32,145.23383660806616,215.7044951850084,151.48,143.49087900723887,244.44783476531322,172.97,163.84748707342294,236.32985298344576,142.84,135.3065563598759,217.95514877557335,174.29,165.0978697001034,269.67963034972786
2013-11-01,107.4486,183.5081337261432,174.95,165.7230610134436,250.52616933249223,155.71,147.49778697001034,219.0669641616075,149.25,141.37849017580143,240.8492166538355,172.24,163.15598759048603,235.33245000791294,142.65,135.12657704239916,217.66523363788525,172.91,163.79065149948292,267.5443507015402
2013-12-01,108.0217,184.48691345373808,176.78,167.45654601861426,253.14670599941684,155.65,147.44095139607032,218.98255071449623,149.04,141.17956566701136,240.5103333339205,171.62,162.56868665977248,234.485340631433,141.88,134.39718717683556,216.49031439567588,173.45,164.30217166494307,268.37989491170055
2014-01-01,108.0217,184.48691345373808,180.83,171.29294725956566,258.9462543606435,155.93,147.70618407445707,219.37648013434884,151.9,143.88872802481902,245.1256014051431,175.62,166.35772492244053,239.95056241517457,139.45,132.09534643226473,212.7824523715605,174.86,165.6378076525336,270.561593682675
2014-02-01,108.0217,184.48691345373808,180.22,170.71511892450877,258.07274213833523,155.08,146.90101344364012,218.18062296693915,154.99,146.8157600827301,250.1120273981773,178.19,168.79218200620474,243.46196741122853,141.26,133.809886246122,215.54427552532545,175.94,166.66084798345395,272.2326821029957
2014-03-01,109.3543,186.76281969172962,182.75,173.11168562564632,261.69566988003976,155.6,147.39358841778696,218.91220617523683,152.98,144.91176835573938,246.86842990756284,178.76,169.33211995863493,244.24076151541172,138.92,131.5932988624612,211.97374172432544,175.78,166.50928645294726,271.9851134481334
2014-04-01,109.3543,186.76281969172962,180.37,170.85720785935882,258.28754022578806,157.47,149.16496380558425,221.54309194353817,154.17,146.03900723888313,248.78876872041417,183.43,173.7558221302999,250.62140794793004,143.47,135.9033298862461,218.916446337381,178.4,168.9911065149948,276.03905017150413
2014-05-01,109.3543,186.76281969172962,179.9,170.41199586349535,257.6145062184359,161.26,152.75507755946222,226.8752080194003,157.01,148.72922440537744,253.37176218974008,184.12,174.40943123061012,251.56415870562546,143.6,136.02647362978283,219.11480932632546,178.46,169.04794208893486,276.13188841707756
2014-06-01,110.5261,188.76410059348447,179.84,170.3551602895553,257.5285869834547,162.58,154.0054601861427,228.7323038558484,157.02,148.73869700103413,253.38789949068845,183.11,173.45269906928647,250.18419020523072,146.53,138.80194415718717,223.58560592330412,182.0,172.40124095139603,281.60934490590665
2014-07-01,110.5261,188.76410059348447,181.17,171.6150155118924,259.4331300255365,166.39,157.614519131334,234.09255774741422,155.53,147.32728024819028,250.98344164938715,187.1,177.23226473629782,255.63574893451295,146.65,138.9156153050672,223.7687102207913,183.36,173.6895139607032,283.71367847223655
2014-08-01,110.5261,188.76410059348447,183.05,173.39586349534642,262.1252660549454,167.35,158.52388831437432,235.4431729011946,155.02,146.8441778697001,250.1604393010223,188.15,178.22688728024818,257.0703696527451,147.44,139.66395036194413,224.97414684591521,181.67,172.08864529472592,281.09873455525303
2014-09-01,111.0363,189.63545536057381,184.33,174.6083557394002,263.958209734543,165.86,157.1124715615305,233.34690563126466,154.02,145.89691830403308,248.54670920618923,189.68,179.6761944157187,259.16081698502626,143.13,135.58126163391933,218.39765082783398,181.87,172.27809720785936,281.40819537383106
2014-10-01,111.0363,189.63545536057381,186.17,176.35131334022748,266.5930662739644,165.11,156.40202688728024,232.29173754237374,155.67,147.45989658738364,251.20936386266374,189.82,179.8088107549121,259.3520997474572,143.11,135.562316442606,218.3671334449195,181.36,171.7949948293692,280.6190702864574
2014-11-01,111.0363,189.63545536057381,184.43,174.7030816959669,264.1014084595115,165.93,157.1787797311272,233.44538798622784,154.4,146.25687693898655,249.1599266422258,187.06,177.19437435367115,255.58109671667552,146.12,138.41356773526368,222.95999957355625,187.33,177.45013443640124,289.8564757210083
2014-12-01,111.8501,191.02531915802058,185.02,175.26196483971043,264.94628093682604,167.77,158.9217373319545,236.03406703097357,154.53,146.38002068252325,249.36971155455407,183.32,173.6516235780765,250.47111434887714,142.2,134.70031023784898,216.9785925223083,183.07,173.41480868665974,283.26496028529846
2015-01-01,111.8501,191.02531915802058,190.27,180.23507755946227,272.46421399767536,167.89,159.0354084798345,236.20289392519607,156.03,147.80091003102376,251.7903066968037,186.09,176.27553257497414,254.2557804341182,140.4,132.99524301964837,214.2320280600006,183.02,173.3674457083764,283.1875950806541
2015-02-01,111.8501,191.02531915802058,191.05,180.9739400206825,273.5811640524301,165.39,156.66725956566697,232.68566696222632,154.29,146.15267838676317,248.98241633179416,185.98,176.17133402275076,254.10548683506528,139.8,132.4268872802482,213.31650657256475,182.49,172.86539813857289,282.36752391142255
2015-03-01,114.857,196.16071047350667,188.14,178.2174146845915,269.414081155845,169.01,160.09633919338157,237.7786116046065,156.37,148.12297828335056,252.33897492904697,183.68,173.99263702171663,250.96298430941388,139.79,132.4174146845915,213.30124788110746,185.49,175.70717683557393,287.0094361900914
2015-04-01,114.857,196.16071047350667,192.64,182.48008273009305,275.85802377943014,168.23,159.3574767321613,236.68123679215998,155.77,147.55462254395036,251.37073687214712,187.36,177.47855222337125,255.99098835045618,139.3,131.95325749741468,212.55357199970152,185.99,176.18080661840744,287.7830882365362
2015-05-01,114.857,196.16071047350667,194.75,184.47880041365045,278.87951687626673,173.84,164.67160289555326,244.57389409706408,158.63,150.26378490175802,255.98600494336966,169.39,160.45629782833504,231.43847948699704,144.53,136.90742502585314,220.5338676318511,186.3,176.4744570837642,288.26275250533195
2015-06-01,117.4469,200.58392041330427,197.06,186.66697001034126,282.18740742304044,177.65,168.28066184074456,249.93414798862997,158.59,150.22589451913134,255.92145573957637,184.23,174.51362978283348,251.71445230467833,145.9,138.20517063081695,222.6243083614964,185.37,175.5935056876939,286.8237596989446
2015-07-01,117.4469,200.58392041330427,201.5,190.8728024819028,288.5454308116444,180.34,170.8287900723888,253.71868420078542,158.26,149.9132988624612,255.38892480828142,189.44,179.44885211995862,258.83290367800174,147.61,139.82498448810756,225.23354460068873,182.82,173.177993795243,282.8781342620761
2015-08-01,117.4469,200.58392041330427,195.46,185.15135470527403,279.8962278235435,182.12,172.5149120992761,256.22294979841985,156.79,148.52082730093068,253.0167415688768,189.0,179.03205791106512,258.2317292817902,144.39,136.77480868665975,220.32024595144938,183.24,173.57584281282314,283.52800198108974
2015-09-01,119.1831,203.54912258229794,204.22,193.44934850051703,292.4404361307892,180.82,171.28347466390898,254.39399177767558,157.14,148.85236814891414,253.58154710206838,187.86,177.95218200620474,256.6741410734238,144.96,137.31474663908998,221.18999136451353,185.01,175.25249224405374,286.2667302255043
2015-10-01,119.1831,203.54912258229794,205.27,194.44397104446742,293.9440227429591,181.71,172.12653567735262,255.64612457649284,157.09,148.8050051706308,253.50086059732675,185.26,175.48930713547048,253.12174691399173,145.27,137.60839710444674,221.66301079968872,183.89,174.1915615305067,284.533749641468
2015-11-01,119.1831,203.54912258229794,207.52,196.57530506721818,297.1659940547516,182.64,173.00748707342294,256.95453300671755,159.2,150.80372285418818,256.9058310974245,182.38,172.7611995863495,249.1867872296978,142.29,134.78556359875904,217.11592074542375,178.66,169.23739400206824,276.4413492356554
2015-12-01,120.847,206.39084582212544,210.64,199.53075491209924,301.63379427377055,181.5,171.92761116856255,255.35067751160335,156.01,147.7819648397104,251.758032094907,178.49,169.07635987590487,243.87185904500922,142.42,134.90870734229574,217.3142837343682,183.08,173.42428128231646,283.28043332622747
2016-01-01,120.847,206.39084582212544,216.72,205.2900930713547,310.34027675185894,181.34,171.77604963805584,255.12557498597332,154.41,146.2663495346432,249.1760639431741,181.06,171.51081695966906,247.38326404106311,142.09,134.59611168562566,216.81074691627848,180.79,171.25505687693897,279.73710695351025
2016-02-01,120.847,206.39084582212544,223.8,211.99669079627714,320.47874647963283,184.04,174.33365046535675,258.92418010598067,156.95,148.67238883143742,253.2749383840501,177.01,167.67441571871765,241.84972698502474,139.86,132.48372285418822,213.40805872130835,179.4,169.93836608066184,277.5863542643937
2016-03-01,126.8984,216.72584432774005,225.61,213.7112306101344,323.0706434015637,183.15,173.49058945191314,257.67204730716344,159.19,150.79425025853152,256.8896937964762,177.73,168.3564426059979,242.8334669060982,144.33,136.71797311271973,220.22869380270578,184.65,174.91147880041365,285.7097007520641
2016-04-01,126.8984,216.72584432774005,233.08,220.787259565667,333.767588156715,188.97,179.0036401240951,265.86015167695695,158.79,150.41534643226473,256.24420175854294,179.42,169.95731127197516,245.14252310972907,144.51,136.8884798345398,220.50335024893656,182.29,172.67594622543947,282.0580630928446
2016-05-01,126.8984,216.72584432774005,238.55,225.96876938986554,341.6005584124951,193.61,183.39892450879006,272.3881249202288,159.72,151.29629782833504,257.74497074673775,180.5,170.98035160289555,246.61813299133934,145.15,137.4947259565667,221.47990650220154,181.56,171.98444674250257,280.92853110503523
2016-06-01,133.3705,227.77934332436703,246.6,233.594208893485,353.12805577246405,201.73,191.09067218200616,283.8120780959545,161.38,152.86874870734226,260.4237627041606,179.27,169.8152223371251,244.93757729283874,148.81,140.96169596690794,227.0645875755605,183.25,173.5853154084798,283.54347502201864
2016-07-01,133.3705,227.77934332436703,250.78,237.55375387797307,359.11376247614976,207.57,196.6226680455015,292.02832028145184,161.48,152.96347466390898,260.5851357136439,179.11,169.6636608066184,244.71896842148914,148.65,140.81013443640123,226.8204485122443,182.15,172.5433298862461,281.84144051984015
2016-08-01,133.3705,227.77934332436703,252.39,239.07884177869695,361.4192619481435,210.3,199.2086866597725,295.86913212501486,161.31,152.80244053774558,260.31080159752224,179.37,169.90994829369183,245.07420783743234,147.97,140.16599793174765,225.78285749315023,183.89,174.1915615305067,284.533749641468
2016-09-01,137.1935,234.30852653601465,249.61,236.44546018614272,357.4383373940177,214.24,202.94088934850052,301.4122818186552,160.4,151.94043433298862,258.84230721122424,180.81,171.27400206825232,247.0416876795793,147.86,140.0617993795243,225.61501188712035,181.58,172.00339193381592,280.959477186893
2016-10-01,137.1935,234.30852653601465,249.52,236.36020682523267,357.30945854154595,215.48,204.11549120992757,303.1568263922881,158.83,150.4532368148914,256.30875096233626,181.78,172.1928438469493,248.36700396213664,148.88,141.02800413650462,227.17139841576133,181.89,172.29704239917265,281.43914145568874
2016-11-01,137.1935,234.30852653601465,242.63,229.83358841778693,347.44306639121226,217.47,206.00053774560493,305.956539054812,159.86,151.42891416752843,257.97089296001434,183.14,173.48111685625642,250.22517936860874,144.31,136.6990279214064,220.19817641979128,182.96,173.3106101344364,283.0947568350807
2016-12-01,138.2738,236.15353742367958,246.11,233.13005170630817,352.4263820201181,220.41,208.78548086866596,310.0927979632645,159.82,151.39102378490173,257.906343756221,184.08,174.37154084798345,251.50950648778806,146.16,138.45145811789035,223.02103433938524,181.69,172.10759048603927,281.1296806371109
2017-01-01,138.2738,236.15353742367958,245.18,232.24910031023785,351.09463387791055,222.9,211.14415718717683,313.59595601838237,160.88,152.39511892450875,259.616897656744,182.71,173.07379524301965,249.63766802685657,146.69,138.95350568769388,223.8297449866203,181.07,171.52028955532572,280.1703520995193
2017-02-01,138.2738,236.15353742367958,252.08,238.78519131334022,360.97534590074105,229.12,217.0361116856256,322.346816702251,160.52,152.05410548086866,259.0359548226042,178.76,169.33211995863493,244.24076151541172,146.06,138.35673216132366,222.86844742481264,178.59,169.17108583247153,276.3330379491531
2017-03-01,146.4193,250.06498441569528,249.33,236.18022750775592,357.03738096410564,233.5,221.18510858324714,328.508998341374,162.32,153.75917269906927,261.9406689933037,180.88,171.340310237849,247.13732906079474,146.05,138.347259565667,222.8531887333554,173.07,163.94221302998963,267.79191935640256
2017-04-01,146.4193,250.06498441569528,252.41,239.0977869700103,361.4479016931372,243.68,230.8282109617373,342.8311465345868,163.68,155.04744570837642,264.13534192227667,182.69,173.0548500517063,249.61034191793786,146.48,138.7545811789038,223.50931246601778,182.78,173.14010341261633,282.81624209836053
2017-05-01,146.4193,250.06498441569528,258.38,244.75292657704236,369.99686557376015,252.52,239.2019855222337,355.2680610756479,163.39,154.77274043433295,263.66736019477503,181.43,171.86130299896587,247.88879705605927,149.5,141.6153050672182,228.11743728611185,181.93,172.33493278179938,281.50103361940444
2017-06-01,153.8374,262.7341274924213,266.76,252.69096173733192,381.99691872612533,260.11,246.39168562564632,365.946362135224,166.05,157.29245087900725,267.9598822470311,182.59,172.9601240951396,249.4737113733443,151.38,143.39615305067215,230.98607128007762,182.19,172.58122026887278,281.9033326835557
2017-07-01,153.8374,262.7341274924213,273.64,259.20810754912094,391.84899100396206,259.36,245.68124095139606,364.89119404633306,168.12,159.25327817993795,271.3003035433355,184.94,175.1861840744571,252.68452917129252,155.57,147.36517063081695,237.37946300067168,185.8,176.00082730093072,287.4891004588872
2017-08-01,153.8374,262.7341274924213,277.8,263.1487073422957,397.8060579626541,248.51,235.40347466390895,349.6264290270443,165.68,156.94196483971044,267.3628021119428,181.84,172.24967942088932,248.44898228889272,154.96,146.78734229576008,236.44868282177853,186.23,176.40814891416753,288.1544412188297
2017-09-01,155.6623,265.8508176422868,280.87,266.05679420889345,402.2022588191889,240.73,228.03379524301963,338.6808187182825,167.96,159.1017166494312,271.0421067281622,186.3,176.4744570837642,254.54270457776462,152.49,144.44761116856256,232.67978603183406,183.18,173.51900723888315,283.4351637355164
2017-10-01,155.6623,265.8508176422868,279.63,264.88219234746634,400.4265946295787,238.12,225.56144777662874,335.0088337689421,168.07,159.20591520165456,271.2196170385938,183.6,173.91685625646326,250.85367987373903,154.33,146.19056876938987,235.4873852599708,182.06,172.45807652533608,281.7021831514801
2017-11-01,155.6623,265.8508176422868,282.69,267.78080661840744,404.8084756136166,238.48,225.90246122026886,335.51531445160975,168.23,159.3574767321613,271.4778138537671,185.68,175.88715615305065,253.69559520128468,151.63,143.63296794208892,231.36753856650927,182.05,172.44860392967942,281.6867101105512
2017-12-01,154.6915,264.19281841082784,287.57,272.4034332988624,411.79657339208217,238.78,226.18663908996896,335.9373816871662,169.98,161.01518097207858,274.30184151972503,182.79,173.149576008273,249.74697246253137,154.69,146.53158221302996,236.0366981524323,183.61,173.92632885211995,284.10050449545895
2018-01-01,154.6915,264.19281841082784,290.6,275.2736297828335,416.1354947586296,239.88,227.22862461220268,337.48496155087287,168.48,159.59429162357807,271.8812463774754,181.86,172.2686246122027,248.47630839781147,152.93,144.86440537745602,233.35116845595368,180.41,170.8950982419855,279.1491313982122
2018-02-01,154.6915,264.19281841082784,286.92,271.7877145811789,410.86578167978666,238.0,225.44777662874867,334.84000687471956,168.67,159.7742709410548,272.18785509549366,181.09,171.53923474663907,247.4242532044412,149.25,141.37849017580143,227.73596999968015,178.14,168.74481902792138,275.6367511073528
2018-03-01,154.147,263.26288373681734,291.11,275.75673216132367,416.8658082559692,238.8,226.2055842812823,335.9655195028699,169.15,160.228955532575,272.9624455410136,180.45,170.93298862461216,246.54981771904252,151.42,143.43404343329883,231.04710604590665,176.51,167.20078593588414,273.11464543594275
2018-04-01,154.147,263.26288373681734,293.13,277.670196483971,419.75842250033406,241.89,229.13261633919336,340.3128120291005,169.68,160.73100310237848,273.8177224912751,181.83,172.2402068252327,248.43531923443342,151.69,143.68980351602895,231.45909071525287,181.69,172.10759048603927,281.1296806371109
2018-05-01,154.147,263.26288373681734,297.4,281.7149948293691,425.87300805649147,247.53,234.4751602895553,348.2476760575603,170.43,161.44144777662873,275.0280200623999,183.2,173.53795243019647,250.30715769536488,157.28,148.98498448810753,239.98869923986396,181.95,172.3538779731127,281.5319797012622
2018-06-01,154.8542,264.47068869817684,295.43,279.8488934850052,423.05199317461097,247.24,234.2004550155119,347.8396777298558,172.8,163.68645294725957,278.8525603871543,183.44,173.76529472595655,250.63507100238937,160.84,152.35722854188208,245.42079339865032,184.36,174.63677352637023,285.2609825651262
2018-07-01,154.8542,264.47068869817684,296.88,281.2224198552223,425.128374686655,247.7,234.63619441571868,348.48684749104217,176.22,166.92608066184073,284.37151731148333,181.76,172.17389865563598,248.33967785321792,162.59,154.01493278179936,248.0910644036717,185.4,175.6219234746639,286.8701788217313
2018-08-01,154.8542,264.47068869817684,294.34,278.8163805584281,421.4911270724536,249.5,236.34126163391932,351.0192509043804,176.47,167.16289555325747,284.7749498351916,181.74,172.15495346432263,248.3123517442992,163.71,155.07586349534643,249.80003784688537,182.81,173.16852119958634,282.8626612211473
2018-09-01,154.4196,263.7284488279749,294.74,279.1952843846949,422.0639219723279,246.55,233.54684591520166,346.86892308807614,175.19,165.9504033092037,282.70937531380525,182.6,172.96959669079627,249.48737442780367,161.39,152.87822130299895,246.26002142879992,184.23,174.51362978283348,285.05983303305044
2018-10-01,154.4196,263.7284488279749,289.94,274.64843846949327,415.1903831738371,246.42,233.4237021716649,346.68602728600166,177.36,168.00595656670114,286.2111696195931,179.86,170.37410548086868,245.7436975059407,160.36,151.90254395036195,244.68837620870164,181.35,171.7855222337125,280.6035972455284
2018-11-01,154.4196,263.7284488279749,289.23,273.97588417786966,414.17367222656026,248.65,235.53609100310237,349.82339373697073,176.17,166.87871768355737,284.29083080674167,178.26,168.85849017580142,243.557608792444,161.71,153.1813443640124,246.74829955543237,180.23,170.72459152016543,278.870616661492
2018-12-01,154.286,263.5002775287135,284.4,269.40062047569796,407.2571738105789,247.75,234.68355739400207,348.5571920303016,177.25,167.90175801447776,286.0336593091614,179.54,170.0709824198552,245.3064797632413,166.5,157.71871768355737,254.0572127634623,176.48,167.17236814891413,273.06822631315606
2019-01-01,154.286,263.5002775287135,287.27,272.1192554291623,411.36697721717655,246.85,233.83102378490176,347.2909903236325,178.7,169.2752843846949,288.3735679466693,177.17,167.82597724922437,242.0683358563744,159.04,150.65216132368147,242.67422893634262,176.29,166.9923888314374,272.77423853550704
2019-02-01,154.286,263.5002775287135,283.04,268.11234746639093,405.3096711510067,247.22,234.18150982419854,347.81153991415204,178.14,168.74481902792138,287.4698790935628,174.44,165.23995863495344,238.3383219889708,158.83,150.4532368148914,242.35379641574008,179.97,170.47830403309203,278.4683175973408
2019-03-01,152.5901,260.6039024806797,280.86,266.0473216132368,402.18793894669204,245.78,232.81745604963805,345.78561718348146,177.28,167.93017580144777,286.08207121200644,176.78,167.45654601861426,241.53547673245964,159.18,150.78477766287486,242.88785061674432,178.86,169.42684591520165,276.75081005423334
2019-04-01,152.5901,260.6039024806797,283.54,268.5859772492244,406.0256647758494,249.05,235.91499482936916,350.38615005104583,177.54,168.17646328852118,286.501641036663,175.65,166.38614270941054,239.99155157855262,162.87,154.28016546018614,248.5183077644751,176.59,167.2765667011375,273.2384297633739
2019-05-01,152.5901,260.6039024806797,281.4,266.558841778697,402.9612120615223,252.43,239.11673216132365,355.1414409049809,181.05,171.5013443640124,292.16583366952705,175.81,166.53770423991728,240.21016044990233,166.58,157.79449844881074,254.1792822951204,178.39,168.98163391933812,276.0235771305752
2019-06-01,151.8894,259.40719866786213,278.42,263.7360082730093,398.6938900574592,256.0,242.4984488107549,360.1640410081017,182.21,172.60016546018613,294.0377605795334,176.29,166.9923888314374,240.86598706395125,169.77,160.8162564632885,259.04680486998797,178.81,169.3794829369183,276.67344484958886
2019-07-01,151.8894,259.40719866786213,275.12,260.6100517063081,393.96833213349674,258.52,244.88554291623575,363.7094057867752,186.84,176.9859772492244,301.50933091861054,178.88,169.44579110651497,244.40471816892395,173.33,164.18850051706306,264.4788990287743,179.12,169.67313340227506,277.15310911838463
2019-08-01,151.8894,259.40719866786213,274.91,260.4111271975181,393.6676148110629,258.65,245.00868665977245,363.89230158884965,187.21,177.3364632885212,302.1064110536988,178.86,169.42684591520165,244.3773920600053,175.34,166.09249224405374,267.54589601168453,177.5,168.1385729058945,274.6464764879035
2019-09-01,151.7732,259.208744289313,274.6,260.1174767321613,393.2236987636603,256.82,243.27520165460183,361.3176914519558,187.99,178.07532574974147,303.3651205276686,177.8,168.4227507755946,242.92910828731374,173.99,164.81369183040331,265.48597266495386,178.66,169.23739400206824,276.4413492356554
2019-10-01,151.7732,259.208744289313,277.52,262.88347466390894,397.40510153274215,257.39,243.81513960703202,362.1196191995129,186.21,176.38920372285418,300.4926809588657,178.27,168.8679627714581,243.57127184690336,174.03,164.85158221302999,265.54700743078286,173.87,164.70002068252325,269.02976263071423
2019-11-01,151.7732,259.208744289313,278.37,263.6886452947259,398.6222906949749,258.76,245.11288521199583,364.0470595752203,188.24,178.3121406411582,303.76855305137684,179.7,170.2225439503619,245.52508863459096,175.31,166.06407445708376,267.50011993731283,178.19,168.79218200620474,275.7141163119973
2019-12-01,153.6002,262.329020964092,273.48,259.05654601861426,391.6198730440124,260.39,246.65691830403304,366.34029155507653,189.81,179.79933815925543,306.30210930026476,174.66,165.44835573940017,238.63890918707656,175.64,166.37667011375385,268.0036567554025,177.18,167.83544984488108,274.15133917817883
2020-01-01,153.6002,262.329020964092,278.66,263.9633505687694,399.03756699738375,258.49,244.85712512926577,363.6671990632196,189.0,179.03205791106512,304.9949879234499,172.17,163.08967942088933,235.23680862669744,173.98,164.8042192347466,265.4707139734965,174.25,165.05997931747672,269.6177381860123
2020-02-01,153.6002,262.329020964092,285.05,270.0163391933816,408.18796552287466,262.1,248.27673216132368,368.74607479774795,194.75,184.47880041365045,314.2739359687401,174.8,165.58097207859356,238.83019194950754,175.93,166.65137538779732,268.44615880766327,171.21,162.180310237849,264.91393374362787
2020-03-01,156.2749,266.89705819563636,282.39,267.4966287487073,404.3788794387109,267.52,253.41087900723886,376.3714228534663,192.21,182.07276111685624,310.1750615278641,174.06,164.88,237.81912591951536,181.96,172.36335056876936,277.64714975639396,174.41,165.21154084798343,269.8653068408746
2020-04-01,156.2749,266.89705819563636,283.58,268.62386763185106,406.0829442658368,274.46,259.9848603929679,386.1352449026703,198.29,187.83209927611165,319.9865405044491,173.23,164.09377456049634,236.68509239938894,187.44,177.5543329886246,286.00891267497525,174.45,165.2494312306101,269.9271990045902
2020-05-01,156.2749,266.89705819563636,285.65,270.58469493278176,409.04715787268594,278.9,264.19069286452947,392.38183998890463,197.71,187.2826887280248,319.05057704944596,174.16,164.9747259565667,237.95575646410887,188.31,178.3784488107549,287.33641883175727,175.66,166.3956153050672,271.7994369569866
2020-06-01,160.4669,274.0564450706631,283.74,268.7754291623578,406.3120622257865,272.61,258.23243019648396,383.5324969500727,200.12,189.5655842812823,322.9396665779937,173.54,164.38742502585313,237.10864708762892,189.99,179.9698448810755,289.89987899657785,170.57,161.5740641158221,263.9236591241785
2020-07-01,160.4669,274.0564450706631,283.74,268.7754291623578,406.3120622257865,277.31,262.6845501551189,390.1448836404559,203.24,192.52103412616339,327.9745044738729,174.02,164.84210961737332,237.76447370167796,193.49,183.28525336091002,295.2404210066206,175.87,166.59453981385727,272.1243708164934
2020-08-01,160.4669,274.0564450706631,287.48,272.31817993795244,411.66769453961064,280.48,265.6873629782834,394.6047274295015,209.33,198.2898448810755,337.80212075140633,173.93,164.75685625646327,237.64150621154374,201.21,190.59809720785935,307.02013081162914,176.16,166.8692450879007,272.57308900343145
2020-09-01,161.8262,276.3779514111268,289.65,274.3737331954498,414.77510687142825,280.76,265.9525956566701,394.99865684935406,211.49,200.33592554291621,341.28777775624565,174.04,164.86105480868665,237.79179981059664,203.2,192.48314374353666,310.05661041162483,178.77,169.34159255429162,276.6115526858733
2020-10-01,161.8262,276.3779514111268,295.71,280.11412616339186,423.4529496045228,285.67,270.60364012409514,401.90649060462664,214.25,202.95036194415718,345.741672817985,174.53,165.3252119958635,238.46128947910498,209.28,198.24248190279212,319.333894817642,179.45,169.98572905894517,277.66371946903814
2020-11-01,161.8262,276.3779514111268,296.45,280.8150982419855,424.51262016929013,286.95,271.8161323681489,403.70731080966715,218.75,207.21302998965874,353.00345824473374,175.22,165.9788210961737,239.40404023680037,209.3,198.2614270941055,319.3644122005566,178.88,169.44579110651497,276.78175613609113
2020-12-01,165.1458,282.0473933649289,295.81,280.20885211995864,423.5961483294915,284.02,269.0406618407445,399.58512080906655,218.05,206.54994829369184,351.8738471783506,175.11,165.87462254395035,239.25374663774753,210.19,199.1044881075491,320.7224357402531,177.98,168.59325749741467,275.38918245249045
2021-01-01,165.1458,282.0473933649289,299.32,283.5337331954498,428.6224235758878,285.15,270.1110651499483,401.174907396329,221.16,209.4959255429162,356.8925477732814,173.39,164.24533609100308,236.90370127073862,209.73,198.66874870734227,320.0205359332189,177.45,168.09120992761115,274.56911128325896
2021-02-01,165.1458,282.0473933649289,304.71,288.63946225439497,436.34083485169305,291.07,275.71884177869697,409.5037008446413,221.46,209.78010341261634,357.3766668017314,177.42,168.06279214064114,242.40991221785828,206.58,195.6848810754912,315.21404812418047,178.53,169.11425025853154,276.2401997035798
2021-03-01,167.5337,286.1256137654242,310.59,294.209348500517,444.76091987984427,300.53,284.67991726990687,422.81288767251874,225.18,213.3039089968976,363.37974275451035,179.68,170.2035987590486,245.49776252567227,217.16,205.70688728024817,331.3577436859668,179.43,169.96678386763185,277.6327733871804
2021-04-01,167.5337,286.1256137654242,317.66,300.9064736297828,454.8850697351213,312.07,295.6112926577042,439.04840733358714,231.18,218.98746639089967,373.0621233235088,180.15,170.6488107549121,246.13992608526192,227.87,215.85203722854186,347.6998022366976,179.5,170.03309203722853,277.7410846736827
2021-05-01,167.5337,286.1256137654242,325.37,308.20984488107547,465.9256914301972,322.0,305.01758014477764,453.0188328305029,236.34,223.87532574974145,381.38897061284746,184.91,175.15776628748705,252.64354000791437,238.58,225.99718717683555,364.04186078742845,184.97,175.21460186142707,286.20483806178873
2021-06-01,176.1755,300.88467614533965,336.93,319.1601654601861,482.47946403656243,324.88,307.7456876938986,457.07067829184405,245.37,232.42907962771454,395.96095336919,187.38,177.49749741468457,256.01831445937484,245.51,232.56169596690793,374.6161339673131,185.42,175.64086866597722,286.90112490358905
2021-07-01,176.1755,300.88467614533965,337.72,319.9085005170631,483.6107339638142,327.35,310.0854188210962,460.54569853125827,248.69,235.57398138572904,401.31853728403587,188.54,178.5963185108583,257.60322877665993,252.46,239.1451499482937,385.2209245301123,185.98,176.17133402275076,287.7676151956072
2021-08-01,176.1755,300.88467614533965,332.72,315.172202688728,476.4507977153863,328.36,311.04215098241986,461.96665822429804,250.98,237.74320579110648,405.01397920120354,189.49,179.49621509824198,258.9012189502986,253.86,240.47131334022748,387.3571413341294,188.34,178.40686659772493,291.4192528548267
2021-09-01,177.8443,303.7347679432988,333.52,315.9300103412616,477.59638751513467,328.47,311.1463495346432,462.12141621066866,245.67,232.71325749741465,396.44507239763993,188.17,178.2458324715615,257.0976957616638,243.88,231.01766287487072,372.1289672597789,187.3,177.42171664943123,289.8100565982216
2021-10-01,177.8443,303.7347679432988,333.83,316.22366080661834,478.0403035625372,328.3,310.98531540847983,461.8822447771867,247.38,234.33307135470523,399.20455085980444,189.51,179.5151602895553,258.92854505921724,244.55,231.6523267838676,373.1512995874156,187.78,177.8764012409514,290.55276256280854
2021-11-01,177.8443,303.7347679432988,337.04,319.2643640124095,482.63698263402796,336.08,318.3549948293691,472.82785508594844,251.12,237.8758221302999,405.2399014144802,189.81,179.79933815925543,259.3384366929979,245.57,232.61853154084795,374.70768611605666,186.96,177.09964839710443,289.2839732066391
2021-12-01,179.6678,306.84906707655523,343.94,325.80045501551183,492.5176946568584,337.27,319.4822337125129,474.5020551203221,254.34,240.92599793174764,410.43611231984266,189.97,179.95089968976214,259.5570455643475,241.82,229.06630816959668,368.9856768195823,184.94,175.1861840744571,286.1584189390021
2022-01-01,179.6678,306.84906707655523,348.3,329.93050672182005,498.76115906548756,347.92,329.5705480868666,489.48544198257326,251.1,237.85687693898655,405.20762681258356,189.58,179.581468459152,259.02418644043274,242.7,229.89989658738364,370.32844166782166,188.75,178.79524301964838,292.05364753291144
2022-02-01,179.6678,306.84906707655523,355.33,336.58974146845907,508.8280294307771,355.35,336.6086866597725,499.9386405165194,254.47,241.04914167528437,410.645897232171,190.25,180.2161323681489,259.9396110892094,244.5,231.60496380558425,373.07500613012934,188.37,178.4352843846949,291.4656719776134
2022-03-01,198.607,339.1947397634601,363.2,344.0446742502585,520.0977690858027,369.15,349.6808686659772,519.3537333521123,260.92,247.15896587383662,421.0544563438443,193.18,182.99160289555326,263.9428860458002,257.82,244.22246122026883,393.3995831512063,186.47,176.63549120992758,288.5257942011231
2022-04-01,198.607,339.1947397634601,375.88,356.05592554291616,538.2553674118158,383.44,363.2172078593588,539.4582026724473,271.57,257.24728024819024,438.2406818538164,194.77,184.4977456049638,266.11531170483744,269.56,255.34328852119955,411.31328692203545,185.22,175.4514167528438,286.59166408501113
2022-05-01,198.607,339.1947397634601,374.57,354.8150155118924,536.3794641147277,386.09,365.72744570837637,543.1864632531953,276.12,261.55731127197515,445.5831537853069,195.52,185.20819027921408,267.14004078928906,273.13,258.72500517063077,416.760639772279,181.23,171.67185108583246,280.41792075438167
2022-06-01,187.6682,320.5127022757355,374.67,354.9097414684592,536.5226628396964,378.57,358.60405377456044,532.6066445485823,286.35,271.2477766287487,462.0916126554492,204.11,193.34514994829368,278.8766045698741,278.17,263.49919338159253,424.45102026674067,186.87,177.0143950361944,289.144715838279
2022-07-01,187.6682,320.5127022757355,367.89,348.48732161323676,526.813789286828,368.61,349.16934850051706,518.5940123281109,280.97,266.15152016546017,453.4097447452472,212.43,201.2263495346432,290.24426588005656,273.88,259.4354498448811,417.9050416315739,191.91,181.78858324715614,296.94312846644254
2022-08-01,187.6682,320.5127022757355,360.63,341.61021716649424,516.4175618541107,353.91,335.244632885212,497.9127177858488,281.38,266.5398965873836,454.0713740841288,215.18,203.8313133402275,294.00160585637894,265.28,251.2890175801447,404.782566978326,197.07,186.67644260599792,304.92721758575294
2022-09-01,169.2519,289.0600742923018,346.45,328.17807652533605,496.1119826535692,343.19,325.09001034126163,482.8308485686345,272.21,257.85352637021714,439.27346911450957,215.88,204.49439503619436,294.9580196685336,256.03,242.52686659772488,390.66827738035585,197.71,187.2826887280248,305.9174922052022
2022-10-01,169.2519,289.0600742923018,346.02,327.7707549120992,495.4962281362044,340.06,322.1250879007239,478.4272804109964,268.07,253.9318717683557,432.5926265219007,220.14,208.52972078593587,300.7784808682185,251.48,238.21683557394,383.7255727673003,201.87,191.22328852119958,312.354277231623
2022-11-01,169.2519,289.0600742923018,339.42,321.518841778697,486.0451122882796,336.2,318.4686659772492,472.9966819801711,262.92,249.05348500517064,424.28191653351047,217.44,205.97211995863492,297.0894561641929,246.49,233.4900103412616,376.111485730125,201.24,190.62651499482936,311.37947565310253
2022-12-01,160.5654,274.22467016779814,338.94,321.06415718717676,485.3577584084304,330.79,313.3439917269907,465.38540283230464,260.66,246.9126783867632,420.63488651918766,213.55,202.28728024819029,291.7745279795042,239.39,226.76446742502583,365.2778147954669,196.66,186.2880661840744,304.2928229076681
2023-01-01,160.5654,274.22467016779814,326.04,308.8445087900724,466.8851228874866,332.75,315.20062047569803,468.1429087712729,258.28,244.65820062047567,416.79420889348495,211.07,199.93807652533604,288.3860904735844,242.17,229.3978490175801,369.51973102058656,194.92,184.63983453981382,301.6005137860402
2023-02-01,160.5654,274.22467016779814,341.37,323.36599793174764,488.83748742516644,324.08,306.98788004136503,455.9451656636938,256.4,242.87735263702166,413.7603963151987,207.04,196.120620475698,282.8798795264647,238.77,226.1771664943123,364.3317759251165,191.93,181.8075284384695,296.97407454830034
2023-03-01,159.7024,272.7507792152342,345.08,326.8803309203722,494.15016012149994,324.32,307.2152223371251,456.2828194521389,258.71,245.0655222337125,417.4881128342632,207.87,196.90684591520164,284.01391304659114,245.71,232.75114788004137,374.92130779645845,190.62,180.5666184074457,294.947106186615
2023-04-01,159.7024,272.7507792152342,343.74,325.6110031023785,492.23129720692134,336.65,318.8949327817993,473.6297828335056,263.13,249.25240951396066,424.6207998534253,208.28,197.29522233712513,284.5740982794247,243.47,230.6292864529472,371.503360910031,184.46,174.7314994829369,285.4157129744151
2023-05-01,159.7024,272.7507792152342,342.4,324.3416752843847,490.3124342923427,346.33,328.064405377456,487.2484856341245,267.74,253.61927611168562,432.0600955906058,211.83,200.657993795243,289.4244826124953,247.28,234.23834539813856,377.316922355249,190.15,180.1214064115822,294.21987326295687
2023-06-01,165.2839,282.28325007471926,355.94,337.167569803516,509.7015416530854,353.13,334.5057704239917,496.81534297340215,275.95,261.3962771458117,445.30881966918525,217.41,205.9437021716649,297.04846700081487,254.94,241.49435367114785,389.005080011514,189.35,179.36359875904859,292.9820299886452
2023-07-01,165.2839,282.28325007471926,365.76,346.46965873836604,523.7636564449978,360.78,341.7523061013443,507.57805748008957,273.59,259.16074457083755,441.5004166453791,219.37,207.80033092037226,299.7264256748482,258.98,245.32128231644262,395.1695913602491,191.78,181.66543950361944,296.74197893436695
2023-08-01,165.2839,282.28325007471926,370.36,350.8270527404343,530.3507977935514,358.98,340.04723888314373,505.04565406675147,276.71,262.11619441571867,446.5352545412584,228.44,216.39197518097205,312.1188160694823,259.25,245.57704239917265,395.58157602959517,196.48,186.11755946225438,304.014308170948
2023-09-01,162.7144,277.8948806626532,366.6,347.2653567735264,524.9665257347338,354.11,335.43408479834534,498.19409594288635,270.09,255.84533609100308,435.85236131346346,228.89,216.8182419855222,312.7336535201532,256.04,242.53633919338162,390.68353607181325,196.32,185.96599793174764,303.76673951608564
2023-10-01,162.7144,277.8948806626532,362.5,343.3815925542916,519.0953780110228,345.15,326.9466390899689,485.58835450760273,278.68,263.9822957600827,449.71430282807955,229.89,217.7655015511892,314.0999589660886,250.11,236.9190899689762,381.635132037655,194.55,184.28934850051706,301.0280112716711
2023-11-01,162.7144,277.8948806626532,360.85,341.81861427094105,516.7325990490416,341.37,323.36599793174764,480.2703073395925,271.16,256.85890382626684,437.57905251493503,228.61,216.55300930713545,312.3510879952913,255.95,242.45108583247153,390.5462078486978,196.7,186.32595656670108,304.3547150713837
2023-12-01,156.2966,266.93411895307634,355.14,336.4097621509824,508.5559518533369,334.69,317.038304033092,470.8722768945374,270.71,256.4326370217166,436.8528739722599,232.29,220.03892450879005,317.3790920363336,248.33,235.23296794208892,378.91908495826186,193.53,183.32314374353672,299.44976109692374
2024-01-01,156.2966,266.93411895307634,346.48,328.2064943123061,496.1549422710599,336.15,318.4213029989658,472.92633744091165,271.95,257.60723888314374,438.853899289853,229.29,217.197145811789,313.28017569852733,249.61,236.44546018614272,380.87219746479184,197.21,186.80905894519128,305.14384015875737
2024-02-01,156.2966,266.93411895307634,348.26,329.89261633919335,498.70387957550014,339.44,321.5377869700103,477.5550081241799,267.63,253.5150775594622,431.88258528017406,232.06,219.82105480868663,317.0648417837684,251.48,238.21683557394,383.7255727673003,194.5,184.2419855222337,300.95064606702664
2024-03-01,156.4211,267.14674864437893,363.06,343.9120579110651,519.8972908708467,343.94,325.80045501551183,483.8860166575254,267.04,252.9561944157187,430.93048452422266,237.63,225.0972905894519,324.6751631176286,251.57,238.30208893485002,383.86290099041565,198.15,187.6994829369183,306.59830600607364
2024-04-01,156.4211,267.14674864437893,367.71,348.3168148914167,526.5560315818847,348.3,329.93050672182005,490.02006048094466,279.24,264.51276111685627,450.61799168118614,241.55,228.8105480868666,330.03108046569537,256.84,243.29414684591512,391.90423138839424,201.73,191.09067218200616,312.1376546586184
2024-05-01,156.4211,267.14674864437893,372.33,352.6931540847983,533.1718126754321,356.1,337.31913133402276,500.9938086054103,282.35,267.45873836608064,455.63669227611695,246.62,233.61315408479834,336.95824907658783,263.35,249.46080661840745,401.83763952707386,201.39,190.7686039296794,311.6115712670359
2024-06-01,156.3798,267.0762136544127,372.66,353.0057497414685,533.6443684678284,355.99,337.21493278179935,500.8390506190396,287.53,272.3655429162357,463.9958141673521,249.25,236.10444674250257,340.55163239939793,265.8,251.78159255429162,405.57601893410384,205.78,194.9270734229576,318.4042362348213
2024-07-01,156.3798,267.0762136544127,373.34,353.649886246122,534.6181197976144,355.69,336.93075491209925,500.4169833834832,285.57,270.5089141675284,460.83290318147937,252.43,239.11673216132365,344.8964837174725,266.25,252.20785935884174,406.2626600496807,207.88,196.9163185108583,321.6535748298894
2024-08-01,156.3798,267.0762136544127,376.36,356.5106101344364,538.942721291665,349.6,331.1619441571871,491.84901850168893,290.49,275.16943123061014,468.7724552480581,251.31,238.0558014477766,343.3662216180248,269.77,255.54221302998963,411.633719442638,205.96,195.09758014477762,318.68275097154134
2024-09-01,153.045,261.3808120917125,366.72,347.3790279214064,525.138364204696,344.83,326.6435160289555,485.13814945634266,288.6,273.37911065149945,465.72250536882353,253.13,239.77981385729058,345.8528975296272,264.7,250.73960703205788,403.89756287380465,208.13,197.15313340227505,322.0404008531118
2024-10-01,153.045,261.3808120917125,364.17,344.9635160289555,521.4867967179977,341.45,323.441778697001,480.38285860240757,288.44,273.22754912099276,465.4643085536503,253.29,239.93137538779726,346.0715064009769,263.54,249.64078593588417,402.1275546647619,208.8,197.787797311272,323.07709459534794
2024-11-01,153.045,261.3808120917125,366.52,347.189576008273,524.8519667547588,340.31,322.36190279214065,478.7790031072935,289.66,274.3832057911065,467.43305926934664,251.08,237.83793174767322,343.05197136545974,263.44,249.54605997931745,401.9749677501893,207.04,196.120620475698,320.35383939186215
2024-12-01,150.5615,257.13931941420094,367.51,348.1273629782833,526.2696341319474,338.94,321.06415718717676,476.8515627315859,291.02,275.67147880041364,469.62773219831956,250.95,237.71478800413647,342.87435165748803,258.95,245.29286452947255,395.12381528587724,207.05,196.13009307135468,320.36931243279105
2025-01-01,150.5615,257.13931941420094,359.14,340.1988004136504,514.2839008520791,339.63,321.71776628748705,477.82231737336565,290.61,275.2831023784901,468.966102859438,248.99,235.85815925542914,340.1963929834547,262.21,248.38093071354703,400.0981487009456,209.05,198.02461220268873,323.4639206185703
2025-02-01,150.5615,257.13931941420094,358.89,339.96198552223365,513.9259040396578,338.47,320.61894519131334,476.1903240625477,289.67,274.3926783867632,467.44919657029504,248.56,235.45083764219234,339.6088816417025,262.24,248.40934850051704,400.1439247753175,207.28,196.3479627714581,320.7251923741557
2025-03-01,150.6479,257.28687929635794,366.97,347.61584281282313,525.4963610171174,339.74,321.82196483971046,477.9770753597363,292.83,277.3860186142709,472.5485836699674,251.01,237.7716235780765,342.9563299842442,265.58,251.57319544984486,405.24032772204396,209.0,197.97724922440534,323.38655541392575
2025-04-01,150.6479,257.28687929635794,365.08,345.82552223371243,522.7899051152116,336.17,318.4402481902792,472.95447525661547,297.78,282.07495346432256,480.536547639391,253.43,240.06399172699068,346.2627891634079,264.52,250.56910031023781,403.6229064275738,211.48,200.32645294725953,327.22386956429193
2025-05-01,150.6479,257.28687929635794,356.38,337.5843640124095,510.331616042947,334.25,316.62150982419854,470.25324494905476,303.84,287.8153464322647,490.31575201407946,257.85,244.2508790072389,352.30185923444236,269.69,255.46643226473626,411.5116499109798,212.43,201.2263495346432,328.6938084525371
2025-06-01,149.181,254.7816062508006,357.4,338.5505687693898,511.7922430376263,332.17,314.65120992761115,467.3269121158639,310.72,294.33249224405375,501.41821506653105,257.94,244.3361323681489,352.4248267245765,269.75,255.5232678386763,411.60320205972346,217.16,205.70688728024817,336.01255681190486
2025-07-01,149.181,254.7816062508006,357.14,338.3042812823164,511.4199263527081,329.02,311.66734229576,462.89520614252194,305.27,289.16992761116853,492.62338604969085,258.06,244.44980351602894,352.5887833780888,272.26,257.90088934850047,415.43313361549696,218.88,207.3361737331954,338.67391985167495
2025-08-01,149.181,254.7816062508006,355.97,337.195987590486,509.74450127057594,327.56,310.2843433298862,460.84114559614767,304.94,288.8573319544984,492.09085511839595,258.99,245.33075491209928,353.85944744280874,273.0,258.6018614270941,416.5622767833346,219.11,207.55404343329886,339.0297997930396
2025-09-01,145.2817,248.12211263396097,348.3,329.93050672182005,498.76115906548756,321.15,304.21240951396067,451.8229756630932,306.45,290.2876938986556,494.52758756159386,257.09,243.53096173733192,351.26346709553144,267.04,252.9561944157187,407.46809667480466,218.67,207.13724922440534,338.34898599216814
2025-10-01,145.2817,248.12211263396097,347.9,329.5516028955532,498.1883641656133,317.02,300.3002275077559,446.0125167202672,303.43,287.4269700103412,489.654122675198,257.65,244.06142709410545,352.0285981452553,267.84,253.71400206825228,408.6887919913858,219.96,208.3592140641158,340.34500827199577
2025-11-01,145.2817,248.12211263396097,346.93,328.6327611168562,496.7993365334182,317.69,300.9348914167528,446.9551335463431,305.29,289.18887280248185,492.6556606515875,255.24,241.77853154084795,348.7358020205509,264.78,250.81538779731122,404.01963240546274,217.97,206.47416752843844,337.2658731271454
2025-12-01,142.2693,242.9773280389394,345.84,327.60024819027916,495.23847043126096,312.5,296.01861427094104,439.653370371218,302.97,286.99123061013444,488.91180683157484,256.04,242.53633919338162,349.8288463772993,266.83,252.7572699069286,407.1476641542021,217.7,206.21840744570835,336.8481010220653
