start_year,holding_period,end_year,start_date,end_date,Attribute,start_value,end_value,total_growth,cagr
2000,5,2005,2000-01-01,2005-12-01,Calgary,99.9038158200222,130.21849599217578,0.3034386617100371,0.0544308886459004
2000,5,2005,2000-01-01,2005-12-01,Canada,102.6026215789249,141.71862858118783,0.3812378904195326,0.06672800463085116
2000,5,2005,2000-01-01,2005-12-01,Edmonton,103.61683207927226,145.18841790653246,0.4012049489744658,0.06979443036060284
2000,5,2005,2000-01-01,2005-12-01,Montreal,101.9400377155663,145.7798775197431,0.4300551656307896,0.07416391359744967
2000,5,2005,2000-01-01,2005-12-01,Ottawa,103.5385770990683,139.73515406430846,0.3495950782731576,0.06179505193894208
2000,5,2005,2000-01-01,2005-12-01,S&P 500(CAD),106.70013640058704,66.54836368530643,-0.37630479275619466,-0.09009828970951184
2000,5,2005,2000-01-01,2005-12-01,TSX,131.6196998343633,152.0129510564147,0.15494072124245273,0.029228820459146432
2000,5,2005,2000-01-01,2005-12-01,Toronto,106.01429148951887,129.34517167565622,0.2200729718449701,0.04058404160018547
2000,5,2005,2000-01-01,2005-12-01,Vancouver,100.36712866964965,136.06661665079082,0.3556890433584403,0.06275221113435037
2000,10,2010,2000-01-01,2010-12-01,Calgary,99.9038158200222,171.2522594682846,0.7141713563453609,0.0553716491510412
2000,10,2010,2000-01-01,2010-12-01,Canada,102.6026215789249,168.6040732675804,0.6432725662656218,0.050923153881116345
2000,10,2010,2000-01-01,2010-12-01,Edmonton,103.61683207927226,205.24634558307326,0.9808205043949727,0.07074119631831133
2000,10,2010,2000-01-01,2010-12-01,Montreal,101.9400377155663,184.68079306970165,0.8116610235617048,0.0612255417164167
2000,10,2010,2000-01-01,2010-12-01,Ottawa,103.5385770990683,165.15727133143236,0.59512788333382,0.04780279037282953
2000,10,2010,2000-01-01,2010-12-01,S&P 500(CAD),106.70013640058704,53.28779366078681,-0.5005836406738311,-0.06707597691480482
2000,10,2010,2000-01-01,2010-12-01,TSX,131.6196998343633,166.01415383847961,0.26131691568511384,0.023487215043813903
2000,10,2010,2000-01-01,2010-12-01,Toronto,106.01429148951887,146.87215398276507,0.38539957131426594,0.033136023631060274
2000,10,2010,2000-01-01,2010-12-01,Vancouver,100.36712866964965,186.6500442257281,0.8596730493314375,0.06400497773881919
2000,15,2015,2000-01-01,2015-12-01,Calgary,99.9038158200222,186.42220371266708,0.8660168501322181,0.04246393096518797
2000,15,2015,2000-01-01,2015-12-01,Canada,102.6026215789249,206.39084582212544,1.0115552862688175,0.04769643199201923
2000,15,2015,2000-01-01,2015-12-01,Edmonton,103.61683207927226,216.54717709601735,1.08988416988417,0.05036799712694551
2000,15,2015,2000-01-01,2015-12-01,Montreal,101.9400377155663,192.45060635239136,0.8878804703738503,0.04327379667821618
2000,15,2015,2000-01-01,2015-12-01,Ottawa,103.5385770990683,166.12087934476997,0.6044346368196789,0.03202005109022554
2000,15,2015,2000-01-01,2015-12-01,S&P 500(CAD),106.70013640058704,109.425298687832,0.025540382413512752,0.0016827259318779042
2000,15,2015,2000-01-01,2015-12-01,TSX,131.6196998343633,149.23376434643234,0.13382544204427949,0.00840830369085488
2000,15,2015,2000-01-01,2015-12-01,Toronto,106.01429148951887,195.19692107013472,0.8412321426440219,0.041535082787108824
2000,15,2015,2000-01-01,2015-12-01,Vancouver,100.36712866964965,230.57697949623412,1.2973356172732582,0.05701616664588438
2000,20,2020,2000-01-01,2020-12-01,Calgary,99.9038158200222,168.38309534112219,0.6854520916845273,0.02644532400731303
2000,20,2020,2000-01-01,2020-12-01,Canada,102.6026215789249,282.0473933649289,1.7489296961868552,0.051860584955252476
2000,20,2020,2000-01-01,2020-12-01,Edmonton,103.61683207927226,193.81465751932916,0.8704939499699322,0.031805445018349365
2000,20,2020,2000-01-01,2020-12-01,Montreal,101.9400377155663,247.64338444065865,1.429304422386371,0.04537978344067484
2000,20,2020,2000-01-01,2020-12-01,Ottawa,103.5385770990683,225.71950171821302,1.1800521896513891,0.03973663014365991
2000,20,2020,2000-01-01,2020-12-01,S&P 500(CAD),106.70013640058704,172.93810348688095,0.6207861519278197,0.024439430101152126
2000,20,2020,2000-01-01,2020-12-01,TSX,131.6196998343633,184.1092823461699,0.39879731208825175,0.016922226032427323
2000,20,2020,2000-01-01,2020-12-01,Toronto,106.01429148951887,281.2218426654784,1.652678603179473,0.04998774865857003
2000,20,2020,2000-01-01,2020-12-01,Vancouver,100.36712866964965,298.12043335852854,1.9702995125004326,0.055941873446660795
2000,25,2025,2000-01-01,2025-12-01,Calgary,99.9038158200222,205.0209057253627,1.0521829325789724,0.029173613137622123
2000,25,2025,2000-01-01,2025-12-01,Canada,102.6026215789249,242.9773280389394,1.3681395689488713,0.0350856596039002
2000,25,2025,2000-01-01,2025-12-01,Edmonton,103.61683207927226,197.41340223535585,0.9052252252252253,0.02611929221188114
2000,25,2025,2000-01-01,2025-12-01,Montreal,101.9400377155663,286.5319498218987,1.8107891290111335,0.04220494776977435
2000,25,2025,2000-01-01,2025-12-01,Ottawa,103.5385770990683,238.61320681037176,1.3045826347609615,0.03395988936937999
2000,25,2025,2000-01-01,2025-12-01,S&P 500(CAD),106.70013640058704,282.6585515097289,1.649092691395789,0.03973792689839062
2000,25,2025,2000-01-01,2025-12-01,TSX,131.6196998343633,278.8887317581537,1.1188980989101251,0.030491473891997023
2000,25,2025,2000-01-01,2025-12-01,Toronto,106.01429148951887,257.6635206963441,1.430460243389148,0.03616171332567797
2000,25,2025,2000-01-01,2025-12-01,Vancouver,100.36712866964965,290.2397581254723,1.89178102405194,0.04338987044866349
2005,5,2010,2005-01-01,2010-12-01,Calgary,121.58211090852085,171.2522594682846,0.4085317172781766,0.0709108684985933
2005,5,2010,2005-01-01,2010-12-01,Canada,132.18786559070918,168.6040732675804,0.2754882796097642,0.04986944037641594
2005,5,2010,2005-01-01,2010-12-01,Edmonton,136.13964612548952,205.24634558307326,0.5076162706775602,0.0855708253472629
2005,5,2010,2005-01-01,2010-12-01,Montreal,141.5395616644907,184.68079306970165,0.30479980931037587,0.05465101974668807
2005,5,2010,2005-01-01,2010-12-01,Ottawa,136.87402708021267,165.15727133143236,0.20663704323278798,0.038282013773097257
2005,5,2010,2005-01-01,2010-12-01,S&P 500(CAD),67.86103113848965,53.28779366078681,-0.21475119421574984,-0.04720063964661447
2005,5,2010,2005-01-01,2010-12-01,TSX,126.83329649868003,166.01415383847961,0.30891617912183933,0.05531562216868946
2005,5,2010,2005-01-01,2010-12-01,Toronto,124.98692144219147,146.87215398276507,0.1751001807872825,0.032797025840763494
2005,5,2010,2005-01-01,2010-12-01,Vancouver,124.67845173312544,186.6500442257281,0.49705134793663475,0.08404507155854635
2005,10,2015,2005-01-01,2015-12-01,Calgary,121.58211090852085,186.42220371266708,0.5333029038534487,0.04366902875371137
2005,10,2015,2005-01-01,2015-12-01,Canada,132.18786559070918,206.39084582212544,0.5613448700440444,0.04556222448997027
2005,10,2015,2005-01-01,2015-12-01,Edmonton,136.13964612548952,216.54717709601735,0.5906253854693477,0.04750665530751674
2005,10,2015,2005-01-01,2015-12-01,Montreal,141.5395616644907,192.45060635239136,0.3596948025639759,0.03120294286920533
2005,10,2015,2005-01-01,2015-12-01,Ottawa,136.87402708021267,166.12087934476997,0.21367715181944402,0.019554199018968488
2005,10,2015,2005-01-01,2015-12-01,S&P 500(CAD),67.86103113848965,109.425298687832,0.61249095175873,0.048937781901678745
2005,10,2015,2005-01-01,2015-12-01,TSX,126.83329649868003,149.23376434643234,0.17661346402035227,0.016397016047358326
2005,10,2015,2005-01-01,2015-12-01,Toronto,124.98692144219147,195.19692107013472,0.5617387708874526,0.04558859925837866
2005,10,2015,2005-01-01,2015-12-01,Vancouver,124.67845173312544,230.57697949623412,0.8493731377879536,0.06341419822339356
2005,15,2020,2005-01-01,2020-12-01,Calgary,121.58211090852085,168.38309534112219,0.38493314586234395,0.021947504043739574
2005,15,2020,2005-01-01,2020-12-01,Canada,132.18786559070918,282.0473933649289,1.133685963568146,0.05182147452978181
2005,15,2020,2005-01-01,2020-12-01,Edmonton,136.13964612548952,193.81465751932916,0.42364596232809726,0.023827522468496287
2005,15,2020,2005-01-01,2020-12-01,Montreal,141.5395616644907,247.64338444065865,0.7496407472822291,0.03799818062552873
2005,15,2020,2005-01-01,2020-12-01,Ottawa,136.87402708021267,225.71950171821302,0.6491039719751506,0.03391111096692412
2005,15,2020,2005-01-01,2020-12-01,S&P 500(CAD),67.86103113848965,172.93810348688095,1.5484154983432505,0.06435053429610171
2005,15,2020,2005-01-01,2020-12-01,TSX,126.83329649868003,184.1092823461699,0.45158477646353656,0.02515490423909439
2005,15,2020,2005-01-01,2020-12-01,Toronto,124.98692144219147,281.2218426654784,1.2500101564270318,0.05555037709148736
2005,15,2020,2005-01-01,2020-12-01,Vancouver,124.67845173312544,298.12043335852854,1.3911143362339478,0.05983930804718485
2005,20,2025,2005-01-01,2025-12-01,Calgary,121.58211090852085,205.0209057253627,0.6862752603433717,0.026470383801996622
2005,20,2025,2005-01-01,2025-12-01,Canada,132.18786559070918,242.9773280389394,0.8381212749986111,0.030905147368594177
2005,20,2025,2005-01-01,2025-12-01,Edmonton,136.13964612548952,197.41340223535585,0.45008017762427555,0.018754642370706343
2005,20,2025,2005-01-01,2025-12-01,Montreal,141.5395616644907,286.5319498218987,1.0243947801753266,0.03589267104693916
2005,20,2025,2005-01-01,2025-12-01,Ottawa,136.87402708021267,238.61320681037176,0.7433052267143174,0.028178863209100014
2005,20,2025,2005-01-01,2025-12-01,S&P 500(CAD),67.86103113848965,282.6585515097289,3.165255770029254,0.07394510718845404
2005,20,2025,2005-01-01,2025-12-01,TSX,126.83329649868003,278.8887317581537,1.1988605473252534,0.04018331771927053
2005,20,2025,2005-01-01,2025-12-01,Toronto,124.98692144219147,257.6635206963441,1.061523859642529,0.036834449014523374
2005,20,2025,2005-01-01,2025-12-01,Vancouver,124.67845173312544,290.2397581254723,1.3279063389937762,0.04315363354781798
2010,5,2015,2010-01-01,2015-12-01,Calgary,178.50783025264906,186.42220371266708,0.04433628176879689,0.00871405757823318
2010,5,2015,2010-01-01,2015-12-01,Canada,166.70628922761622,206.39084582212544,0.23805074648578506,0.0436327262895293
2010,5,2015,2010-01-01,2015-12-01,Edmonton,210.98197070797067,216.54717709601735,0.026377639612390036,0.00522073053149863
2010,5,2015,2010-01-01,2015-12-01,Montreal,177.23819151408222,192.45060635239136,0.08583034338341489,0.016605359039796763
2010,5,2015,2010-01-01,2015-12-01,Ottawa,160.7683703995629,166.12087934476997,0.033293296012793405,0.006571714832254383
2010,5,2015,2010-01-01,2015-12-01,S&P 500(CAD),48.09723518607214,109.425298687832,1.2750850077868732,0.17868980110971044
2010,5,2015,2010-01-01,2015-12-01,TSX,139.86366512243868,149.23376434643234,0.0669945208127567,0.013053631835943103
2010,5,2015,2010-01-01,2015-12-01,Toronto,143.93017107925579,195.19692107013472,0.3561918227877925,0.0628310272470145
2010,5,2015,2010-01-01,2015-12-01,Vancouver,182.69795957769148,230.57697949623412,0.26206652788687723,0.047650560639220796
2010,10,2020,2010-01-01,2020-12-01,Calgary,178.50783025264906,168.38309534112219,-0.056718715908411044,-0.005822061171956494
2010,10,2020,2010-01-01,2020-12-01,Canada,166.70628922761622,282.0473933649289,0.6918821399703108,0.05399126241186347
2010,10,2020,2010-01-01,2020-12-01,Edmonton,210.98197070797067,193.81465751932916,-0.08136862657522304,-0.008451122200877292
2010,10,2020,2010-01-01,2020-12-01,Montreal,177.23819151408222,247.64338444065865,0.3972348867088418,0.03401524559370728
2010,10,2020,2010-01-01,2020-12-01,Ottawa,160.7683703995629,225.71950171821302,0.4040044142838852,0.03451513149811447
2010,10,2020,2010-01-01,2020-12-01,S&P 500(CAD),48.09723518607214,172.93810348688095,2.595593443528327,0.1365199354236053
2010,10,2020,2010-01-01,2020-12-01,TSX,139.86366512243868,184.1092823461699,0.31634818939570875,0.027867366661235682
2010,10,2020,2010-01-01,2020-12-01,Toronto,143.93017107925579,281.2218426654784,0.9538769429421601,0.06927575783583317
2010,10,2020,2010-01-01,2020-12-01,Vancouver,182.69795957769148,298.12043335852854,0.6317666275399982,0.050184985006176186
2010,15,2025,2010-01-01,2025-12-01,Calgary,178.50783025264906,205.0209057253627,0.14852612031185775,0.009274711762145671
2010,15,2025,2010-01-01,2025-12-01,Canada,166.70628922761622,242.9773280389394,0.4575174647861351,0.02543369631597292
2010,15,2025,2010-01-01,2025-12-01,Edmonton,210.98197070797067,197.41340223535585,-0.06431150693627596,-0.00442170630730343
2010,15,2025,2010-01-01,2025-12-01,Montreal,177.23819151408222,286.5319498218987,0.6166490267936,0.03254197660140545
2010,15,2025,2010-01-01,2025-12-01,Ottawa,160.7683703995629,238.61320681037176,0.4842049230040619,0.026674852567859952
2010,15,2025,2010-01-01,2025-12-01,S&P 500(CAD),48.09723518607214,282.6585515097289,4.876814964856449,0.12532025114870549
2010,15,2025,2010-01-01,2025-12-01,TSX,139.86366512243868,278.8887317581537,0.994004171948522,0.04708451623626919
2010,15,2025,2010-01-01,2025-12-01,Toronto,143.93017107925579,257.6635206963441,0.7901981131840701,0.03958516395394396
2010,15,2025,2010-01-01,2025-12-01,Vancouver,182.69795957769148,290.2397581254723,0.5886316344001048,0.03133925225207945
2015,5,2020,2015-01-01,2020-12-01,Calgary,197.79995147207748,168.38309534112219,-0.14872023937330414,-0.031689900426820516
2015,5,2020,2015-01-01,2020-12-01,Canada,191.02531915802058,282.0473933649289,0.4764921980400554,0.08105112057702235
2015,5,2020,2015-01-01,2020-12-01,Edmonton,220.30764637408885,193.81465751932916,-0.12025451358948214,-0.02529900485715486
2015,5,2020,2015-01-01,2020-12-01,Montreal,195.88192001271858,247.64338444065865,0.26424830032592705,0.04801253144476192
2015,5,2020,2015-01-01,2020-12-01,Ottawa,166.66321088819035,225.71950171821302,0.354345092208993,0.06254141740284092
2015,5,2020,2015-01-01,2020-12-01,S&P 500(CAD),96.08649350976518,172.93810348688095,0.7998169895678982,0.12472324107053967
2015,5,2020,2015-01-01,2020-12-01,TSX,171.29429964071073,184.1092823461699,0.07481266295690259,0.01453388039337633
2015,5,2020,2015-01-01,2020-12-01,Toronto,183.75559004478245,281.2218426654784,0.5304124494767357,0.08883406083630185
2015,5,2020,2015-01-01,2020-12-01,Vancouver,211.96532175040392,298.12043335852854,0.4064585230105473,0.07059543157149717
2015,10,2025,2015-01-01,2025-12-01,Calgary,197.79995147207748,205.0209057253627,0.03650634997402702,0.0035920137980092193
2015,10,2025,2015-01-01,2025-12-01,Canada,191.02531915802058,242.9773280389394,0.27196399466786336,0.02434790085371974
2015,10,2025,2015-01-01,2025-12-01,Edmonton,220.30764637408885,197.41340223535585,-0.10391942592794945,-0.010912516117550841
2015,10,2025,2015-01-01,2025-12-01,Montreal,195.88192001271858,286.5319498218987,0.46277895276549375,0.038766344547627174
2015,10,2025,2015-01-01,2025-12-01,Ottawa,166.66321088819035,238.61320681037176,0.4317089268755936,0.036538585009622926
2015,10,2025,2015-01-01,2025-12-01,S&P 500(CAD),96.08649350976518,282.6585515097289,1.9417095076011135,0.11393532999798683
2015,10,2025,2015-01-01,2025-12-01,TSX,171.29429964071073,278.8887317581537,0.6281261684896811,0.04995045397431208
2015,10,2025,2015-01-01,2025-12-01,Toronto,183.75559004478245,257.6635206963441,0.4022077947862692,0.03438267456461119
2015,10,2025,2015-01-01,2025-12-01,Vancouver,211.96532175040392,290.2397581254723,0.36927944499921117,0.03192755390656443
2020,5,2025,2020-01-01,2025-12-01,Calgary,166.28215931433948,205.0209057253627,0.23296995041898372,0.042774730631655045
2020,5,2025,2020-01-01,2025-12-01,Canada,262.329020964092,242.9773280389394,-0.07376878415522892,-0.015209426816532479
2020,5,2025,2020-01-01,2025-12-01,Edmonton,190.58505323528792,197.41340223535585,0.03582835528890049,0.00706513108100415
2020,5,2025,2020-01-01,2025-12-01,Montreal,215.5922173406258,286.5319498218987,0.3290458874458877,0.05854175843081255
2020,5,2025,2020-01-01,2025-12-01,Ottawa,187.65364065231807,238.61320681037176,0.2715618305134342,0.04922226166944532
2020,5,2025,2020-01-01,2025-12-01,S&P 500(CAD),152.4211829217319,282.6585515097289,0.8544571436299226,0.13147082528901155
2020,5,2025,2020-01-01,2025-12-01,TSX,183.69803024942664,278.8887317581537,0.5181911933376553,0.08708948142751138
2020,5,2025,2020-01-01,2025-12-01,Toronto,257.0659221448343,257.6635206963441,0.002324689894808829,0.0004645062463599636
2020,5,2025,2020-01-01,2025-12-01,Vancouver,282.068221700636,290.2397581254723,0.028970071054331248,0.0057280169033311346
