date,bc_vancouver,ab_calgary,on_toronto,on_ottawa,qc_montreal,ab_edmonton,canada_house_index,canada_house_index_index_1999,bc_vancouver_index_1999,on_toronto_index_1999,qc_montreal_index_1999,ab_calgary_index_1999,on_ottawa_index_1999,canada_house_index_index_2008,bc_vancouver_index_2008,on_toronto_index_2008,qc_montreal_index_2008,ab_calgary_index_2008,on_ottawa_index_2008,ab_edmonton_index_2008
1999-01-01,66.35,69.44,71.55,69.2,59.51,,58.5525,100.0,100.0,100.0,100.0,100.0,100.0,59.35197105004409,43.90841109125802,60.15638136875735,48.354594945965715,41.444344971650246,59.009124243199466,
1999-02-01,66.15,69.33,67.33,62.08,58.7,61.22,58.5525,100.0,99.698568198945,94.10202655485675,98.6388842211393,99.84158986175116,89.71098265895952,59.35197105004409,43.77605717689101,56.60837397006894,47.696432924352,41.37869292748433,52.937665217020545,34.80386583285958
1999-03-01,67.03,69.44,68.45,65.25,58.94,61.85,58.7194,100.28504333717603,101.02486812358704,95.66736547868624,99.04217778524618,100.0,94.29190751445087,59.52114988900489,44.35841440010588,57.550025222801416,47.89144389371902,41.444344971650246,55.64082885648504,35.162023877202955
1999-04-01,66.8,68.84,69.1,64.28,59.88,62.7,58.7194,100.28504333717603,100.67822155237378,96.57582110412298,100.62174424466477,99.13594470046084,92.89017341040461,59.52114988900489,44.20620739858381,58.09651925340508,48.65523685707321,41.086242912563414,54.813677837469086,35.64525298465037
1999-05-01,67.19,69.22,69.97,64.05,59.92,62.41,58.7194,100.28504333717603,101.26601356443106,97.79175401816912,100.68895983868258,99.6831797235023,92.55780346820809,59.52114988900489,44.46429753159949,58.827980494366905,48.68773868530105,41.31304088331841,54.61754924533129,35.480386583285956
1999-06-01,67.19,69.61,72.6,63.33,60.14,63.07,60.36,103.08697322915333,101.26601356443106,101.46750524109014,101.05864560578055,100.24481566820276,91.51734104046241,61.184150507333776,44.46429753159949,61.039179418194045,48.86649874055416,41.54580722172486,54.00358147863904,35.85559977259807
1999-07-01,67.19,69.99,70.33,65.02,60.45,63.61,60.36,103.08697322915333,101.26601356443106,98.29489867225718,101.57956645941859,100.79205069124424,93.95953757225432,61.184150507333776,44.46429753159949,59.13065411131663,49.11838790931991,41.77260519247985,55.44470026434723,36.16259238203525
1999-08-01,67.39,70.24,70.64,63.66,60.91,63.6,60.36,103.08697322915333,101.56744536548608,98.72816212438855,102.35254579062342,101.15207373271889,91.99421965317917,61.184150507333776,44.596651445966515,59.39128972591222,49.49215893394003,41.92181438376603,54.28498337170632,36.15690733371233
1999-09-01,67.54,70.51,70.78,64.72,60.76,63.51,59.4283,101.49575167584646,101.79351921627733,98.92382948986723,102.10048731305663,101.54089861751152,93.52601156069363,60.239729151673025,44.69591688174177,59.50899613250379,49.37027707808564,42.08296031035512,55.1888803615588,36.10574189880614
1999-10-01,67.39,70.77,71.08,64.26,60.92,63.8,59.4283,101.49575167584646,101.56744536548608,99.34311670160727,102.36934968912787,101.91532258064515,92.86127167630059,60.239729151673025,44.596651445966515,59.76122414662856,49.500284390996995,42.23813786929274,54.7966231772832,36.27060830017055
1999-11-01,67.73,70.52,71.16,65.74,61.32,64.25,59.4283,101.49575167584646,102.07987942727958,99.45492662473795,103.041505629306,101.5552995391705,94.99999999999999,60.239729151673025,44.82165310039044,59.82848495039516,49.825302673275374,42.08892867800656,56.05866803103948,36.526435474701536
1999-12-01,67.63,71.21,70.84,64.78,61.65,63.9,60.0764,102.6026215789249,101.92916352675208,99.00768693221525,103.59603427995295,102.54896313364054,93.61271676300578,60.896678256109794,44.75547614320693,59.55944173532875,50.093442756155035,42.500746045956426,55.24004434211649,36.327458783399656
2000-01-01,67.77,70.7,72.86,65.61,61.08,64.75,60.0764,102.6026215789249,102.14016578749059,101.83088749126486,102.63821206519911,101.81451612903227,94.81213872832369,60.896678256109794,44.84812388326384,61.25777703043551,49.63029170390835,42.19635929573261,55.94781273983116,36.81068789084707
2000-02-01,67.69,71.85,71.6,66.46,61.54,64.5,60.0764,102.6026215789249,102.01959306706858,100.06988120195668,103.41119139640398,103.47062211981566,96.04046242774565,60.896678256109794,44.79518231751703,60.19841937111148,50.00406272852849,42.88272157564905,56.67263579773173,36.6685616827743
2000-03-01,67.65,72.11,73.06,65.51,61.9,65.12,60.0711,102.59356987319073,101.9593067068576,102.11041229909155,104.01613174256428,103.84504608294931,94.66763005780348,60.89130589034292,44.768711534643636,61.425929039852036,50.29657918257902,43.03789913458669,55.862539438901685,37.02103467879477
2000-04-01,68.06,72.67,72.78,66.43,62.22,65.26,60.0711,102.59356987319073,102.57724189902035,101.71907756813418,104.55385649470676,104.65149769585254,95.9971098265896,60.89130589034292,45.04003705909602,61.19051622666891,50.55659380840173,43.37212772306774,56.6470538074529,37.10062535531552
2000-05-01,68.22,72.89,73.78,68.59,62.46,66.2,60.0711,102.59356987319073,102.81838733986437,103.11670160726764,104.95715005881365,104.96831797235025,99.11849710982659,60.89130589034292,45.145920190589635,62.03127627375148,50.751604777768755,43.50343181139958,58.488957107529636,37.63501989766913
2000-06-01,68.78,73.72,73.77,67.68,63.38,66.32,60.7041,103.6746509542718,103.6623963828184,103.1027253668763,106.50310872122333,106.16359447004609,97.8034682080925,61.53294882061366,45.51651115081729,62.02286867328064,51.49914682700902,43.998806326469705,57.71297006907138,37.70324047754406
2000-07-01,69.11,73.1,74.45,68.06,64.07,67.08,60.7041,103.6746509542718,104.15975885455917,104.05310971348709,107.66257771803058,105.27073732718894,98.35260115606937,61.53294882061366,45.73489510952286,62.5945855052968,52.05980336393922,43.62876753207997,58.0370086126034,38.135304150085275
2000-08-01,68.54,74.04,74.8,69.62,64.79,67.18,60.7041,103.6746509542718,103.3006782215524,104.54227812718379,108.87245841035123,106.62442396313365,100.60693641618496,61.53294882061366,45.35768645357686,62.88885152177568,52.64483627204031,44.189794091316024,59.367272107103275,38.19215463331439
2000-09-01,68.54,73.7,74.65,69.1,64.46,67.32,60.0071,102.48426625677811,103.3006782215524,104.33263452131378,108.31792975970424,106.13479262672811,99.85549132947976,60.82643203957304,45.35768645357686,62.76273751471331,52.37669618916064,43.986869591166815,58.92385094226997,38.27174530983513
2000-10-01,67.92,73.78,75.48,70.55,64.77,67.26,60.0071,102.48426625677811,102.36623963828184,105.49266247379457,108.83885061334229,106.25,101.95086705202311,60.82643203957304,44.947389319039104,63.460568353791835,52.62858535792638,44.034616532378394,60.16031380574742,38.23763501989767
2000-11-01,67.8,73.49,75.4,72.73,64.84,67.47,60.0071,102.48426625677811,102.18538055764883,105.38085255066387,108.95647790287349,105.8323732718894,105.10115606936417,60.82643203957304,44.867976970418894,63.39330755002523,52.68546355732511,43.86153387048641,62.019271766010064,38.357021034678795
2000-12-01,68.14,74.48,75.52,72.12,64.54,67.86,60.2182,102.84479740403911,102.69781461944237,105.5485674353599,108.45236094773989,107.25806451612905,104.21965317919076,61.040414381721796,45.09297862484283,63.49419875567512,52.44169984561632,44.45240226797971,61.49910463034025,38.578737919272314
2001-01-01,68.35,74.5,75.59,73.26,64.53,68.51,60.2182,102.84479740403911,103.01431801055013,105.64640111809925,108.43555704923543,107.286866359447,105.86705202312139,61.040414381721796,45.23195023492819,63.55305195897092,52.43357438855936,44.464339003282596,62.47122026093631,38.94826606026152
2001-02-01,68.58,75.73,75.95,73.03,64.77,69.16,60.2182,102.84479740403911,103.36096458176338,106.1495457721873,108.83885061334229,109.05817972350232,105.53468208092485,61.040414381721796,45.384157236450264,63.855725575920644,52.62858535792638,45.198448224410626,62.275091668798495,39.317794201250706
2001-03-01,68.09,75.23,76.82,73.67,65.18,68.8,59.9294,102.35156483497715,102.62245666917862,107.3654786862334,109.52781045202488,108.338133640553,106.45953757225432,60.74767113012275,45.05989014625108,64.58718681688246,52.96172909726173,44.900029841838254,62.82084079474717,39.11313246162592
2001-04-01,67.22,75.58,76.87,74.39,65.7,69.25,59.9294,102.35156483497715,101.3112283345893,107.43535988819008,110.40161317425643,108.84216589861751,107.5,60.74767113012275,44.48415061875454,64.6292248192366,53.38425286422361,45.10892270963891,63.43480856143942,39.36895963615691
2001-05-01,69.15,75.58,77.02,74.42,65.79,70.07,59.9294,102.35156483497715,104.22004521477018,107.64500349406009,110.55284826079652,108.84216589861751,107.54335260115606,60.74767113012275,45.76136589239626,64.75533882629897,53.457381977736254,45.10892270963891,63.46039055171826,39.835133598635586
2001-06-01,69.69,76.05,77.7,76.68,66.8,70.43,61.4651,104.97433926817811,105.0339110776187,108.59538784067087,112.25004200974627,109.51900921658986,110.8092485549133,62.30433945242415,46.11872146118721,65.32705565831513,54.278053140489156,45.38943598925693,65.38756715272449,40.039795338260376
2001-07-01,69.49,76.44,78.32,76.45,68.51,71.18,61.4651,104.97433926817811,104.73247927656368,109.46191474493361,115.12350865400774,110.08064516129032,110.47687861271676,62.30433945242415,45.98636754682019,65.8483268875063,55.66750629722923,45.62220232766338,65.19143856058669,40.466173962478685
2001-08-01,69.47,76.74,78.32,77.59,69.15,71.61,61.4651,104.97433926817811,104.70233609645818,109.46191474493361,116.19895815829273,110.5126728110599,112.12427745664739,62.30433945242415,45.97313215538349,65.8483268875063,56.187535548874635,45.801253357206804,66.16355419118275,40.71063104036384
2001-09-01,69.79,77.77,78.73,76.91,69.04,72.0,61.5748,105.16169249818539,105.18462697814621,110.03494060097833,116.01411527474374,111.99596774193547,111.14161849710982,62.41553728725938,46.18489841837072,66.19303850681017,56.09815552124808,46.41599522530587,65.58369574486228,40.93234792495736
2001-10-01,70.46,77.58,79.43,77.56,68.47,72.63,61.5748,105.16169249818539,106.1944235116805,111.0132774283718,115.05629305998993,111.72235023041475,112.08092485549133,62.41553728725938,46.62828403150022,66.78157053976796,55.63500446900138,46.30259623992837,66.1379722009039,41.29050596930073
2001-11-01,70.32,78.04,80.03,78.09,68.53,73.49,61.5748,105.16169249818539,105.98342125094197,111.85185185185188,115.15711645101665,112.38479262672811,112.84682080924856,62.41553728725938,46.53563629144331,67.28602656801749,55.68375721134314,46.577141151894956,66.58992069583014,41.77942012507106
2001-12-01,70.25,78.02,79.61,79.06,69.15,73.81,62.9571,107.52247982579735,105.87792012057274,111.2648497554158,116.19895815829273,112.35599078341014,114.2485549132948,63.81671109849675,46.48931242141486,66.93290734824281,56.187535548874635,46.56520441659205,67.41707171484609,41.961341671404206
2002-01-01,70.33,78.46,79.81,78.0,69.08,74.53,62.9571,107.52247982579735,105.99849284099474,111.54437456324249,116.08133086876155,112.98963133640552,112.71676300578035,63.81671109849675,46.542253987161665,67.10105935765934,56.13065734947591,46.827812593255736,66.5131747249936,42.37066515065378
2002-02-01,71.46,79.33,80.78,78.37,69.08,75.21,62.9571,107.52247982579735,107.70158251695554,112.90006988120196,116.08133086876155,114.24251152073732,113.25144508670519,63.81671109849675,47.29005360333531,67.91659660332941,56.13065734947591,47.34706057893166,66.82868593843268,42.757248436611704
2002-03-01,72.08,79.87,81.87,79.74,70.12,76.9,65.2743,111.47995388753682,108.63602110022607,114.42348008385746,117.82893631322469,115.02016129032259,115.23121387283236,66.16554995793335,47.700350737873066,68.83302505464941,56.9757048833997,47.66935243210982,67.99693016116653,43.71802160318363
2002-04-01,72.88,80.75,82.55,81.38,71.3,77.8,65.2743,111.47995388753682,109.84174830444613,115.3738644304682,119.81179633675012,116.28744239631337,117.60115606936414,66.16554995793335,48.22976639534113,69.40474188666555,57.93450881612091,48.194568785437184,69.39541229641,44.22967595224559
2002-05-01,73.98,81.56,83.81,81.74,71.36,79.21,65.2743,111.47995388753682,111.49962321024869,117.1348707197764,119.91261972777684,117.45391705069126,118.12138728323698,66.16554995793335,48.95771292435974,70.46409954598958,57.983261558462665,48.67800656520441,69.70239617975612,45.03126776577601
2002-06-01,74.48,82.04,83.98,83.34,72.51,80.08,66.8429,114.15891721104991,112.25320271288624,117.37246680642907,121.84506805578896,118.14516129032259,120.4335260115607,67.75556749414613,49.28859771027728,70.60702875399362,58.91768912001301,48.96448821247389,71.06676899462778,45.52586696986924
2002-07-01,75.24,82.73,84.68,83.46,75.04,81.03,66.8429,114.15891721104991,113.39864355689527,118.35080363382251,126.09645437741557,119.13882488479264,120.60693641618496,67.75556749414613,49.79154258487194,71.1955607869514,60.973429755423744,49.376305580423754,71.16909695574314,46.06594656054576
2002-08-01,75.21,83.09,85.11,84.51,76.28,82.01,66.8429,114.15891721104991,113.353428786737,118.9517819706499,128.18013779196775,119.65725806451614,122.1242774566474,67.75556749414613,49.771689497716885,71.5570876071969,61.980986430486716,49.59116681587586,72.0644666155027,46.623081296191025
2002-09-01,75.16,83.79,85.62,85.37,75.62,82.05,65.5781,111.99880449169551,113.27807083647326,119.66457023060796,127.07108049067384,120.66532258064517,123.36705202312139,66.47349801830659,49.738601019125134,71.98587523120902,61.4447062647274,50.00895255147717,72.7978170034962,46.64582148948266
2002-10-01,74.92,84.64,85.71,86.34,76.0,82.8,65.5781,111.99880449169551,112.91635267520725,119.79035639412999,127.70962863384305,121.88940092165899,124.76878612716762,66.47349801830659,49.579776321884715,72.06154363544644,61.753473632891854,50.516263801850194,73.62496802251216,47.072200113700966
2002-11-01,76.09,85.38,86.11,85.35,77.1,83.02,65.5781,111.99880449169551,114.67972871137906,120.34940600978337,129.55805746933288,122.95506912442396,123.33815028901734,66.47349801830659,50.35404672093177,72.39784765427947,62.647273909157384,50.95792300805729,72.78076234331031,47.197271176805
2002-12-01,75.13,84.78,86.61,86.46,76.94,83.32,67.3256,114.98330558046197,113.232856066315,121.04821802935011,129.28919509326164,122.09101382488481,124.94219653179188,68.24485824049951,49.71874793197008,72.81822767782074,62.51726659624603,50.599820948970454,73.72729598362753,47.36782262649232
2003-01-01,76.18,85.97,87.19,87.17,78.86,83.64,67.3256,114.98330558046197,114.81537302185383,121.85883997204752,132.5155436061166,123.80472350230416,125.96820809248554,68.24485824049951,50.41360598239692,73.30586850512863,64.07735435118227,51.31005669949269,74.33273642022684,47.54974417282547
2003-02-01,76.85,86.66,87.2,87.23,78.45,84.49,67.3256,114.98330558046197,115.82516955538809,121.87281621243886,131.82658376743404,124.7983870967742,126.0549132947977,68.24485824049951,50.856991595526424,73.31427610559946,63.74421061184692,51.721874067442556,74.38390040078453,48.03297328027288
2003-03-01,78.07,86.28,87.91,87.26,80.0,85.04,67.8586,115.89359976089833,117.66390354182366,122.86512928022361,134.43118803562427,124.25115207373271,126.09826589595376,68.78513577894235,51.664350473165236,73.91121573902808,65.00365645567564,51.495076096687555,74.40948239106336,48.345650938032975
2003-04-01,78.6,87.32,88.7,88.83,80.21,85.8,67.8586,115.89359976089833,118.46269781461945,123.96925227113907,134.78406990421777,125.74884792626729,128.36705202312137,68.78513577894235,52.01508834623784,74.57541617622331,65.17429105387178,52.11578633243808,75.74827321565618,48.777714610574186
2003-05-01,79.28,87.56,88.91,89.25,80.87,86.22,67.8586,115.89359976089833,119.48756593820649,124.2627533193571,135.8931272055117,126.09447004608296,128.97398843930637,68.78513577894235,52.46509165508569,74.75197578611065,65.7105712196311,52.25902715607281,76.10642107956,49.016486640136435
2003-06-01,80.12,87.85,89.02,89.75,82.31,86.99,70.2072,119.90470090944024,120.75357950263754,124.41649196366178,138.3128885901529,126.51209677419355,129.6965317919075,71.16580337141293,53.020978095427175,74.84445939128972,66.88063703583327,52.43210981796478,76.53278758420738,49.45423536100056
2003-07-01,80.69,88.3,89.31,90.05,83.52,87.31,70.2072,119.90470090944024,121.61266013564432,124.82180293501048,140.34616030919173,127.16013824884793,130.1300578034682,71.16580337141293,53.39818675137317,75.08827980494367,67.86381733972536,52.70068636227991,76.78860748699582,49.636156907333714
2003-08-01,81.55,88.83,90.14,90.83,83.83,87.83,70.2072,119.90470090944024,122.90881688018086,125.98183088749127,140.86708116282978,127.9233870967742,131.257225433526,71.16580337141293,53.96730858315134,75.7861106440222,68.1157065084911,53.01700984780662,77.45373923424576,49.93177942012507
2003-09-01,81.67,89.11,90.53,90.45,84.72,87.77,71.4171,121.97105162034072,123.08967596081388,126.52690426275332,142.36262812972612,128.3266129032258,130.70809248554914,72.39222324713896,54.04672093177155,76.1140070623844,68.8388721865605,53.18412414204715,77.12970069071375,49.89766913018761
2003-10-01,83.14,89.32,90.89,90.92,85.75,88.17,71.4171,121.97105162034072,125.30519969856822,127.03004891684138,144.09342967568477,128.6290322580645,131.38728323699422,72.39222324713896,55.01952220236913,76.41668067933412,69.67579426342732,53.309459862727536,77.53048520508229,50.12507106310403
2003-11-01,84.49,90.31,91.05,91.33,85.87,88.41,71.4171,121.97105162034072,127.33986435568954,127.25366876310274,144.2950764577382,130.05472350230417,131.97976878612715,72.39222324713896,55.9129111243465,76.55120228686732,69.77329974811084,53.90032826022083,77.88010573889316,50.26151222285389
2003-12-01,83.43,89.74,91.04,91.94,85.32,89.02,73.3939,125.34716707228554,125.74227581009798,127.23969252271141,143.37086203999328,129.23387096774192,132.86127167630056,74.39601431279333,55.211435378201315,76.5427946863965,69.32639960997807,53.56013130408832,78.40027287456297,50.608300170551445
2004-01-01,85.03,90.51,92.11,91.93,86.02,88.78,73.3939,125.34716707228554,128.15373021853807,128.73515024458422,144.547134935305,130.34274193548387,132.84682080924856,74.39601431279333,56.27026669313745,77.44240793677484,69.89518160396523,54.01969561324977,78.39174554447004,50.47185901080159
2004-02-01,85.78,90.77,91.73,91.93,87.97,89.67,73.3939,125.34716707228554,129.28409947249435,128.2040531097135,147.82389514367333,130.7171658986175,132.84682080924856,74.39601431279333,56.76659387201376,77.12291911888347,71.47964573007232,54.1748731721874,78.39174554447004,50.97782831154065
2004-03-01,87.75,91.5,92.31,93.29,87.98,90.29,74.2536,126.81542205712822,132.25320271288624,129.01467505241092,147.8406990421778,131.7684331797235,134.8121387283237,75.26745258633797,58.070279928528876,77.61055994619136,71.48777118712928,54.610564010743055,79.55146243711096,51.33030130756112
2004-04-01,89.43,92.72,92.75,93.85,89.49,91.42,74.2536,126.81542205712822,134.78522984174833,129.62962962962962,150.3780877163502,133.52534562211983,135.62138728323697,75.26745258633797,59.182052809211825,77.98049436690768,72.71471520273015,55.338704864219636,80.02899292231602,51.972711768050026
2004-05-01,90.32,92.46,92.16,94.1,90.79,91.6,74.2536,126.81542205712822,136.1266013564431,128.80503144654088,152.5625945219291,133.15092165898616,135.98265895953756,75.26745258633797,59.77102772814506,77.48444593912897,73.7710246201349,55.183527305282,80.24217617463972,52.07504263786241
2004-06-01,92.22,92.72,94.28,94.39,92.34,92.02,76.8199,131.1983262883737,138.99020346646572,131.76799440950384,155.1671987901193,133.52534562211983,136.40173410404623,77.86879263681794,61.02838991463172,79.26685723894401,75.03047046396361,55.338704864219636,80.48946874733521,52.31381466742467
2004-07-01,93.42,93.95,93.74,94.73,93.01,93.27,76.8199,131.1983262883737,140.7987942727958,131.01327742837177,156.29305998991768,135.29665898617515,136.89306358381504,77.86879263681794,61.82251340083382,78.81284681351943,75.57487608677988,56.07281408534766,80.77939797049545,53.024445707788516
2004-08-01,92.9,93.62,94.43,95.31,93.61,93.81,76.8199,131.1983262883737,140.01507159005277,131.97763801537388,157.30129390018485,134.82142857142858,137.73121387283237,77.86879263681794,61.47839322347958,79.3929712460064,76.06240351019746,55.87585795284989,81.27398311588642,53.3314383172257
2004-09-01,92.93,94.17,95.09,96.38,92.5,94.49,74.8714,127.87054352931129,140.06028636021102,132.90006988120197,155.43606116619054,135.61347926267283,139.27745664739882,75.89368797705086,61.49824631063464,79.94787287708088,75.16047777687496,56.2041181736795,82.18640743583184,53.718021603183615
2004-10-01,92.4,94.73,95.29,96.41,93.76,94.52,74.8714,127.87054352931129,139.26149208741526,133.17959468902868,157.55335237775165,136.41993087557606,139.3208092485549,75.89368797705086,61.14750843756204,80.1160248864974,76.18428536605185,56.53834676216055,82.21198942611069,53.73507674815235
2004-11-01,93.79,95.64,95.48,96.31,93.61,94.34,74.8714,127.87054352931129,141.35644310474757,133.445143256464,157.30129390018485,137.7304147465438,139.17630057803467,75.89368797705086,62.06736814241282,80.27576929544308,76.06240351019746,57.081468218442254,82.1267161251812,53.632745878339975
2004-12-01,93.12,95.97,96.09,96.15,93.95,95.21,77.3993,132.18786559070918,140.34664657121328,134.29769392033543,157.87262644933625,138.20564516129033,138.9450867052023,78.45610371706891,61.6239825292833,80.78863292416345,76.33866905013407,57.278424350940014,81.99027884369404,54.127345082433195
2005-01-01,94.81,96.9,96.74,97.68,95.51,95.81,77.3993,132.18786559070918,142.89374529012812,135.20614954577218,160.49403461603094,139.54493087557606,141.15606936416185,78.45610371706891,62.7423731056846,81.3351269547671,77.60624035101975,57.833482542524614,83.29496034791508,54.46844798180784
2005-02-01,93.51,95.64,95.97,96.31,94.87,95.83,77.3993,132.18786559070918,140.93443858327055,134.12997903563942,159.41858511174593,137.7304147465438,139.17630057803467,78.45610371706891,61.88207266229898,80.68774171851354,77.08621109937435,57.081468218442254,82.1267161251812,54.47981807845367
2005-03-01,95.5,97.59,97.65,98.01,96.7,97.59,79.9412,136.52909781819733,143.93368500376792,136.47798742138366,162.49369853806084,140.5385944700461,141.63294797687863,81.03271061194286,63.19899411025081,82.10021859761225,78.57316974079792,58.24529991047448,83.57636224098236,55.480386583285956
2005-04-01,96.69,98.17,96.5,99.49,97.93,97.68,79.9412,136.52909781819733,145.72720422004522,134.87071977638016,164.5605780541086,141.37384792626727,143.771676300578,81.03271061194286,63.986499900734565,81.1333445434673,79.57260095880395,58.59146523425842,84.83840709473863,55.53155201819215
2005-05-01,98.54,99.45,99.44,99.77,99.06,98.73,79.9412,136.52909781819733,148.51544837980407,138.97973445143256,166.45941858511176,143.21716589861754,144.17630057803467,81.03271061194286,65.21077360862947,83.60517908189003,80.49077760624036,59.35541629364368,85.07717233734118,56.128482092097784
2005-06-01,100.0,100.0,100.0,100.0,100.0,100.0,81.2524,138.7684556594509,150.71590052750568,139.7624039133473,168.03898504453034,144.00921658986178,144.5086705202312,82.36181362959057,66.1769571835087,84.07600470825626,81.25457056959455,59.683676514473284,85.27330092947898,56.85048322910744
2005-07-01,102.04,101.3,100.54,100.12,99.31,100.57,81.2524,138.7684556594509,153.7905048982668,140.5171208944794,166.8795160477231,145.88133640552996,144.68208092485548,82.36181362959057,67.52696711005228,84.53001513368086,80.69391403266435,60.459564309161436,85.37562889059436,57.17453098351335
2005-08-01,103.62,102.49,101.17,100.77,100.26,101.87,81.2524,138.7684556594509,156.17181612660139,141.39762403913346,168.47588640564612,147.59504608294932,145.621387283237,82.36181362959057,68.57256303355172,85.05969396334287,81.46583245307549,61.169800059683666,85.92990534663598,57.91358726549176
2005-09-01,103.02,103.45,101.07,100.81,98.86,102.33,81.9448,139.95098415951497,155.26752072343632,141.2578616352201,166.1233406150227,148.97753456221199,145.67919075144508,83.06366760260711,68.17550129045065,84.9756179586346,80.32826846510117,61.74276335422262,85.96401466700776,58.17509948834565
2005-10-01,104.57,104.84,101.37,101.1,100.64,103.34,81.9448,139.95098415951497,157.60361718161266,141.6771488469602,169.11443454881535,150.97926267281107,146.09826589595374,83.06366760260711,69.20124412679503,85.22784597275937,81.77459982123995,62.572366457773796,86.21130723970325,58.74928936895964
2005-11-01,106.24,105.29,102.14,102.08,101.38,103.3,81.9448,139.95098415951497,160.12057272042202,142.75331935709295,170.35792303814486,151.62730414746545,147.514450867052,83.06366760260711,70.30639931175963,85.87523120901295,82.37588364345496,62.840943002088935,87.04698558881215,58.726549175667984
2005-12-01,105.73,106.05,102.3,101.9,100.52,104.41,82.9798,141.71862858118783,159.35192162773174,142.9769392033543,168.91278776676188,152.7217741935484,147.2543352601156,84.1127994080261,69.96889683012375,86.00975281654615,81.67709433655644,63.29453894359892,86.89349364713908,59.35758953951108
2006-01-01,107.72,108.37,102.2,101.28,99.4,105.66,82.9798,141.71862858118783,162.3511680482291,142.83717679944095,167.03075113426314,156.0627880184332,146.35838150289018,84.1127994080261,71.28581827807557,85.9256768118379,80.76704314617699,64.67920023873471,86.36479918137631,60.06822057987492
2006-02-01,108.04,111.06,102.14,100.71,101.81,106.66,82.9798,141.71862858118783,162.83345892991713,142.75331935709295,171.08049067383635,159.93663594470047,145.53468208092482,84.1127994080261,71.49758454106279,85.87523120901295,82.72527829690421,66.28469113697403,85.87874136607829,60.636725412166
2006-03-01,111.06,114.23,102.95,101.82,102.95,108.73,85.6578,146.2923017804534,167.3850791258478,143.88539482879105,172.996135103344,164.5017281105991,147.1387283236994,86.82736460117786,73.49612864800476,86.55624684714984,83.65158040139758,68.17666368248284,86.8252750063955,61.813530415008536
2006-04-01,113.34,120.65,103.64,102.93,103.11,109.85,85.6578,146.2923017804534,170.82140165787493,144.84975541579317,173.26499747941523,173.7471198156682,148.742774566474,86.82736460117786,75.00496327178877,87.13637127963679,83.78158771430894,72.00835571471202,87.77180864671273,62.45025582717453
2006-05-01,113.29,124.41,104.39,103.71,105.23,112.7,85.6578,146.2923017804534,170.74604370761116,145.89797344514326,176.8274239623593,179.161866359447,149.86994219653178,86.82736460117786,74.971874793197,87.76694131494872,85.50418461038434,74.25246195165622,88.43694039396264,64.0704945992041
2006-06-01,117.91,131.47,105.56,104.22,105.9,115.96,88.764,151.59728448827974,177.70911831198194,147.53319357092943,177.9532851621576,189.32891705069125,150.60693641618496,89.97597640213677,78.0292502150751,88.75063057003531,86.04859023320063,78.46612951357803,88.871834228703,65.923820352473
2006-07-01,127.1,141.31,107.22,106.28,105.98,123.72,88.764,151.59728448827974,191.5599095704597,149.85324947589098,178.08771635019326,203.49942396313364,153.58381502890174,89.97597640213677,84.11091258023956,90.14629224819237,86.1135938896563,84.33900328260219,90.62846422785027,70.33541785105173
2006-08-01,127.41,148.87,106.55,105.98,109.25,129.66,88.764,151.59728448827974,192.02712886209497,148.91684136967157,183.5825911611494,214.38652073732723,153.15028901734104,89.97597640213677,84.31606114750842,89.58298301664705,88.77061834728204,88.85108922709638,90.37264432506184,73.71233655486071
2006-09-01,129.11,149.63,105.57,105.55,107.66,136.97,90.9982,155.41300542248408,194.58929917106258,147.54716981132074,180.91077129894134,215.48099078341014,152.52890173410404,92.24068198635621,85.44106941962809,88.75903817050613,87.47867067522547,89.30468516860638,90.00596913106507,77.86810687890848
2006-10-01,129.18,151.79,102.18,104.16,108.75,142.33,90.9982,155.41300542248408,194.69480030143183,142.8092243186583,182.74239623592675,218.59158986175115,150.52023121387282,92.24068198635621,85.48739328965654,85.90886161089625,88.36434549443408,90.593852581319,88.8206702481453,80.91529277998863
2006-11-01,130.09,155.13,106.35,106.44,110.57,146.77,90.9982,155.41300542248408,196.06631499623214,148.63731656184487,185.80070576373717,223.40149769585253,153.81502890173408,92.24068198635621,86.08960360002646,89.41483100723053,89.84317867880068,92.58728737690241,90.76490150933742,83.439454235361
2006-12-01,127.07,153.14,104.6,104.92,108.5,148.51,91.8116,156.80218607232825,191.51469480030144,146.19147449336128,182.3222987733154,220.53571428571428,151.6184971098266,93.06518808348453,84.0910594930845,87.94350092483604,88.16120906801008,91.39958221426438,89.46874733520936,84.42865264354747
2007-01-01,127.93,141.8,104.03,99.01,110.27,152.85,91.8116,156.80218607232825,192.81085154483802,145.3948287910552,185.2965888086036,204.20506912442397,143.07803468208093,93.06518808348453,84.66018132486268,87.46426769799899,89.5994149670919,84.63145329752312,84.42909525027714,86.89596361569073
2007-02-01,129.75,154.37,102.88,105.01,108.2,155.3,91.8116,156.80218607232825,195.5538809344386,143.7875611460517,181.81818181818184,222.30702764976962,151.7485549132948,93.06518808348453,85.86460194560253,86.49739364385404,87.9174453563013,92.13369143539242,89.54549330604588,88.28880045480388
2007-03-01,132.91,157.98,105.52,107.85,112.94,164.18,93.7553,160.1217710601597,200.31650339110774,147.47728860936408,189.78322970929256,227.50576036866357,155.85260115606937,95.03542720444386,87.95579379260141,88.717000168152,91.76891200130008,94.28827215756489,91.96725505244308,93.3371233655486
2007-04-01,135.15,162.87,106.7,107.43,114.45,168.88,93.7553,160.1217710601597,203.6925395629239,149.1264849755416,192.32061838346496,234.54781105990781,155.2456647398844,95.03542720444386,89.438157633512,89.70909702370943,92.99585601690096,97.20680393912264,91.60910718853927,96.00909607731664
2007-05-01,136.24,167.68,108.31,108.22,116.04,177.24,93.7553,160.1217710601597,205.3353428786737,151.37665967854647,194.99243824567301,241.4746543778802,156.3872832369942,95.03542720444386,90.15948646681225,91.06272069951237,94.28780368895751,100.07758877946881,92.28276626588216,100.76179647527003
2007-06-01,138.53,172.37,111.27,110.72,116.91,182.1,96.4194,164.6717048802357,208.7867370007536,155.51362683438154,196.45437741556043,248.2286866359447,160.0,97.73590260813152,91.6749387863146,93.55137043887675,94.99471845291298,102.87675320799761,94.41459878911913,103.52472996020465
2007-07-01,141.01,175.06,112.46,111.76,115.26,187.06,96.4194,164.6717048802357,212.52449133383573,157.1767994409504,193.68173416232568,252.102534562212,161.5028901734104,97.73590260813152,93.3161273244656,94.55187489490498,93.65401803851468,104.48224410623695,95.30144111878572,106.34451392836839
2007-08-01,142.37,174.5,111.36,112.45,116.24,191.1,96.4194,164.6717048802357,214.5742275810098,155.63941299790355,195.32851621576205,251.29608294930875,162.5,97.73590260813152,94.21613394216133,93.62703884311418,94.45031283009669,104.14801551775588,95.88982689519912,108.64127345082433
2007-09-01,142.91,173.29,112.3,114.5,118.34,188.49,98.4359,168.1156227317365,215.38809344385834,156.95317959468903,198.85733490169721,249.55357142857144,165.46242774566474,99.77993573434158,94.57348951095229,94.41735328737178,96.15665881205818,103.42584303193077,97.63792956425344,107.15747583854463
2007-10-01,144.6,173.27,112.7,111.64,117.36,184.23,98.4359,168.1156227317365,217.9351921627732,157.5122292103424,197.21055284826082,249.52476958525347,161.32947976878611,99.77993573434158,95.69188008735358,94.75365730620481,95.36036402047615,103.41390629662787,95.19911315767034,104.73564525298464
2007-11-01,145.02,171.51,113.82,112.15,118.07,180.58,98.4359,168.1156227317365,218.56819894498872,159.0775681341719,198.40362964207696,246.9902073732719,162.0664739884393,99.77993573434158,95.96982330752432,95.69530855893727,95.93727147152026,102.36347358997313,95.63400699241068,102.66060261512224
2007-12-01,143.01,170.07,113.11,110.71,117.46,180.31,98.7641,168.67614533965246,215.53880934438584,158.08525506638716,197.37859183330534,244.91647465437788,159.98554913294797,100.11261695032081,94.63966646813579,95.09836892550865,95.44161859104575,101.50402864816472,94.40607145902618,102.50710631040363
2008-01-01,145.49,167.17,114.3,113.4,119.39,179.56,98.7641,168.67614533965246,219.276563677468,159.74842767295598,200.62174424466477,240.7402073732719,163.8728323699422,100.11261695032081,96.2808550062868,96.0988733815369,97.00983180303892,99.77320202924498,96.69992325402917,102.08072768618533
2008-02-01,146.47,167.67,112.28,110.06,118.12,175.32,98.7641,168.67614533965246,220.75357950263754,156.92522711390637,198.48764913459925,241.46025345622118,159.04624277456648,100.11261695032081,96.92938918668519,94.40053808643013,95.97789875680508,100.07162041181736,93.85179500298457,99.67026719727117
2008-03-01,150.02,167.88,112.64,114.72,118.27,177.73,99.9306,170.66837453567308,226.103993971364,157.42837176799443,198.73970761216603,241.76267281105993,165.78034682080926,101.29504424599351,99.27867116669975,94.70321170337985,96.09978061265947,100.19695613249775,97.82553082629829,101.04036384309265
2008-04-01,151.0,169.72,114.97,113.83,121.16,177.81,99.9306,170.66837453567308,227.58100979653358,160.68483577917542,203.59603427995293,244.4124423963134,164.4942196531792,101.29504424599351,99.92720534709814,96.66218261308222,98.44803770212074,101.29513578036406,97.06659844802591,101.08584422967594
2008-05-01,150.74,169.2,115.13,116.07,123.45,177.25,99.9306,170.66837453567308,227.18914845516207,160.90845562543677,207.44412703747273,243.6635944700461,167.73121387283237,101.29504424599351,99.75514525842102,96.79670422061544,100.30876736816448,100.98478066248879,98.97672038884625,100.76748152359293
2008-06-01,150.9,168.69,116.92,116.68,123.68,176.25,98.653,168.48640109303616,227.43029389600605,163.4102026554857,207.83061670307515,242.9291474654378,168.61271676300578,100.0,99.86102838991464,98.30166470489323,100.49565288047452,100.680393912265,99.49688752451608,100.19897669130187
2008-07-01,151.11,167.55,118.94,117.27,123.07,175.9,98.653,168.48640109303616,227.74679728711385,166.23340321453531,206.80557889430347,241.2874423963134,169.46531791907512,100.0,100.0,100.0,100.0,100.0,100.0,100.0
2008-08-01,149.35,162.85,118.25,120.27,124.0,172.64,98.653,168.48640109303616,225.09419743782973,165.2690426275332,208.36834145521763,234.51900921658986,173.80057803468208,100.0,98.83528555357023,99.41987556751303,100.75566750629723,97.19486720381974,102.55819902788437,98.1466742467311
2008-09-01,149.41,158.89,115.37,118.27,123.7,170.52,95.68,163.40890653686864,225.1846269781462,161.24388539482882,207.86422450008405,228.81624423963132,170.91040462427745,96.98640690095588,98.87499172788034,96.99848663191526,100.51190379458845,94.83139361384659,100.85273300929478,96.94144400227403
2008-10-01,145.5,162.31,113.36,119.62,122.56,169.51,95.68,163.40890653686864,219.29163526752075,158.43466107617053,205.94858007057638,233.74135944700464,172.8612716763006,96.98640690095588,96.28747270200515,95.3085589372793,99.58560169009507,96.8725753506416,102.00392257184276,96.36725412166003
2008-11-01,143.75,158.76,112.47,116.4,123.82,162.85,95.68,163.40890653686864,216.65410700828937,157.19077568134173,208.06587128213744,228.6290322580645,168.20809248554914,96.98640690095588,95.12937595129375,94.56028249537583,100.60940927927196,94.75380483437779,99.25812228191354,92.58101193860148
2008-12-01,137.15,154.66,111.58,114.88,120.65,162.07,93.3232,159.38380086247383,206.70685757347403,155.94689028651294,202.73903545622588,222.7246543778802,166.0115606936416,94.5974273463554,90.76169677718218,93.81200605347235,98.03363939221582,92.30677409728439,97.96196810778545,92.13757816941444
2009-01-01,133.73,151.79,108.35,115.0,123.9,158.42,93.3232,159.38380086247383,201.55237377543332,151.43256464011182,208.2003024701731,218.59158986175115,166.1849710982659,94.5974273463554,88.49844484150617,91.09635110139565,100.67441293572766,90.593852581319,98.06429606890083,90.06253553155202
2009-02-01,134.97,158.75,102.86,114.48,119.45,156.4,93.3232,159.38380086247383,203.4212509419744,143.75960866526904,200.7225676356915,228.61463133640552,165.4335260115607,94.5974273463554,89.31903911058168,86.48057844291239,97.05858454538068,94.74783646672634,97.62087490406755,88.91415577032404
2009-03-01,131.97,150.08,104.45,113.06,121.66,155.99,90.6825,154.87383117714873,198.8997739261492,145.98183088749127,204.4362292051756,216.12903225806454,163.3815028901734,91.92067144435548,87.33373039507643,87.81738691777367,98.85431055496872,89.57326171292152,96.40999403086894,88.6810687890847
2009-04-01,132.98,148.49,106.58,114.35,124.25,157.06,90.6825,154.87383117714873,200.42200452147702,148.95877009084558,208.78843891782896,213.83928571428572,165.24566473988438,91.92067144435548,88.00211766262986,89.60820581805953,100.95880393272122,88.6242912563414,97.51001961285921,89.28936895963615
2009-05-01,134.45,146.43,109.09,118.88,124.68,156.0,90.6825,154.87383117714873,202.63752825923135,152.4668064290706,209.51100655352045,210.87269585253458,171.79190751445086,91.92067144435548,88.97491893322743,91.71851353623677,101.30819858617048,87.39480752014323,101.3729001449646,88.68675383740762
2009-06-01,137.11,149.35,112.23,120.72,127.26,157.58,91.9593,157.0544383245805,206.64657121326303,156.85534591194968,213.84641236766933,215.07776497695855,174.4508670520231,93.21490476721436,90.73522599430879,94.35850008407601,103.40456650686602,89.13757087436586,102.94192888206703,89.58499147242752
2009-07-01,139.53,153.18,113.87,121.39,126.22,159.42,91.9593,157.0544383245805,210.29389600602863,159.1474493361286,212.09880692320618,220.59331797235026,175.41907514450867,93.21490476721436,92.33670835814969,95.73734656129142,102.55951897294224,91.42345568487018,103.51325999829454,90.63104036384308
2009-08-01,141.64,153.24,118.23,123.96,128.68,162.65,91.9593,157.0544383245805,213.47400150715902,165.24109014675054,216.23256595530168,220.67972350230417,179.1329479768786,93.21490476721436,93.73304215472172,99.40306036657138,104.55838140895426,91.45926589077888,105.70478383218213,92.46731097214327
2009-09-01,145.91,153.89,117.66,122.99,126.78,163.86,95.0574,162.34558729345457,219.9095704596835,164.44444444444443,213.03982523945555,221.61578341013825,177.73121387283234,96.35530597143523,96.55879822645753,98.92382713973433,103.01454456813197,91.84720978812292,104.8776328131662,93.15520181921548
2009-10-01,147.08,155.32,119.42,123.41,128.31,164.45,95.0574,162.34558729345457,221.67294649585534,166.9042627533194,215.61082171063686,223.67511520737327,178.33815028901734,96.35530597143523,97.33306862550461,100.40356482259962,104.25773949784676,92.70068636227991,105.23578067707,93.49061967026718
2009-11-01,149.75,157.51,121.03,123.79,129.36,163.0,95.0574,162.34558729345457,225.6970610399397,169.15443745632425,217.37523105360447,226.82891705069125,178.88728323699422,96.35530597143523,99.09999338230428,101.75718849840256,105.11091248882751,94.00775887794687,105.55981922060205,92.66628766344513
2009-12-01,151.28,162.12,122.05,124.08,128.42,166.17,97.6107,166.70628922761622,228.00301431801054,170.5800139762404,215.7956645941858,233.4677419354839,179.3063583815029,98.94346852097755,100.11250082721195,102.61476374642677,104.3471195254733,96.7591763652641,105.80711179329751,94.46844798180784
2010-01-01,151.86,155.51,121.77,125.41,130.73,162.3,97.6107,166.70628922761622,228.87716654107012,170.18867924528303,219.6773651487145,223.948732718894,181.22832369942194,98.94346852097755,100.49632717887631,102.37935093324364,106.22410010563095,92.81408534765741,106.94124669565959,92.26833428084139
2010-02-01,151.82,155.7,122.43,121.58,130.63,166.81,97.6107,166.70628922761622,228.81688018085907,171.11111111111111,219.50932616366998,224.22235023041472,175.6936416184971,98.94346852097755,100.4698563960029,102.93425256431814,106.14284553506135,92.9274843330349,103.67527927006054,94.83229107447413
2010-03-01,154.35,158.8,121.94,125.82,131.46,167.37,100.2438,171.20327910849235,232.62999246420497,170.4262753319357,220.90404973953957,228.6866359447005,181.8208092485549,101.61252065319857,102.14413341274566,102.52228014124769,106.817258470789,94.7776783049836,107.29086722947045,95.15065378055714
2010-04-01,156.36,157.08,123.73,128.66,134.02,169.13,100.2438,171.20327910849235,235.6593820648079,172.92802236198463,225.2058477566796,226.20967741935485,185.92485549132945,101.61252065319857,103.47429025213421,104.02724062552548,108.89737547737062,93.75111906893466,109.71262897586766,96.15122228538941
2010-05-01,156.87,160.54,126.74,130.16,136.11,169.62,100.2438,171.20327910849235,236.42803315749816,177.1348707197764,228.7178625441103,231.19239631336404,188.09248554913293,101.61252065319857,103.8117927337701,106.55792836724399,110.59559600227516,95.8161742763354,110.99172848980984,96.42978965321205
2010-06-01,158.04,160.65,131.37,134.84,136.11,169.96,101.3371,173.07049229324113,238.19140919366993,183.60587002096437,228.7178625441103,231.3508064516129,194.85549132947978,102.72074848205325,104.58606313281713,110.45064738523627,110.59559600227516,95.88182632050135,114.98251897330947,96.62308129619102
2010-07-01,154.41,159.38,128.53,134.21,137.71,169.75,101.3371,173.07049229324113,232.7204220045215,179.63661774982532,231.40648630482272,229.52188940092165,193.94508670520233,102.72074848205325,102.18383958705577,108.06288885152178,111.89566913138866,95.12384362876752,114.44529717745375,96.50369528140989
2010-08-01,155.21,157.75,128.1,134.97,139.56,167.8,101.3371,173.07049229324113,233.92614920874158,179.03563941299788,234.51520752814656,227.17453917050693,195.04335260115607,102.72074848205325,102.71325524452386,107.70136203127628,113.39887868692615,94.15099970158161,115.09337426451778,95.3951108584423
2010-09-01,156.08,150.41,124.63,132.14,136.69,161.36,99.7146,170.29947483028053,235.23737754333087,174.18588399720477,229.69248865736853,216.60426267281107,190.95375722543352,101.07609499964522,103.28899477202039,104.78392466789978,111.06687251157878,89.77021784541927,112.68013984821353,91.73393973848778
2010-10-01,154.67,154.52,125.17,133.29,136.09,166.05,99.7146,170.29947483028053,233.112283345893,174.94060097833685,228.68425474710133,222.5230414746544,192.61560693641619,101.07609499964522,102.35589967573289,105.23793509332438,110.5793450881612,92.22321695016413,113.66078280890252,94.40022740193292
2010-11-01,158.4,155.2,126.06,131.82,137.6,162.65,99.7146,170.29947483028053,238.733986435569,176.18448637316564,231.2216434212737,223.50230414746542,190.49132947976878,101.07609499964522,104.82430017867779,105.98621153522785,111.8062891037621,92.62906595046253,112.40726528523919,92.46731097214327
2010-12-01,158.38,152.3,126.85,131.52,139.06,161.18,98.7219,168.6040732675804,238.70384325546348,177.28860936408105,233.67501260292389,219.3260368663595,190.0578034682081,100.06984075496943,104.81106478724107,106.65041197242306,112.99260583407818,90.89823933154281,112.15144538245076,91.63160886867539
2011-01-01,158.38,150.06,127.33,130.93,138.92,160.06,98.7219,168.6040732675804,238.70384325546348,177.95946890286513,233.43975802386154,216.10023041474656,189.20520231213874,100.06984075496943,104.81106478724107,107.0539767950227,112.87884943528073,89.56132497761861,111.64833290696683,90.99488345650938
2011-02-01,160.76,153.61,126.11,133.42,139.77,157.93,98.7219,168.6040732675804,242.2908816880181,176.2543675751223,234.8680893967401,221.21255760368666,192.80346820809245,100.06984075496943,106.38607636820858,106.02824953758198,113.5695132851223,91.68009549388243,113.77163810011083,89.78396816372938
2011-03-01,162.72,150.75,128.02,131.15,140.85,162.25,100.5969,171.8063276546689,245.24491333835724,178.92382948986725,236.68291043522095,217.0938940092166,189.52312138728325,101.97044185174298,107.68314472900535,107.63410122750967,114.44706264727391,89.97314234556848,111.8359341690117,92.23990903922683
2011-04-01,166.7,151.91,129.99,136.68,142.8,162.51,100.5969,171.8063276546689,251.24340617935195,181.67714884696016,239.9596706435893,218.764400921659,197.514450867052,101.97044185174298,110.31698762490898,109.29039852026233,116.03152677338102,90.66547299313636,116.55154771041187,92.3877202956225
2011-05-01,168.64,156.79,132.62,136.2,144.22,162.68,100.5969,171.8063276546689,254.16729464958553,185.3529000698812,242.34582423122166,225.7920506912442,196.8208092485549,101.97044185174298,111.60082059426905,111.50159744408947,117.18534167546926,93.57803640704266,116.14223586595035,92.48436611711199
2011-06-01,171.63,158.86,136.12,139.43,146.09,165.93,102.5685,175.1735621877802,258.67370007535794,190.24458420684837,245.48815325155437,228.7730414746544,201.48843930635837,103.96896191702227,113.57951161405597,114.44425760887844,118.70480214512067,94.81348851089227,118.89656348597255,94.33200682205799
2011-07-01,171.84,162.74,137.32,140.74,144.56,165.56,102.5685,175.1735621877802,258.99020346646574,191.92173305380854,242.91715678037303,234.360599078341,203.3815028901734,103.96896191702227,113.71848322414135,115.45316966537752,117.46160721540588,97.12921515965384,120.01364372814874,94.12166003411029
2011-08-01,171.78,160.26,138.93,140.59,145.27,165.9,102.5685,175.1735621877802,258.89977392614924,194.17190775681343,244.11023357418924,230.78917050691246,203.16473988439307,103.96896191702227,113.67877704983125,116.80679334118042,118.03851466645001,95.64905998209488,119.8857337767545,94.31495167708925
2011-09-01,171.07,155.14,138.45,139.33,144.57,163.84,103.7585,177.20592630545235,257.8296910324039,193.50104821802933,242.9339606788775,223.41589861751152,201.34393063583818,105.17521007977454,113.20892065382833,116.40322851858078,117.46973267246284,92.59325574455384,118.81129018504308,93.14383172256964
2011-10-01,170.26,155.41,137.81,138.07,144.28,164.87,103.7585,177.20592630545235,256.60889223813115,192.60656883298395,242.44664762224838,223.80472350230414,199.5231213872832,105.17521007977454,112.67288730064192,115.86514208844795,117.23409441781101,92.75440167114294,117.73684659333163,93.72939169982945
2011-11-01,171.54,152.37,139.17,139.74,147.06,165.71,103.7585,177.20592630545235,258.5380557648832,194.50733752620545,247.1181314064863,219.42684331797238,201.93641618497108,105.17521007977454,113.5199523525908,117.00857575248023,119.49297147964575,90.94001790510295,119.16091071885393,94.20693575895396
2011-12-01,169.5,157.95,138.96,136.6,142.09,164.05,103.6796,177.0711754408437,255.46345139412213,194.21383647798746,238.76659384977316,227.4625576036866,197.39884393063582,105.09523278562231,112.16994242604723,116.8320161425929,115.4546193223369,94.27036705461055,116.4833290696683,93.26321773735077
2012-01-01,168.33,153.85,140.04,138.25,145.87,159.52,103.6796,177.0711754408437,253.7000753579503,195.72327044025158,245.11846748445643,221.55817972350232,199.78323699421964,105.09523278562231,111.3956720270002,117.74003699344206,118.52604208986757,91.82333631751715,117.8903385350047,90.68789084707221
2012-02-01,169.31,150.4,139.49,137.51,146.5,161.06,103.6796,177.0711754408437,255.17709118311984,194.95457721872816,246.17711309023696,216.58986175115209,198.71387283236993,105.09523278562231,112.04420620739856,117.27761896754667,119.037945884456,89.76424947776783,117.25931610812654,91.56338828880045
2012-03-01,173.06,154.02,140.62,136.37,147.35,164.31,105.5386,180.24610392382905,260.8289374529013,196.533892382949,247.60544446311545,221.80299539170508,197.0664739884393,106.9796154197034,114.52584210178016,118.22767782074996,119.72860973429755,91.92479856759176,116.28720047753049,93.41102899374644
2012-04-01,172.03,161.15,143.63,141.26,149.68,166.29,105.5386,180.24610392382905,259.276563677468,200.74074074074076,251.52075281465304,232.07085253456222,204.13294797687857,106.9796154197034,113.84421944279002,120.75836556246846,121.62184122856911,96.1802447030737,120.457064892982,94.53666856168277
2012-05-01,174.91,159.22,145.71,139.65,151.0,167.87,105.5386,180.24610392382905,263.61718161266015,203.64779874213838,253.7388674172408,229.29147465437788,201.8063583815029,106.9796154197034,115.75011580967507,122.50714646040022,122.69440156008775,95.02834974634436,119.0841647480174,95.43490619670267
2012-06-01,172.83,162.42,147.77,144.6,152.19,170.28,106.9303,182.6229452201016,260.482290881688,206.52690426275333,255.73853133927074,233.89976958525344,208.95953757225433,108.3903175777726,114.37363510025808,124.2391121573903,123.66133094986593,96.93822739480751,123.30519314402662,96.80500284252416
2012-07-01,172.78,162.18,150.62,143.19,151.11,168.29,106.9303,182.6229452201016,260.4069329314243,210.51013277428373,253.92371030078982,233.5541474654378,206.92196531791907,108.3903175777726,114.34054662166633,126.63527829157559,122.78378158771433,96.79498657117279,122.10283960092096,95.67367822626491
2012-08-01,169.21,161.3,148.81,144.49,152.0,171.54,106.9303,182.6229452201016,255.02637528259237,207.98043326345214,255.4192572676861,232.28686635944703,208.80057803468208,108.3903175777726,111.97802925021507,125.11350260635614,123.50694726578371,96.26977021784542,123.2113925130042,97.52131893121091
2012-09-01,169.97,164.95,148.16,140.79,149.01,166.62,106.0767,181.16510823619828,256.17181612660136,207.0719776380154,250.39489161485463,237.54320276497697,203.4537572254335,107.52506259312943,112.48097412480973,124.56700857575247,121.07743560575281,98.44822441062368,120.05628037861345,94.72427515633883
2012-10-01,167.74,161.09,148.05,142.51,150.37,169.85,106.0767,181.16510823619828,252.810851544838,206.9182389937107,252.68022181146029,231.9844470046083,205.93930635838146,107.52506259312943,111.00522797961749,124.47452497057341,122.18249776549932,96.14443449716502,121.5229811546005,96.56054576463899
2012-11-01,167.04,163.17,147.6,142.09,149.63,166.87,106.0767,181.16510823619828,251.75584024114545,206.28930817610063,251.43673332213075,234.9798387096774,205.33236994219655,107.52506259312943,110.54198927933292,124.09618294938625,121.58121394328431,97.38585496866605,121.16483329069669,94.8664013644116
2012-12-01,165.21,160.99,146.75,139.54,148.17,166.44,104.7044,178.8213995986508,248.99773926149211,205.1013277428372,248.98336414048057,231.84043778801845,201.64739884393063,106.13402532107487,109.33095096287472,123.38153690936606,120.39489721296823,96.08475082065056,118.99036411699497,94.62194428652643
2013-01-01,166.01,160.82,146.51,143.78,149.68,165.88,104.7044,178.8213995986508,250.20346646571215,204.76589797344516,251.52075281465304,231.59562211981566,207.77456647398841,106.13402532107487,109.86036662034277,123.17975449806625,121.62184122856911,95.98328857057594,122.60595207640488,94.30358158044343
2013-02-01,169.64,157.09,146.39,138.21,147.04,165.03,104.7044,178.8213995986508,255.67445365486057,204.5981830887491,247.0845236094774,226.22407834101384,199.72543352601156,106.13402532107487,112.26259016610413,123.07886329241633,119.4767205655318,93.75708743658609,117.8562292146329,93.82035247299602
2013-03-01,165.29,167.46,147.59,138.86,151.88,171.49,105.4775,180.14175312753514,249.11831198191413,206.27533193570932,255.21761048563266,241.15783410138252,200.66473988439307,106.91768116529654,109.38389252862153,124.08777534891541,123.40944178110018,99.94628469113698,118.41050567067452,97.49289368959636
2013-04-01,167.15,165.8,148.33,143.41,151.81,172.37,105.4775,180.14175312753514,251.92162773172572,207.3095737246681,255.09998319610153,238.7672811059908,207.2398843930636,106.91768116529654,110.61478393223479,124.70993778375652,123.35256358170147,98.95553566099672,122.29044086296581,97.99317794201251
2013-05-01,169.55,168.52,151.06,142.95,153.49,174.87,105.4775,180.14175312753514,255.53880934438587,211.12508735150243,257.9230381448496,242.68433179723505,206.5751445086705,106.91768116529654,112.20303090463901,127.00521271229192,124.71764036727066,100.57893166219039,121.89818367869019,99.4144400227402
2013-06-01,168.02,174.79,154.07,143.74,154.48,173.18,107.0699,182.86136373340165,253.23285606631504,215.3319357092942,259.58662409679044,251.71370967741936,207.71676300578034,108.53182366476437,111.19052345973132,129.53590045401043,125.52206061590965,104.32109817964785,122.5718427560331,98.45366685616827
2013-07-01,170.99,168.92,154.36,145.3,152.36,176.3,107.0699,182.86136373340165,257.70911831198197,215.73724668064293,256.0241976138464,243.26036866359445,209.97109826589596,108.53182366476437,113.15597908808152,129.7797208676644,123.79946371983425,100.81766636824827,123.90210625053297,100.22740193291644
2013-08-01,171.91,173.89,156.42,144.03,151.76,174.14,107.0699,182.86136373340165,259.095704596835,218.61635220125785,255.01596370357925,250.41762672811058,208.135838150289,108.53182366476437,113.76480709416981,131.51168656465444,123.31193629641668,103.78394509101759,122.81913532872859,98.9994314951677
2013-09-01,173.76,173.55,153.97,143.91,152.12,170.84,107.4486,183.5081337261432,261.88394875659384,215.19217330538086,255.62090404973955,249.9279953917051,207.96242774566474,108.9156944036167,114.98908080206472,129.45182444930217,123.60445275046723,103.5810205908684,122.71680736761321,97.12336554860717
2013-10-01,174.95,172.97,153.32,142.84,151.48,174.29,107.4486,183.5081337261432,263.67746797287117,214.2837176799441,254.54545454545453,249.0927419354839,206.4161849710983,108.9156944036167,115.77658659254845,128.9053304186985,123.0844234988218,103.23485526708444,121.80438304766778,99.08470722001135
2013-11-01,174.95,172.24,155.71,142.65,149.25,172.91,107.4486,183.5081337261432,263.67746797287117,217.62403913347313,250.79818517896152,248.04147465437788,206.14161849710985,108.9156944036167,115.77658659254845,130.91474693122584,121.27244657511986,102.79916442852878,121.64236377590179,98.30017055144968
2013-12-01,176.78,171.62,155.65,141.88,149.04,173.45,108.0217,184.48691345373808,266.43556895252453,217.5401816911251,250.44530331036802,247.14861751152077,205.02890173410404,109.49661946418252,116.98762490900667,130.86430132840087,121.10181197692371,102.42912563413907,120.98575935874479,98.60716316088686
2014-01-01,180.83,175.62,155.93,139.45,151.9,174.86,108.0217,184.48691345373808,272.5395629238885,217.9315164220825,255.2512182826416,252.90898617511522,201.51734104046238,109.49661946418252,119.6677916749388,131.099714141584,123.42569269521411,104.81647269471799,118.91361814615844,99.40875497441729
2014-02-01,180.22,178.19,155.08,141.26,154.99,175.94,108.0217,184.48691345373808,271.6201959306707,216.74353598881902,260.4436229205176,256.6100230414746,204.13294797687857,109.49661946418252,119.26411223611937,130.38506810156383,125.9364589258146,106.35034318113993,120.457064892982,100.02274019329165
2014-03-01,182.75,178.76,155.6,138.92,152.98,175.78,109.3543,186.76281969172962,275.4333082140166,217.4703004891684,257.0660393211225,257.4308755760369,200.75144508670516,110.84741467568142,120.93838925286214,130.82226332604674,124.30324205736571,106.69054013727244,118.4616696512322,99.93177942012507
2014-04-01,180.37,183.43,157.47,143.47,154.17,178.4,109.3543,186.76281969172962,271.84626978146196,220.083857442348,259.06570324315237,264.15610599078343,207.3265895953757,110.84741467568142,119.36337767189464,132.39448461409114,125.2701714471439,109.47776783049837,122.3416048435235,101.42126208072769
2014-05-01,179.9,184.12,161.26,143.6,157.01,178.46,109.3543,186.76281969172962,271.1379050489827,225.38085255066386,263.83801041841707,265.14976958525347,207.51445086705203,110.84741467568142,119.05234597313215,135.58096519253405,127.5778012513204,109.88958519844823,122.45246013473181,101.45537237066516
2014-06-01,179.84,183.11,162.58,146.53,157.02,182.0,110.5261,188.76410059348447,271.0474755086662,227.2257162823201,263.8548143169216,263.6952764976959,211.74855491329478,112.035214337121,119.01263979882204,136.69076845468305,127.58592670837736,109.28678006565204,124.95096785196556,103.46787947697555
2014-07-01,181.17,187.1,166.39,146.65,155.53,183.36,110.5261,188.76410059348447,273.05199698568197,232.55066387141858,261.35103343975806,269.4412442396313,211.9219653179191,112.035214337121,119.89279332936269,139.89406423406757,126.3752336068904,111.66815875857952,125.05329581308094,104.24104604889142
2014-08-01,183.05,188.15,167.35,147.44,155.02,181.67,110.5261,188.76410059348447,275.8854559155991,233.89238294898672,260.49403461603094,270.9533410138249,213.0635838150289,112.035214337121,121.13692012441268,140.70119387926684,125.96083529698548,112.2948373619815,125.7269548904238,103.2802728823195
2014-09-01,184.33,189.68,165.86,143.13,154.02,181.87,111.0363,189.63545536057381,277.8146194423512,231.80992313067787,258.81364476558565,273.15668202764977,206.83526011560693,112.55238056622707,121.9839851763616,139.44846140911383,125.14828959128951,113.20799761265295,122.05167562036326,103.3939738487777
2014-10-01,186.17,189.82,165.11,143.11,155.67,181.36,111.0363,189.63545536057381,280.58779201205726,230.76170510132778,261.58628801882037,273.35829493087556,206.80635838150292,112.55238056622707,123.20164118853813,138.81789137380193,126.48899000568781,113.29155475977319,122.03462096017739,103.10403638430927
2014-11-01,184.43,187.06,165.93,146.12,154.4,187.33,111.0363,189.63545536057381,277.96533534287875,231.90775681341722,259.45219290875485,269.3836405529954,211.15606936416188,112.55238056622707,122.05016213354509,139.50731461240963,125.45705695945398,111.64428528797374,124.6013473181547,106.49801023308699
2014-12-01,185.02,183.32,167.77,142.2,154.53,183.07,111.8501,191.02531915802058,278.854559155991,234.47938504542282,259.6706435893127,263.99769585253455,205.49132947976875,113.37729212492269,122.4406061809278,141.05431309904156,125.56268790119445,109.41211578633244,121.2586339217191,104.076179647527
2015-01-01,190.27,186.09,167.89,140.4,156.03,183.02,111.8501,191.02531915802058,286.7671439336851,234.6470999301188,262.1912283649807,267.98675115207374,202.89017341040463,113.37729212492269,125.914896433062,141.15520430469144,126.78150645973835,111.06535362578333,119.7237145049885,104.04775440591246
2015-02-01,191.05,185.98,165.39,139.8,154.29,182.49,111.8501,191.02531915802058,287.9427279577996,231.1530398322851,259.2673500252059,267.82834101382485,202.02312138728325,113.37729212492269,126.43107669909337,139.05330418698503,125.36767693182742,110.9997015816174,119.21207469941162,103.74644684479819
2015-03-01,188.14,183.68,169.01,139.79,156.37,185.49,114.857,196.16071047350667,283.5568952524492,236.2124388539483,262.7625609141321,264.5161290322581,202.00867052023122,116.42524809179649,124.50532724505325,142.0968555574239,127.05777199967498,109.62697702178454,119.20354736931867,105.4519613416714
2015-04-01,192.64,187.36,168.23,139.3,155.77,185.99,114.857,196.16071047350667,290.3391107761869,235.12229210342417,261.75432700386494,269.815668202765,201.3005780346821,116.42524809179649,127.48329031831113,141.4410627206995,126.57024457625742,111.82333631751715,118.78570819476424,105.73621375781694
2015-05-01,194.75,169.39,173.84,144.53,158.63,186.3,114.857,196.16071047350667,293.5192162773173,242.96296296296296,266.56024197613846,243.9372119815668,208.85838150289015,116.42524809179649,128.87962411488317,146.15772658483272,128.89412529454782,101.09817964786629,123.24550183337597,105.91245025582718
2015-06-01,197.06,184.23,177.65,145.9,158.59,185.37,117.4469,200.58392041330427,297.00075357950266,248.2879105520615,266.49302638212066,265.3081797235023,210.83815028901736,119.05051037474786,130.40831182582224,149.36102236421726,128.86162346632,109.95523724261413,124.41374605610984,105.38374076179649
2015-07-01,201.5,189.44,180.34,147.61,158.26,182.82,117.4469,200.58392041330427,303.6925395629239,252.04751921733055,265.9384977314737,272.81105990783414,213.3092485549133,119.05051037474786,133.34656872477,151.62266689086937,128.59348338344032,113.06475678901819,125.87191950200393,103.93405343945423
2015-08-01,195.46,189.0,182.12,144.39,156.79,183.24,117.4469,200.58392041330427,294.5892991710626,254.53529000698816,263.4683246513191,272.1774193548387,208.65606936416182,119.05051037474786,129.3494805108861,153.1192197746763,127.39904119606729,112.80214861235451,123.1261192120747,104.17282546901649
2015-09-01,204.22,187.86,180.82,144.96,157.14,185.01,119.1831,203.54912258229794,307.792012057272,252.7183787561146,264.0564610989749,270.53571428571433,209.47976878612718,120.81041630766423,135.14658196016146,152.02623171346897,127.68343219306087,112.12175470008951,123.61217702737275,105.17907902217168
2015-10-01,205.27,185.26,181.71,145.27,157.09,183.89,119.1831,203.54912258229794,309.3745290128109,253.9622641509434,263.9724416064527,266.7914746543779,209.9277456647399,120.81041630766423,135.84144001058831,152.77450815537244,127.64280490777607,110.5699791107132,123.87652426025413,104.54235361000568
2015-11-01,207.52,182.38,182.64,142.29,159.2,178.66,119.1831,203.54912258229794,312.76563677467976,255.2620545073375,267.51806419089223,262.64400921658984,205.62138728323697,120.81041630766423,137.33042154721727,153.55641499915924,129.3572763467945,108.85108922709638,121.33537989255562,101.56907333712336
2015-12-01,210.64,178.49,181.5,142.42,156.01,183.08,120.847,206.39084582212544,317.46797287113793,253.66876310272536,262.1576205679718,257.04205069124424,205.80924855491327,122.49703506228902,139.39514261134272,152.5979485454851,126.76525554562443,106.52939421068336,121.44623518376396,104.08186469584993
2016-01-01,216.72,181.06,181.34,142.09,154.41,180.79,120.847,206.39084582212544,326.63149962321023,253.44514325646404,259.4689968072593,260.7430875576037,205.33236994219655,122.49703506228902,143.41870160810004,152.4634269379519,125.46518241651093,108.06326469710534,121.16483329069669,102.77998862990334
2016-02-01,223.8,177.01,184.04,139.86,156.95,179.4,120.847,206.39084582212544,337.3021853805577,257.21872816212436,263.73718702739035,254.91071428571428,202.1098265895954,122.49703506228902,148.10403017669248,154.73347906507482,127.52904850897863,105.64607579826917,119.2632386799693,101.98976691301876
2016-03-01,225.61,177.73,183.15,144.33,159.19,184.65,126.8984,216.72584432774005,340.03014318010554,255.9748427672956,267.5012602923879,255.9475806451613,208.5693641618497,128.6310603833639,149.30183310171398,153.98520262317135,129.34915088973756,106.07579826917338,123.07495523151704,104.97441728254691
2016-04-01,233.08,179.42,188.97,144.51,158.79,182.29,126.8984,216.72584432774005,351.28862094951023,264.10901467505244,266.8291043522097,258.38133640552996,208.8294797687861,128.6310603833639,154.24525180332208,158.87842609719186,129.02413260745917,107.08445240226796,123.22844717319008,103.63274587833995
2016-05-01,238.55,180.5,193.61,145.15,159.72,181.56,126.8984,216.72584432774005,359.5327807083648,270.59399021663177,268.39186691312386,259.93663594470047,209.75433526011562,128.6310603833639,157.86513136125998,162.77955271565497,129.7798001137564,107.72903610862427,123.77419629913875,103.21773735076746
2016-06-01,246.6,179.27,201.73,148.81,161.38,183.25,133.3705,227.77934332436703,371.66541070082894,281.9426974143955,271.18131406486305,258.1653225806452,215.04335260115604,135.19152990785886,163.19237641453245,169.60652429796534,131.12862598521167,106.99492688749628,126.89519911315767,104.17851051733939
2016-07-01,250.78,179.11,207.57,148.65,161.48,182.15,133.3705,227.77934332436703,377.96533534287875,290.104821802935,271.34935304990756,257.9349078341014,214.81213872832373,135.19152990785886,165.95857322480313,174.51656297292752,131.20988055578127,106.89943300507312,126.75876183167051,103.55315520181922
2016-08-01,252.39,179.37,210.3,147.97,161.31,183.89,133.3705,227.77934332436703,380.3918613413715,293.9203354297694,271.0636867753319,258.3093317972351,213.82947976878611,135.19152990785886,167.02402223545758,176.81183790146292,131.07174778581296,107.05461056401073,126.17890338535005,104.54235361000568
2016-09-01,249.61,180.81,214.24,147.86,160.4,181.58,137.1935,234.30852653601465,376.2019593067069,299.4269741439553,269.5345320114267,260.383064516129,213.67052023121386,139.0667288374403,165.18430282575608,180.12443248696823,130.33233119362967,107.91405550581916,126.08510275432762,103.22910744741331
2016-10-01,249.52,181.78,215.48,148.88,158.83,181.89,137.1935,234.30852653601465,376.0663149962321,301.1600279524808,266.89631994622755,261.7799539170507,215.1445086705202,139.0667288374403,165.1247435642909,181.1669749453506,129.05663443568702,108.49298716800955,126.9548904238083,103.40534394542354
2016-11-01,242.63,183.14,217.47,144.31,159.86,182.96,137.1935,234.30852653601465,365.68198944988694,303.9412997903564,268.62712149218623,263.7384792626728,208.54046242774564,139.0667288374403,160.56515121434717,182.8400874390449,129.89355651255386,109.30468516860637,123.05790057133112,104.01364411597498
2016-12-01,246.11,184.08,220.41,146.16,159.82,181.69,138.2738,236.15353742367958,370.9269027882442,308.0503144654088,268.5599058981684,265.0921658986175,211.21387283236993,140.16177916535736,162.86810932433326,185.31192197746765,129.861054684326,109.86571172784242,124.63545663852649,103.29164297896531
2017-01-01,245.18,182.71,222.9,146.69,160.88,181.07,138.2738,236.15353742367958,369.5252449133384,311.53039832285117,270.3411191396404,263.1192396313364,211.97976878612715,140.16177916535736,162.25266362252663,187.40541449470322,130.72235313236368,109.04804535959416,125.0874051334527,102.93916998294486
2017-02-01,252.08,178.76,229.12,146.06,160.52,178.59,138.2738,236.15353742367958,379.9246420497363,320.22361984626133,269.7361787934801,257.4308755760369,211.0693641618497,140.16177916535736,166.81887366818873,192.63494198755674,130.42983667831317,106.69054013727244,124.55018333759699,101.529277998863
2017-03-01,249.33,180.88,233.5,146.05,162.32,173.07,146.4193,250.06498441569528,375.7799547852299,326.34521313766595,272.7608805242817,260.48387096774195,211.0549132947977,148.41849715670074,164.99900734564224,196.3174709937784,131.89241894856585,107.95583407937927,124.54165600750406,98.39113132461625
2017-04-01,252.41,182.69,243.68,146.48,163.68,182.78,146.4193,250.06498441569528,380.42200452147705,340.57302585604475,275.04621072088725,263.0904377880184,211.67630057803467,148.41849715670074,167.0372576268943,204.87640827307888,132.99748110831234,109.03610862429124,124.9083312015008,103.91131324616258
2017-05-01,258.38,181.43,252.52,149.5,163.39,181.93,146.4193,250.06498441569528,389.41974378296914,352.9280223619847,274.5588976642581,261.2759216589862,216.04046242774567,148.41849715670074,170.98802197074977,212.3087270892887,132.7618428536605,108.28409430020889,127.48358488957108,103.42808413871518
2017-06-01,266.76,182.59,260.11,151.38,166.05,182.19,153.8374,262.7341274924213,402.0497362471741,363.53598881900774,279.02873466644263,262.9464285714286,218.75722543352597,155.93788328788784,176.5336509827278,218.6900958466454,134.92321443081175,108.97642494777678,129.08672294704527,103.57589539511085
2017-07-01,273.64,184.94,259.36,155.57,168.12,185.8,153.8374,262.7341274924213,412.4189902034665,362.4877707896576,282.5071416568644,266.33064516129036,224.81213872832367,155.93788328788784,181.0866256369532,218.05952581133346,136.60518404160234,110.37899134586691,132.65967425599047,105.62819783968165
2017-08-01,277.8,181.84,248.51,154.96,165.68,186.23,153.8374,262.7341274924213,418.68877166541074,347.3235499650594,278.40699042177783,261.86635944700464,223.93063583815027,155.93788328788784,183.83958705578715,208.93727930048763,134.62257251970425,108.52879737391822,132.13950712032064,105.87265491756679
2017-09-01,280.87,186.3,240.73,152.49,167.96,183.18,155.6623,265.8508176422868,423.3157498116052,336.450034940601,282.23827928079317,268.28917050691246,220.3612716763006,157.78770032335558,185.87121964132086,202.3961661341853,136.475176728691,111.19068934646374,130.0332565873625,104.13871517907903
2017-10-01,279.63,183.6,238.12,154.33,168.07,182.06,155.6623,265.8508176422868,421.4468726450641,332.80223619846265,282.4231221643421,264.4009216589862,223.02023121387285,157.78770032335558,185.05062537224538,200.20178241129983,136.56455675631753,109.57923008057296,131.60228532446493,103.50198976691303
2017-11-01,282.69,185.68,238.48,151.63,168.23,182.05,155.6623,265.8508176422868,426.05877920120577,333.3053808525507,282.69198454041333,267.39631336405535,219.11849710982656,157.78770032335558,187.07564026206074,200.50445602824954,136.69456406922887,110.820650552074,129.29990619936896,103.49630471859011
2017-12-01,287.57,182.79,238.78,154.69,169.98,183.61,154.6915,264.19281841082784,433.41371514694805,333.7246680642907,285.6326667786926,263.2344470046083,223.54046242774564,156.80364509949013,190.30507577261596,200.75668404237433,138.1165190541968,109.09579230080573,131.90926920781104,104.38317225696419
2018-01-01,290.6,181.86,239.88,152.93,168.48,180.41,154.6915,264.19281841082784,437.9804069329315,335.26205450733755,283.11208200302474,261.8951612903226,220.99710982658956,156.80364509949013,192.3102375752763,201.6815200941651,136.89770049565288,108.54073410922113,130.40845911145223,102.56395679363276
2018-02-01,286.92,181.09,238.0,149.25,168.67,178.14,154.6915,264.19281841082784,432.43406179351933,332.6345213137666,283.4313560746093,260.78629032258067,215.67919075144508,156.80364509949013,189.87492555092317,200.10089120564993,137.05208417973512,108.08116980005968,127.27040163724739,101.27345082433199
2018-03-01,291.11,180.45,238.8,151.42,169.15,176.51,154.147,263.26288373681734,438.74905802562176,333.7526205450734,284.2379432028231,259.8646313364055,218.8150289017341,156.25171054098706,192.64774005691217,200.77349924331597,137.44210611846916,107.69919427036704,129.12083226741706,100.34678794769756
2018-04-01,293.13,181.83,241.89,151.69,169.68,181.69,154.147,263.26288373681734,441.7935192162774,338.0712788259958,285.12854982355907,261.85195852534565,219.20520231213874,156.25171054098706,193.98451459201905,203.37144778880108,137.872755342488,108.52282900626679,129.35107017992667,103.29164297896531
2018-05-01,297.4,183.2,247.53,157.28,170.43,181.95,154.147,263.26288373681734,448.22908816880187,345.9538784067086,286.38884221139307,263.82488479262673,227.28323699421966,156.25171054098706,196.81027066375486,208.11333445434676,138.48216462176,109.34049537451504,134.11784770188456,103.43945423536098
2018-06-01,295.43,183.44,247.24,160.84,172.8,184.36,154.8542,264.47068869817684,445.25998492841,345.5485674353599,290.37136615694845,264.1705069124424,232.4277456647399,156.96856659199415,195.50658460723974,207.8695140406928,140.4078979442594,109.4837361981498,137.153577214974,104.80955088118249
2018-07-01,296.88,181.76,247.7,162.59,176.22,185.4,154.8542,264.47068869817684,447.44536548605885,346.1914744933613,296.1182994454714,261.75115207373267,234.95664739884396,156.96856659199415,196.4661504864006,208.25626366235076,143.1868042577395,108.48105043270664,138.64585998123988,105.40079590676521
2018-08-01,294.34,181.74,249.5,163.71,176.47,182.81,154.8542,264.47068869817684,443.61718161266015,348.70719776380156,296.5383969080827,261.72235023041475,236.57514450867052,156.96856659199415,194.78525577393947,209.7696317470994,143.3899406841635,108.46911369740376,139.60092095165004,103.92836839113133
2018-09-01,294.74,182.6,246.55,161.39,175.19,184.23,154.4196,263.7284488279749,444.2200452147702,344.58420684835784,294.3874978995127,262.96082949308754,233.22254335260112,156.52803259911002,195.04996360267356,207.28938960820585,142.34988218087267,108.98239331542823,137.62258037008613,104.73564525298464
2018-10-01,289.94,179.86,246.42,160.36,177.36,181.35,154.4196,263.7284488279749,436.9856819894499,344.4025157232704,298.033943874979,259.0149769585254,231.7341040462428,156.52803259911002,191.87346965786512,207.18009080208506,144.11310636223288,107.34706057893166,136.74426537051252,103.09835133598635
2018-11-01,289.23,178.26,248.65,161.71,176.17,180.23,154.4196,263.7284488279749,435.91559909570464,347.5192173305381,296.0342799529491,256.71082949308754,233.6849710982659,156.52803259911002,191.4036132618622,209.0549857070792,143.1461769724547,106.39212175470007,137.89545493306048,102.46162592382035
2018-12-01,284.4,179.54,247.75,166.5,177.25,176.48,154.286,263.5002775287135,428.6360211002261,346.261355695318,297.84910099143,258.5541474654378,240.60693641618496,156.3926084356279,188.20726622989872,208.29830166470492,144.02372633460635,107.15607281408535,141.9800460475825,100.32973280272881
2019-01-01,287.27,177.17,246.85,159.04,178.7,176.29,154.286,263.5002775287135,432.9615674453655,345.00349406009786,300.2856662745757,255.14112903225805,229.8265895953757,156.3926084356279,190.10654490106543,207.5416176223306,145.20191760786545,105.74156968069232,135.61865779824336,100.22171688459352
2019-02-01,283.04,174.44,247.22,158.83,178.14,179.97,154.286,263.5002775287135,426.58628485305206,345.52061495457724,299.34464795832633,251.20967741935485,229.52312138728325,156.3926084356279,187.307259612203,207.85269883975116,144.74689201267572,104.11220531184719,135.43958386629146,102.31381466742467
2019-03-01,280.86,176.78,245.78,159.18,177.28,178.86,152.5901,260.6039024806797,423.3006782215524,343.508036338225,297.8995126869434,254.5794930875576,230.02890173410404,154.67355275561818,185.86460194560252,206.64200437195225,144.0481027057772,105.50880334228587,135.73804041954466,101.6827743035816
2019-04-01,283.54,175.65,249.05,162.87,177.54,176.59,152.5901,260.6039024806797,427.3398643556896,348.0782669461915,298.33641404805917,252.95218894009219,235.3612716763006,154.67355275561818,187.63814439812057,209.39128972591226,144.25936458925815,104.83437779767233,138.88462522384242,100.39226833428083
2019-05-01,281.4,175.81,252.43,166.58,181.05,178.39,152.5901,260.6039024806797,424.1145440844009,352.80223619846265,304.2345824231222,253.18260368663596,240.72254335260115,154.67355275561818,186.22195751439347,212.23305868505128,147.11140001625094,104.92987168009549,142.0482646883261,101.41557703240476
2019-06-01,278.42,176.29,256.0,169.77,182.21,178.81,151.8894,259.40719866786213,419.6232102486813,357.7917540181691,306.18383464963875,253.87384792626727,245.33236994219655,153.96328545507993,184.24988419032493,215.23457205313602,148.0539530348582,105.21635332736497,144.76848298797648,101.65434906196703
2019-07-01,275.12,178.88,258.52,173.33,186.84,179.12,151.8894,259.40719866786213,414.6495855312736,361.31376659678546,313.9640396572005,257.6036866359447,250.47687861271677,153.96328545507993,182.06604460326915,217.3532873717841,151.81603965223044,106.76216054908983,147.80421250106593,101.83058555997727
2019-08-01,274.91,178.86,258.65,175.34,187.21,177.5,151.8894,259.40719866786213,414.33308214016586,361.4954577218728,314.5857839018653,257.57488479262673,253.3815028901734,153.96328545507993,181.92707299318377,217.4625861779048,152.11668156333795,106.75022381378693,149.51820584974845,100.9096077316657
2019-09-01,274.6,177.8,256.82,173.99,187.99,178.66,151.7732,259.208744289313,413.8658628485306,358.93780573025856,315.8964879852126,256.0483870967742,251.4306358381503,153.84549886977587,181.7219244259149,215.92399529174372,152.75046721378078,106.11757684273351,148.36701628720047,101.56907333712336
2019-10-01,277.52,178.27,257.39,174.03,186.21,173.87,151.7732,259.208744289313,418.26676714393375,359.73445143256464,312.90539405142,256.7252304147466,251.48843930635837,153.84549886977587,183.6542915756733,216.40322851858082,151.304135857642,106.39809012235153,148.40112560757228,98.84593519044913
2019-11-01,278.37,179.7,258.76,175.31,188.24,178.19,151.7732,259.208744289313,419.5478522984176,361.64919636617753,316.3165854478239,258.78456221198155,253.33815028901734,153.84549886977587,184.21679571173314,217.55506978308392,152.9536036402048,107.25156669650848,149.4926238594696,101.30187606594656
2019-12-01,273.48,174.66,260.39,175.64,189.81,177.18,153.6002,262.329020964092,412.1778447626225,363.9273235499651,318.95479751302304,251.52649769585253,253.81502890173405,155.69744457847202,180.9807425054596,218.92550865982847,154.2293003981474,104.24350940017904,149.77402575253686,100.72768618533257
2020-01-01,278.66,172.17,258.49,173.98,189.0,174.25,153.6002,262.329020964092,419.9849284099473,361.2718378756115,317.5936817341623,247.94066820276495,251.41618497109826,155.69744457847202,184.40870888756535,217.32806457037162,153.5711383765337,102.75738585496865,148.35848895710754,99.06196702671973
2020-02-01,285.05,174.8,262.1,175.93,194.75,171.21,153.6002,262.329020964092,429.6156744536549,366.3172606568833,327.25592337422285,251.72811059907838,254.23410404624275,155.69744457847202,188.63741645159155,220.3632083403397,158.24327618428538,104.32706654729931,150.0213183252324,97.33371233655487
2020-03-01,282.39,174.06,267.52,181.96,192.21,174.41,156.2749,266.89705819563636,425.60663149962323,373.8923829489867,322.9877331540918,250.6624423963134,262.94797687861274,158.40866471369344,186.87710939051018,224.92012779552715,156.1794100918177,103.88540734109219,155.16329837127995,99.1529277998863
2020-04-01,283.58,173.23,274.46,187.44,198.29,174.45,156.2749,266.89705819563636,427.40015071590057,383.59189378057306,333.2045034447992,249.46716589861754,270.8670520231214,158.40866471369344,187.66461518099396,230.7550025222801,161.11968798244902,103.39003282602206,159.8362752622154,99.17566799317792
2020-05-01,285.65,174.16,278.9,188.31,197.71,175.66,156.2749,266.89705819563636,430.5199698568199,389.79734451432563,332.22987733154093,250.80645161290326,272.1242774566474,158.40866471369344,189.03447819469255,234.48797713132672,160.64841147314536,103.94509101760667,160.57815298030187,99.86355884025014
2020-06-01,283.74,173.54,272.61,189.99,200.12,170.57,160.4669,274.0564450706631,427.6412961567446,381.0062893081761,336.2796168711141,249.9135944700461,274.55202312138726,162.65790193911997,187.77049831248758,229.1995964351774,162.60664662387262,103.57505222321694,162.01074443591713,96.96986924388857
2020-07-01,283.74,174.02,277.31,193.49,203.24,175.87,160.4669,274.0564450706631,427.6412961567446,387.5751222921034,341.5224332045035,250.60483870967744,279.6098265895954,162.65790193911997,187.77049831248758,233.15116865646544,165.14178922564395,103.86153387048643,164.99530996844888,99.98294485503126
2020-08-01,287.48,173.93,280.48,201.21,209.33,176.16,160.4669,274.0564450706631,433.27807083647326,392.0055904961566,351.7560073937154,250.47523041474656,290.7658959537572,162.65790193911997,190.2455165111508,235.81637800571718,170.09019257333227,103.8078185616234,171.57840880020467,100.14781125639567
2020-09-01,289.65,174.04,280.76,203.2,211.49,178.77,161.8262,276.3779514111268,436.54860587792007,392.3969252271139,355.3856494706772,250.63364055299536,293.6416184971098,164.03576171023687,191.68155648203293,236.0517908189003,171.8452912976355,103.87347060578931,173.27534748870127,101.6316088686754
2020-10-01,295.71,174.53,285.67,209.28,214.25,179.45,161.8262,276.3779514111268,445.681989449887,399.2592592592593,360.02352545790626,251.33928571428572,302.42774566473986,164.03576171023687,195.69188008735355,240.1799226500757,174.0879174453563,104.16592062071024,178.4599641852136,102.0181921546333
2020-11-01,296.45,175.22,286.95,209.3,218.75,178.88,161.8262,276.3779514111268,446.79728711379056,401.0482180293501,367.5852797849101,252.3329493087558,302.4566473988439,164.03576171023687,196.18158957051153,241.25609551034134,177.7443731209881,104.5777379886601,178.47701884539953,101.69414440022739
2020-12-01,295.81,175.11,284.02,210.19,218.05,177.98,165.1458,282.0473933649289,445.83270535041447,396.953179594689,366.40900688959846,252.17453917050693,303.742774566474,167.4006872573566,195.75805704453708,238.79266857238943,177.17559112700093,104.51208594449419,179.23595122367186,101.18249005116542
2021-01-01,299.32,173.39,285.15,209.73,221.16,177.45,165.1458,282.0473933649289,451.12283345892996,398.5324947589098,371.63501932448327,249.6975806451613,303.0780346820809,167.4006872573566,198.08086824167822,239.74272742559273,179.7026082717153,103.48552670844522,178.84369403939627,100.88118249005116
2021-02-01,304.71,177.42,291.07,206.58,221.46,178.53,165.1458,282.0473933649289,459.24642049736246,406.80642907058007,372.1391362796169,255.5011520737327,298.52601156069363,167.4006872573566,201.64780623386935,244.7200269043215,179.9463719834241,105.89077887197851,176.1575850601177,101.49516770892552
2021-03-01,310.59,179.68,300.53,217.16,225.18,179.43,167.5337,286.1256137654242,468.10851544837976,420.0279524807827,378.3901865232734,258.75576036866363,313.8150289017341,169.82119144881557,205.53901131625963,252.67361694972251,182.969042008613,107.23962996120562,185.17950029845656,102.0068220579875
2021-04-01,317.66,180.15,312.07,227.87,231.18,179.5,167.5337,286.1256137654242,478.7641296156745,436.1565338923829,388.47252562594525,259.43260368663596,329.2919075144509,169.82119144881557,210.21772218913375,262.37598789305537,187.84431624278866,107.52014324082364,194.31227082800376,102.04661739624787
2021-05-01,325.37,184.91,322.0,238.58,236.34,184.97,167.5337,286.1256137654242,490.38432554634517,450.0349406009784,397.143337254243,266.2874423963134,344.76878612716763,169.82119144881557,215.31996558798224,270.72473516058517,192.03705208417975,110.36108624291256,203.44504135755096,105.15633882888005
2021-06-01,336.93,187.38,324.88,245.51,245.37,185.42,176.1755,300.88467614533965,507.8070836473248,454.06009783368273,412.3172576037641,269.84447004608296,354.78323699421964,178.58098587980092,222.97002183839587,273.146124096183,199.37433980661413,111.83527305282004,209.35448111196388,105.41216600341102
2021-07-01,337.72,188.54,327.35,252.46,248.69,185.98,176.1755,300.88467614533965,508.9977392614922,457.51222921034247,417.89615190724254,271.5149769585254,364.8265895953757,178.58098587980092,223.49281980014558,275.2228014124769,202.07199154952468,112.52760370038793,215.28097552656266,105.73052870949402
2021-08-01,332.72,189.49,328.36,253.86,250.98,188.34,176.1755,300.88467614533965,501.4619442351169,458.9238294898673,421.7442446647622,272.883064516129,366.84971098265896,178.58098587980092,220.18397194097017,276.07196906003026,203.9327212155684,113.09459862727545,216.47480173957535,107.07220011370096
2021-09-01,333.52,188.17,328.47,243.88,245.67,187.3,177.8443,303.7347679432988,502.66767143933686,459.077568134172,412.8213745588977,270.98214285714283,352.42774566473986,180.27257153862527,220.71338759843817,276.1644526652094,199.6181035183229,112.30677409728438,207.96452630681333,106.48095508811825
2021-10-01,333.83,189.51,328.3,244.55,247.38,187.78,177.8443,303.7347679432988,503.13489073097213,458.8399720475192,415.69484120315917,272.911866359447,353.39595375722547,180.27257153862527,220.91853616570708,276.0215234572053,201.00755667506297,113.10653536257833,208.53585742304088,106.75383740761797
2021-11-01,337.04,189.81,336.08,245.57,251.12,186.96,177.8443,303.7347679432988,507.9728711379051,469.7134870719776,421.97949924382453,273.34389400921657,354.8699421965318,180.27257153862527,223.04281649129774,282.5626366235076,204.04647761436584,113.28558639212174,209.40564509252155,106.28766344513929
2021-12-01,343.94,189.97,337.27,241.82,254.34,184.94,179.6678,306.84906707655523,518.372268274303,471.37665967854645,427.39035456225844,273.57430875576034,349.4508670520231,182.12096945860742,227.60902653695982,283.5631410795359,206.66287478670677,113.3810802745449,206.20789630766606,105.1392836839113
2022-01-01,348.3,189.58,347.92,242.7,251.1,188.75,179.6678,306.84906707655523,524.9434815373022,486.261355695318,421.94589144681566,273.01267281105993,350.7225433526011,182.12096945860742,230.49434187016078,292.51723558096523,204.0302267002519,113.14831393613846,206.9583013558455,107.3052870949403
2022-02-01,355.33,190.25,355.35,244.5,254.47,188.37,179.6678,306.84906707655523,535.5388093443859,496.64570230607967,427.60880524281635,273.977534562212,353.3236994219653,182.12096945860742,235.14658196016143,298.76408273078863,206.76850572844722,113.54819456878542,208.49322077257614,107.08925525866971
2022-03-01,363.2,193.18,369.15,257.82,260.92,186.47,198.607,339.1947397634601,547.4001507159006,515.9329140461216,438.44731977818856,278.19700460829495,372.5722543352601,201.31876374768126,240.3547084905036,310.36657138052794,212.0094255301861,115.29692629065951,219.85162445638272,106.00909607731666
2022-04-01,375.88,194.77,383.44,269.56,271.57,185.22,198.607,339.1947397634601,566.5109269027882,535.9049615653389,456.34347168543104,280.48675115207374,389.5375722543352,201.31876374768126,248.7459466613725,322.3810324533378,220.6630372958479,116.24589674723961,229.86270998550356,105.29846503695282
2022-05-01,374.57,195.52,386.09,273.13,276.12,181.23,198.607,339.1947397634601,564.536548605878,539.6086652690426,463.9892455049572,281.5668202764977,394.6965317919075,201.31876374768126,247.8790285222685,324.6090465781066,224.36012025676445,116.69352432109818,232.90696682868594,103.03013075611143
2022-06-01,374.67,204.11,378.57,278.17,286.35,186.87,187.6682,320.5127022757355,564.6872645064054,529.0985324947588,481.17963367501267,293.93721198156686,401.9797687861272,190.23060626640853,247.94520547945203,318.28653102404576,232.67246282603398,121.82035213369144,237.2047411955317,106.23649801023309
2022-07-01,367.89,212.43,368.61,273.88,280.97,191.91,187.6682,320.5127022757355,554.4687264506406,515.1781970649895,472.139136279617,305.9187788018433,395.78034682080926,190.23060626640853,243.45840778241015,309.91256095510346,228.3009669293898,126.78603401969562,233.54651658565703,109.1017623649801
2022-08-01,360.63,215.18,353.91,265.28,281.38,197.07,187.6682,320.5127022757355,543.5267520723437,494.6331236897275,472.8280961182994,309.87903225806457,383.35260115606934,190.23060626640853,238.65396069088743,297.55338826298976,228.63411066872513,128.42733512384365,226.2130127057218,112.03524729960203
2022-09-01,346.45,215.88,343.19,256.03,272.21,197.71,169.2519,289.0600742923018,522.1552373775434,479.65059399021663,457.418921189716,310.88709677419354,369.98554913294794,171.56285161120292,229.2700681622659,288.54044055826466,221.1830665474933,128.84512085944493,218.325232369745,112.39909039226833
2022-10-01,346.02,220.14,340.06,251.48,268.07,201.87,169.2519,289.0600742923018,521.5071590052751,475.27603074772884,450.46210720887245,317.0218894009217,363.4104046242774,171.56285161120292,228.98550724637676,285.9088616108962,217.81912732591212,131.3876454789615,214.44529717745377,114.7640704945992
2022-11-01,339.42,217.44,336.2,246.49,262.92,201.24,169.2519,289.0600742923018,511.55990957045975,469.8812019566737,441.80809947907915,313.1336405529954,356.1994219653179,171.56285161120292,224.6178280722652,282.66352782915754,213.634516941578,129.77618621307073,210.19015946107277,114.40591245025583
2022-12-01,338.94,213.55,330.79,239.39,260.66,196.66,160.5654,274.22467016779814,510.8364732479277,462.32005590496163,438.0104184170728,307.53168202764977,345.9393063583815,162.75774685007045,224.30017867778437,278.1150159744409,211.79816364670515,127.4544911966577,204.1357550950797,111.8021603183627
2023-01-01,326.04,211.07,332.75,242.17,258.28,194.92,160.5654,274.22467016779814,491.3941220798795,465.0593990216632,434.01109057301295,303.9602534562212,349.95664739884387,162.75774685007045,215.76335120111176,279.7629056667227,209.86430486714877,125.97433601909876,206.50635286091924,110.81296191017623
2023-02-01,341.37,207.04,324.08,238.77,256.4,191.93,160.5654,274.22467016779814,514.4988696307461,452.9419986023759,430.8519576541758,298.15668202764977,345.0433526011561,162.75774685007045,225.90827873734364,272.4735160585169,208.33671894044042,123.56908385556548,203.607060629317,109.11313246162592
2023-03-01,345.08,207.87,324.32,245.71,258.71,190.62,159.7024,272.7507792152342,520.0904295403166,453.27742837176805,434.73365820870436,299.35195852534565,355.0722543352601,161.8829635185955,228.3634438488518,272.6752984698167,210.213699520598,124.06445837063562,209.5250277138228,108.36839113132461
2023-04-01,343.74,208.28,336.65,243.47,263.13,184.46,159.7024,272.7507792152342,518.0708364732479,470.5101327742837,442.1609813476727,299.94239631336404,351.8352601156069,161.8829635185955,227.4766726225928,283.0418698503447,213.80515153977413,124.30916144434497,207.61490577300248,104.86640136441159
2023-05-01,342.4,211.83,346.33,247.28,267.74,190.15,159.7024,272.7507792152342,516.0512434061793,484.0391334730957,449.90757855822557,305.05472350230417,357.3410404624277,161.8829635185955,226.58990139633377,291.1804271061039,217.55098724303244,126.42793196060877,210.86381853841564,108.1011938601478
2023-06-01,355.94,217.41,353.13,254.94,275.95,189.35,165.2839,282.28325007471926,536.4581763376036,493.54297693920336,463.7035792303815,313.0904377880184,368.4104046242775,167.54067286347095,235.55026139898084,296.8975954262653,224.2219874867961,129.75828111011637,217.39575338961373,107.64638999431494
2023-07-01,365.76,219.37,360.78,258.98,273.59,191.78,165.2839,282.28325007471926,551.2584777694047,504.2348008385744,459.7378591833305,315.9130184331798,374.2485549132948,167.54067286347095,242.0488385944014,303.3294097864469,222.3043796213537,130.92808116980007,220.84079474716467,109.02785673678225
2023-08-01,370.36,228.44,358.98,259.25,276.71,196.48,165.2839,282.28325007471926,558.19140919367,501.71907756813425,464.9806755167199,328.9746543778802,374.6387283236994,167.54067286347095,245.0929786248428,301.81604170169834,224.83952222312507,136.34139062966278,221.07103265967427,111.6998294485503
2023-09-01,366.6,228.89,354.11,256.04,270.09,196.32,162.7144,277.8948806626532,552.5244913338357,494.9126484975542,453.85649470677197,329.62269585253455,370.0,164.9360891204525,242.6047250347429,297.7215402724063,219.46046965141787,136.6099671739779,218.333759699838,111.60886867538373
2023-10-01,362.5,229.89,345.15,250.11,278.68,194.55,162.7144,277.8948806626532,546.345139412208,482.38993710691824,468.2910435220972,331.0627880184332,361.4306358381503,164.9360891204525,239.89146979021902,290.18833025054647,226.4402372633461,137.20680393912264,213.2770529547199,110.60261512222853
2023-11-01,360.85,228.61,341.37,255.95,271.16,196.7,162.7144,277.8948806626532,543.8583270535042,477.1069182389938,455.65451184674856,329.21947004608296,369.8699421965318,164.9360891204525,238.79954999669116,287.01025727257445,220.32989355651262,136.4428528797374,218.25701372900147,111.82490051165435
2023-12-01,355.14,232.29,334.69,248.33,270.71,193.53,156.2966,266.93411895307634,535.2524491333836,467.77078965758216,454.898336414048,334.51900921658984,358.85838150289015,158.43066100372013,235.02084574151277,281.3939801580629,219.96424798894938,138.63921217547,211.75918819817517,110.02274019329164
2024-01-01,346.48,229.29,336.15,249.61,271.95,197.21,156.2966,266.93411895307634,522.2004521477016,469.811320754717,456.9820198286003,330.198732718894,360.7080924855492,158.43066100372013,229.28992124942096,282.6214898268034,220.97180466401232,136.8487018800358,212.8506864500725,112.1148379761228
2024-02-01,348.26,232.06,339.44,251.48,267.63,194.5,156.2966,266.93411895307634,524.8831951770912,474.40950384346615,449.7227356746765,334.1877880184332,363.4104046242774,158.43066100372013,230.4678710872874,285.387590381705,217.46160721540585,138.50193971948673,214.44529717745377,110.57418988061399
2024-03-01,363.06,237.63,343.94,251.57,267.04,198.15,156.4211,267.14674864437893,547.189148455162,480.69881201956673,448.7313056629138,342.2091013824885,363.54046242774564,158.55686091654587,240.2620607504467,289.1710105935766,216.98220524904528,141.82632050134288,214.5220431482903,112.64923251847641
2024-04-01,367.71,241.55,348.3,256.84,279.24,201.73,156.4211,267.14674864437893,554.1974378296911,486.7924528301887,469.2320618383465,347.8542626728111,371.1560693641618,158.55686091654587,243.3392892594798,292.8367243988566,226.8952628585358,144.16592062071024,219.0159461072738,114.68447981807843
2024-05-01,372.33,246.62,356.1,263.35,282.35,201.39,156.4211,267.14674864437893,561.1605124340617,497.6939203354299,474.4580742732315,355.1555299539171,380.56358381502895,158.55686091654587,246.39666468135792,299.3946527661006,229.4222800032502,147.191883019994,224.5672379977829,114.49118817509947
2024-06-01,372.66,249.25,355.99,265.8,287.53,205.78,156.3798,267.0762136544127,561.6578749058027,497.5401816911251,483.16249369853807,358.94297235023043,384.1040462427746,158.5149970097209,246.61504864006352,299.3021691609215,233.63126675875517,148.7615637123247,226.65643387055513,116.98692438885729
2024-07-01,373.34,252.43,355.69,266.25,285.57,207.88,156.3798,267.0762136544127,562.6827430293896,497.12089447938513,479.8689295916653,363.522465437788,384.75433526011557,158.5149970097209,247.06505194891136,299.0499411467967,232.03867717559112,150.6595046254849,227.0401637247378,118.18078453666855
2024-08-01,376.36,251.31,349.6,269.77,290.49,205.96,156.3798,267.0762136544127,567.2343632253203,488.6093640810622,488.1364476558562,361.9095622119816,389.8410404624277,158.5149970097209,249.06359605585334,293.92971246006397,236.0364020476152,149.99104744852283,230.04178391745543,117.0892552586697
2024-09-01,366.72,253.13,344.83,264.7,288.6,208.13,153.045,261.3808120917125,552.7053504144689,481.94269741439547,484.96051083851455,364.53052995391704,382.514450867052,155.13466392304338,242.68413738336312,289.91928703548007,234.50069066384987,151.07729036108623,225.71842756033087,118.32291074474132
2024-10-01,364.17,253.29,341.45,263.54,288.44,208.8,153.045,261.3808120917125,548.8620949510174,477.2187281621244,484.6916484624433,364.7609447004608,380.8381502890174,155.13466392304338,240.99662497518364,287.077518076341,234.37068335093852,151.1727842435094,224.7292572695489,118.70380898237636
2024-11-01,366.52,251.08,340.31,263.44,289.66,207.04,153.045,261.3808120917125,552.4039186134138,475.62543675751226,486.74172407998657,361.5783410138249,380.69364161849705,155.13466392304338,242.55178346899604,286.1190516226669,235.36198911188757,149.85377499253954,224.64398396861944,117.70324047754406
2024-12-01,367.51,250.95,338.94,258.95,291.02,207.05,150.5615,257.13931941420094,553.8960060286361,473.7106918238994,489.02705427659214,361.39112903225805,374.20520231213874,152.61725441699693,243.2069353451128,284.9672103581638,236.46705127163403,149.77618621307073,220.8152127568858,117.70892552586699
2025-01-01,359.14,248.99,339.63,262.21,290.61,209.05,150.5615,257.13931941420094,541.2810851544839,474.67505241090146,488.33809443790966,358.5685483870968,378.9161849710982,152.61725441699693,237.6679240288531,285.5473347906508,236.1339075322987,148.60638615338704,223.5951223671868,118.84593519044913
2025-02-01,358.89,248.56,338.47,262.24,289.67,207.28,150.5615,257.13931941420094,540.9042954031651,473.0538085255067,486.7585279784911,357.94930875576034,378.9595375722543,152.61725441699693,237.50248163589433,284.572053136035,235.37011456894453,148.3497463443748,223.6207043574657,117.83968163729392
2025-03-01,366.97,251.01,339.74,265.58,292.83,209.0,150.6479,257.28687929635794,553.0821401657876,474.8287910552062,492.06855990589816,361.477534562212,383.78612716763,152.70483411553627,242.8495797763219,285.6398183958298,237.93775899894368,149.8119964189794,226.46883260851024,118.81750994883456
2025-04-01,365.08,253.43,336.17,264.52,297.78,211.48,150.6479,257.28687929635794,550.2336096458176,469.8392732354997,500.3864896656024,364.96255760368666,382.25433526011557,152.70483411553627,241.59883528555355,282.6383050277451,241.95986024213863,151.25634139062967,225.5649356186578,120.22740193291641
2025-05-01,356.38,257.85,334.25,269.69,303.84,212.43,150.6479,257.28687929635794,537.1213262999246,467.15583508036343,510.569652159301,371.3277649769586,389.72543352601156,152.70483411553627,235.8414400105883,281.02404573734657,246.88388721865607,153.89435989256938,229.97356527671187,120.76748152359296
2025-06-01,357.4,257.94,332.17,269.75,310.72,217.16,149.181,254.7816062508006,538.6586284853051,464.2487770789658,522.1307343303647,371.4573732718894,389.8121387283237,151.21790518281247,236.51644497386008,279.2752648394149,252.4742016738442,153.9480752014324,230.02472925726954,123.45650938032972
2025-07-01,357.14,258.06,329.02,272.26,305.27,218.88,149.181,254.7816062508006,538.2667671439336,459.84626135569533,512.9726096454377,371.63018433179724,393.4393063583815,151.21790518281247,236.34438488518293,276.6268706911048,248.04582757780125,154.01969561324978,232.16508911059947,124.43433769187038
2025-08-01,355.97,258.99,327.56,273.0,304.94,219.11,149.181,254.7816062508006,536.503391107762,457.80573025856046,512.4180809947908,372.96947004608296,394.5086705202312,151.21790518281247,235.5701144861359,275.39936102236425,247.77768749492162,154.57475380483436,232.7961115374776,124.56509380329732
2025-09-01,348.3,257.09,321.15,267.04,306.45,218.67,145.2817,248.12211263396097,524.9434815373022,448.8469601677148,514.9554696689632,370.23329493087556,385.8959537572254,147.2653644592663,230.49434187016078,270.01008912056494,249.00463151052244,153.44076395105935,227.7138228020807,124.31495167708924
2025-10-01,347.9,257.65,317.02,267.84,303.43,219.96,145.2817,248.12211263396097,524.3406179351922,443.0747728860936,509.88069232061844,371.0397465437788,387.05202312138726,147.2653644592663,230.22963404142675,266.537750126114,246.55074347932074,153.77499253954042,228.39600920951648,125.04832291074474
2025-11-01,346.93,255.24,317.69,264.78,305.29,217.97,145.2817,248.12211263396097,522.8786737000754,444.01118099231314,513.0062174424467,367.56912442396316,382.63005780346816,147.2653644592663,229.58771755674672,267.1010593576593,248.0620784919152,152.33661593554163,225.78664620107443,123.91699829448551
2025-12-01,345.84,256.04,312.5,266.83,302.97,217.7,142.2693,242.9773280389394,521.2358703843256,436.7575122292104,509.1077129894136,368.7211981566821,385.5924855491329,144.21183339584195,228.86638872344648,262.7375147133008,246.17697245470063,152.81408534765743,227.53474887012874,123.76350198976691
