date,house_price_at_purchase,down_payment,initial_loan_amount,mortgage_type,mortgage_term_years,mortgage_rate,mortgage_payment,mortgage_interest,mortgage_principal,mortgage_balance,house_price,owner_networth,rent,maintenance_cost,property_tax,depreciation_cost,owner_monthly_cost,purchase_cost,sale_cost,owner_total_cost
2005-01-01,236900,47380.0,189520.0,fixed,5,0.055999999999999994,1175.1637317031928,884.4266666666666,290.73706503652613,189229.26293496348,236900.0,47670.73706503652,,,197.41666666666666,197.41666666666666,,4738,0,
2005-02-01,236900,47380.0,189520.0,fixed,5,0.055999999999999994,1175.1637317031928,883.0698936964961,292.0938380066966,188937.1690969568,237600.0,48662.830903043214,,,198.0,198.0,,0,0,
2005-03-01,236900,47380.0,189520.0,fixed,5,0.055999999999999994,1175.1637317031928,881.7067891191316,293.45694258406115,188643.7121543727,238500.0,49856.28784562729,,,198.75,198.75,,0,0,
2005-04-01,236900,47380.0,189520.0,fixed,5,0.055999999999999994,1175.1637317031928,880.3373233870726,294.82640831612014,188348.8857460566,239300.0,50951.11425394341,,,199.41666666666666,199.41666666666666,,0,0,
2005-05-01,236900,47380.0,189520.0,fixed,5,0.055999999999999994,1175.1637317031928,878.9614668149306,296.2022648882621,188052.68348116832,239800.0,51747.31651883168,,,199.83333333333334,199.83333333333334,,0,0,
2005-06-01,236900,47380.0,189520.0,fixed,5,0.055999999999999994,1175.1637317031928,877.5791895787854,297.58454212440733,187755.0989390439,241100.0,53344.901060956094,,,200.91666666666666,200.91666666666666,,0,0,
2005-07-01,236900,47380.0,189520.0,fixed,5,0.055999999999999994,1175.1637317031928,876.1904617155382,298.9732699876546,187456.12566905626,243000.0,55543.87433094374,,,202.5,202.5,,0,0,
2005-08-01,236900,47380.0,189520.0,fixed,5,0.055999999999999994,1175.1637317031928,874.7952531222625,300.3684785809303,187155.75719047533,245100.0,57944.24280952467,,,204.25,204.25,,0,0,
2005-09-01,236900,47380.0,189520.0,fixed,5,0.055999999999999994,1175.1637317031928,873.3935335555515,301.7701981476413,186853.9869923277,247300.0,60446.0130076723,,,206.08333333333334,206.08333333333334,,0,0,
2005-10-01,236900,47380.0,189520.0,fixed,5,0.055999999999999994,1175.1637317031928,871.9852726308625,303.17845907233027,186550.80853325536,250000.0,63449.19146674464,703.0,234.33333333333334,208.33333333333334,208.33333333333334,1522.9852726308623,0,0,1522.9852726308623
2005-11-01,236900,47380.0,189520.0,fixed,5,0.055999999999999994,1175.1637317031928,870.5704398218583,304.5932918813345,186246.215241374,252500.0,66253.78475862599,703.0,234.33333333333334,210.41666666666666,210.41666666666666,1525.7371064885251,0,0,1525.7371064885251
2005-12-01,236900,47380.0,189520.0,fixed,5,0.055999999999999994,1175.1637317031928,869.1490044597452,306.0147272434475,185940.20051413056,255000.0,69059.79948586944,703.0,234.33333333333334,212.5,212.5,1528.4823377930786,0,0,1528.4823377930786
2006-01-01,236900,47380.0,189520.0,fixed,5,0.055999999999999994,1175.1637317031928,867.7209357326092,307.4427959705836,185632.75771815996,258000.0,72367.24228184004,703.0,234.33333333333334,215.0,215.0,1532.0542690659424,0,0,1532.0542690659424
2006-02-01,236900,47380.0,189520.0,fixed,5,0.055999999999999994,1175.1637317031928,866.2862026847464,308.87752901844635,185323.88018914152,260400.0,75076.11981085848,703.0,234.33333333333334,217.0,217.0,1534.6195360180798,0,0,1534.6195360180798
2006-03-01,236900,47380.0,189520.0,fixed,5,0.055999999999999994,1175.1637317031928,864.8447742159937,310.3189574871991,185013.5612316543,263000.0,77986.43876834569,703.0,234.33333333333334,219.16666666666666,219.16666666666666,1537.5114408826605,0,0,1537.5114408826605
2006-04-01,236900,47380.0,189520.0,fixed,5,0.055999999999999994,1175.1637317031928,863.3966190810534,311.7671126221394,184701.79411903216,265900.0,81198.20588096784,703.0,234.33333333333334,221.58333333333334,221.58333333333334,1540.8966190810531,0,0,1540.8966190810531
2006-05-01,236900,47380.0,189520.0,fixed,5,0.055999999999999994,1175.1637317031928,861.9417058888166,313.22202581437614,184388.57209321778,268900.0,84511.42790678222,703.0,234.33333333333334,224.08333333333334,224.08333333333334,1544.4417058888164,0,0,1544.4417058888164
2006-06-01,236900,47380.0,189520.0,fixed,5,0.055999999999999994,1175.1637317031928,860.4800031016829,314.68372860150987,184073.88836461626,271700.0,87626.11163538374,703.0,234.33333333333334,226.41666666666666,226.41666666666666,1547.6466697683497,0,0,1547.6466697683497
2006-07-01,236900,47380.0,189520.0,fixed,5,0.055999999999999994,1175.1637317031928,859.0114790348758,316.1522526683169,183757.73611194795,274200.0,90442.26388805205,703.0,234.33333333333334,228.5,228.5,1550.3448123682092,0,0,1550.3448123682092
2006-08-01,236900,47380.0,189520.0,fixed,5,0.055999999999999994,1175.1637317031928,857.536101855757,317.62762984743574,183440.1084821005,276800.0,93359.8915178995,703.0,234.33333333333334,230.66666666666666,230.66666666666666,1553.2027685224239,0,0,1553.2027685224239
2006-09-01,236900,47380.0,189520.0,fixed,5,0.055999999999999994,1175.1637317031928,856.0538395831356,319.1098921200571,183120.99858998045,279600.0,96479.00141001955,703.0,234.33333333333334,233.0,233.0,1556.387172916469,0,0,1556.387172916469
2006-10-01,236900,47380.0,189520.0,fixed,5,0.055999999999999994,1175.1637317031928,854.5646600865754,320.5990716166174,182800.39951836382,280900.0,98099.60048163618,724.0,241.33333333333334,234.08333333333334,234.08333333333334,1564.0646600865753,0,0,1564.0646600865753
2006-11-01,236900,47380.0,189520.0,fixed,5,0.055999999999999994,1175.1637317031928,853.0685310856977,322.09520061749504,182478.3043177463,282900.0,100421.69568225369,724.0,241.33333333333334,235.75,235.75,1565.901864419031,0,0,1565.901864419031
2006-12-01,236900,47380.0,189520.0,fixed,5,0.055999999999999994,1175.1637317031928,851.5654201494827,323.59831155371,182154.7060061926,285100.0,102945.2939938074,724.0,241.33333333333334,237.58333333333334,237.58333333333334,1568.0654201494826,0,0,1568.0654201494826
2007-01-01,236900,47380.0,189520.0,fixed,5,0.055999999999999994,1175.1637317031928,850.0552946955654,325.10843700762734,181829.597569185,287300.0,105470.40243081501,724.0,241.33333333333334,239.41666666666666,239.41666666666666,1570.2219613622322,0,0,1570.2219613622322
2007-02-01,236900,47380.0,189520.0,fixed,5,0.055999999999999994,1175.1637317031928,848.5381219895298,326.6256097136629,181502.97195947132,290500.0,108997.02804052868,724.0,241.33333333333334,242.08333333333334,242.08333333333334,1574.0381219895296,0,0,1574.0381219895296
2007-03-01,236900,47380.0,189520.0,fixed,5,0.055999999999999994,1175.1637317031928,847.0138691441995,328.1498625589933,181174.82209691234,293200.0,112025.17790308766,724.0,241.33333333333334,244.33333333333334,244.33333333333334,1577.0138691441994,0,0,1577.0138691441994
2007-04-01,236900,47380.0,189520.0,fixed,5,0.055999999999999994,1175.1637317031928,845.4825031189241,329.68122858426864,180845.14086832808,295800.0,114954.85913167192,724.0,241.33333333333334,246.5,246.5,1579.8158364522574,0,0,1579.8158364522574
2007-05-01,236900,47380.0,189520.0,fixed,5,0.055999999999999994,1175.1637317031928,843.9439907188643,331.2197409843285,180513.92112734375,298800.0,118286.07887265625,724.0,241.33333333333334,249.0,249.0,1583.2773240521976,0,0,1583.2773240521976
2007-06-01,236900,47380.0,189520.0,fixed,5,0.055999999999999994,1175.1637317031928,842.3982985942707,332.765433108922,180181.15569423483,301400.0,121218.84430576517,724.0,241.33333333333334,251.16666666666666,251.16666666666666,1586.0649652609375,0,0,1586.0649652609375
2007-07-01,236900,47380.0,189520.0,fixed,5,0.055999999999999994,1175.1637317031928,840.8453932397624,334.31833846343034,179846.8373557714,304000.0,124153.1626442286,724.0,241.33333333333334,253.33333333333334,253.33333333333334,1588.8453932397622,0,0,1588.8453932397622
2007-08-01,236900,47380.0,189520.0,fixed,5,0.055999999999999994,1175.1637317031928,839.2852409935997,335.87849070959305,179510.9588650618,305900.0,126389.04113493819,724.0,241.33333333333334,254.91666666666666,254.91666666666666,1590.4519076602664,0,0,1590.4519076602664
2007-09-01,236900,47380.0,189520.0,fixed,5,0.055999999999999994,1175.1637317031928,837.717808036955,337.4459236662377,179173.51294139557,307900.0,128726.48705860443,724.0,241.33333333333334,256.5833333333333,256.5833333333333,1592.217808036955,0,0,1592.217808036955
2007-10-01,236900,47380.0,189520.0,fixed,5,0.055999999999999994,1175.1637317031928,836.1430603931792,339.02067131001354,178834.49227008555,309800.0,130965.50772991445,746.0,248.66666666666666,258.1666666666667,258.1666666666667,1601.1430603931794,0,0,1601.1430603931794
2007-11-01,236900,47380.0,189520.0,fixed,5,0.055999999999999994,1175.1637317031928,834.5609639270658,340.60276777612694,178493.88950230944,311400.0,132906.11049769056,746.0,248.66666666666666,259.5,259.5,1602.2276305937326,0,0,1602.2276305937326
2007-12-01,236900,47380.0,189520.0,fixed,5,0.055999999999999994,1175.1637317031928,832.9714843441106,342.1922473590821,178151.69725495036,313400.0,135248.30274504964,746.0,248.66666666666666,261.1666666666667,261.1666666666667,1603.9714843441109,0,0,1603.9714843441109
2008-01-01,236900,47380.0,189520.0,fixed,5,0.055999999999999994,1175.1637317031928,831.3745871897682,343.7891445134245,177807.90811043693,315000.0,137192.09188956307,746.0,248.66666666666666,262.5,262.5,1605.0412538564349,0,0,1605.0412538564349
2008-02-01,236900,47380.0,189520.0,fixed,5,0.055999999999999994,1175.1637317031928,829.7702378487056,345.39349385448713,177462.51461658243,315600.0,138137.48538341757,746.0,248.66666666666666,263.0,263.0,1604.4369045153724,0,0,1604.4369045153724
2008-03-01,236900,47380.0,189520.0,fixed,5,0.055999999999999994,1175.1637317031928,828.1584015440512,347.0053301591415,177115.50928642327,315600.0,138484.49071357673,746.0,248.66666666666666,263.0,263.0,1602.825068210718,0,0,1602.825068210718
2008-04-01,236900,47380.0,189520.0,fixed,5,0.055999999999999994,1175.1637317031928,826.5390433366418,348.6246883665509,176766.88459805673,314600.0,137833.11540194327,746.0,248.66666666666666,262.1666666666667,262.1666666666667,1599.539043336642,0,0,1599.539043336642
2008-05-01,236900,47380.0,189520.0,fixed,5,0.055999999999999994,1175.1637317031928,824.9121281242647,350.2516035789281,176416.6329944778,313100.0,136683.3670055222,746.0,248.66666666666666,260.9166666666667,260.9166666666667,1595.4121281242649,0,0,1595.4121281242649
2008-06-01,236900,47380.0,189520.0,fixed,5,0.055999999999999994,1175.1637317031928,823.2776206408963,351.88611106229644,176064.74688341553,311500.0,135435.25311658447,746.0,248.66666666666666,259.5833333333333,259.5833333333333,1591.1109539742295,0,0,1591.1109539742295
2008-07-01,236900,47380.0,189520.0,fixed,5,0.055999999999999994,1175.1637317031928,821.635485455939,353.5282462472537,175711.21863716826,309300.0,133588.78136283174,746.0,248.66666666666666,257.75,257.75,1585.8021521226058,0,0,1585.8021521226058
2008-08-01,236900,47380.0,189520.0,fixed,5,0.055999999999999994,1175.1637317031928,819.9856869734518,355.1780447297409,175356.0405924385,307500.0,132143.9594075615,746.0,248.66666666666666,256.25,256.25,1581.1523536401185,0,0,1581.1523536401185
2008-09-01,236900,47380.0,189520.0,fixed,5,0.055999999999999994,1175.1637317031928,818.3281894313797,356.8355422718131,174999.2050501667,305800.0,130800.7949498333,746.0,248.66666666666666,254.83333333333334,254.83333333333334,1576.6615227647128,0,0,1576.6615227647128
2008-10-01,236900,47380.0,189520.0,fixed,5,0.055999999999999994,1175.1637317031928,816.6629569007779,358.50077480241487,174640.7042753643,301800.0,127159.29572463571,774.0,258.0,251.5,251.5,1577.6629569007778,0,0,1577.6629569007778
2008-11-01,236900,47380.0,189520.0,fixed,5,0.055999999999999994,1175.1637317031928,814.9899532850333,360.1737784181595,174280.53049694613,298800.0,124519.46950305387,774.0,258.0,249.0,249.0,1570.9899532850332,0,0,1570.9899532850332
2008-12-01,236900,47380.0,189520.0,fixed,5,0.055999999999999994,1175.1637317031928,813.3091423190818,361.8545893841109,173918.67590756202,295100.0,121181.32409243798,774.0,258.0,245.91666666666666,245.91666666666666,1563.1424756524152,0,0,1563.1424756524152
2009-01-01,236900,47380.0,189520.0,fixed,5,0.055999999999999994,1175.1637317031928,811.6204875686227,363.54324413457005,173555.13266342744,292300.0,118744.86733657256,774.0,258.0,243.58333333333334,243.58333333333334,1556.787154235289,0,0,1556.787154235289
2009-02-01,236900,47380.0,189520.0,fixed,5,0.055999999999999994,1175.1637317031928,809.923952429328,365.23977927386477,173189.89288415358,289600.0,116410.10711584642,774.0,258.0,241.33333333333334,241.33333333333334,1550.5906190959945,0,0,1550.5906190959945
2009-03-01,236900,47380.0,189520.0,fixed,5,0.055999999999999994,1175.1637317031928,808.21950012605,366.9442315771428,172822.94865257645,287700.0,114877.05134742355,774.0,258.0,239.75,239.75,1545.71950012605,0,0,1545.71950012605
2009-04-01,236900,47380.0,189520.0,fixed,5,0.055999999999999994,1175.1637317031928,806.5070937120233,368.6566379911694,172454.29201458528,289000.0,116545.70798541472,774.0,258.0,240.83333333333334,240.83333333333334,1546.1737603786898,0,0,1546.1737603786898
2009-05-01,236900,47380.0,189520.0,fixed,5,0.055999999999999994,1175.1637317031928,804.7866960680645,370.3770356351282,172083.91497895017,291500.0,119416.08502104983,774.0,258.0,242.91666666666666,242.91666666666666,1548.620029401398,0,0,1548.620029401398
2009-06-01,236900,47380.0,189520.0,fixed,5,0.055999999999999994,1175.1637317031928,803.0582699017674,372.10546180142535,171711.80951714874,295000.0,123288.19048285126,774.0,258.0,245.83333333333334,245.83333333333334,1552.7249365684338,0,0,1552.7249365684338
2009-07-01,236900,47380.0,189520.0,fixed,5,0.055999999999999994,1175.1637317031928,801.321777746694,373.84195395649874,171337.96756319224,299200.0,127862.03243680776,774.0,258.0,249.33333333333334,249.33333333333334,1557.9884444133604,0,0,1557.9884444133604
2009-08-01,236900,47380.0,189520.0,fixed,5,0.055999999999999994,1175.1637317031928,799.5771819615637,375.586549741629,170962.38101345062,303300.0,132337.61898654938,774.0,258.0,252.75,252.75,1563.0771819615638,0,0,1563.0771819615638
2009-09-01,236900,47380.0,189520.0,fixed,5,0.055999999999999994,1175.1637317031928,797.8244447294361,377.33928697375666,170585.04172647686,307800.0,137214.95827352314,774.0,258.0,256.5,256.5,1568.824444729436,0,0,1568.824444729436
2009-10-01,236900,47380.0,189520.0,fixed,5,0.055999999999999994,1175.1637317031928,796.063528056892,379.10020364630077,170205.94152283057,312400.0,142194.05847716943,782.0,260.6666666666667,260.3333333333333,260.3333333333333,1577.3968613902252,0,0,1577.3968613902252
2009-11-01,236900,47380.0,189520.0,fixed,5,0.055999999999999994,1175.1637317031928,794.2943937732092,380.86933792998354,169825.07218490058,316400.0,146574.92781509942,782.0,260.6666666666667,263.6666666666667,263.6666666666667,1582.2943937732093,0,0,1582.2943937732093
2009-12-01,236900,47380.0,189520.0,fixed,5,0.055999999999999994,1175.1637317031928,792.5170035295359,382.6467281736568,169442.42545672692,320600.0,151157.57454327308,782.0,260.6666666666667,267.1666666666667,267.1666666666667,1587.5170035295362,0,0,1587.5170035295362
2010-01-01,236900,47380.0,189520.0,fixed,5,0.048,1099.6092770887833,677.7697018269077,421.83957526187555,169020.58588146506,322400.0,153379.41411853494,782.0,260.6666666666667,268.6666666666667,268.6666666666667,1475.769701826908,0,0,1475.769701826908
2010-02-01,236900,47380.0,189520.0,fixed,5,0.048,1099.6092770887833,676.0823435258602,423.5269335629231,168597.05894790214,324600.0,156002.94105209786,782.0,260.6666666666667,270.5,270.5,1477.7490101925268,0,0,1477.7490101925268
2010-03-01,236900,47380.0,189520.0,fixed,5,0.048,1099.6092770887833,674.3882357916086,425.2210412971747,168171.83790660498,326200.0,158028.16209339502,782.0,260.6666666666667,271.8333333333333,271.8333333333333,1478.7215691249419,0,0,1478.7215691249419
2010-04-01,236900,47380.0,189520.0,fixed,5,0.048,1099.6092770887833,672.68735162642,426.92192546236333,167744.9159811426,326800.0,159055.0840188574,782.0,260.6666666666667,272.3333333333333,272.3333333333333,1478.0206849597532,0,0,1478.0206849597532
2010-05-01,236900,47380.0,189520.0,fixed,5,0.048,1099.6092770887833,670.9796639245704,428.62961316421286,167316.2863679784,326300.0,158983.7136320216,782.0,260.6666666666667,271.9166666666667,271.9166666666667,1475.4796639245706,0,0,1475.4796639245706
2010-06-01,236900,47380.0,189520.0,fixed,5,0.048,1099.6092770887833,669.2651454719137,430.3441316168696,166885.94223636153,325300.0,158414.05776363847,782.0,260.6666666666667,271.0833333333333,271.0833333333333,1472.098478805247,0,0,1472.098478805247
2010-07-01,236900,47380.0,189520.0,fixed,5,0.048,1099.6092770887833,667.5437689454461,432.0655081433372,166453.8767282182,324300.0,157846.1232717818,782.0,260.6666666666667,270.25,270.25,1468.7104356121129,0,0,1468.7104356121129
2010-08-01,236900,47380.0,189520.0,fixed,5,0.048,1099.6092770887833,665.8155069128728,433.7937701759105,166020.08295804227,324200.0,158179.91704195773,782.0,260.6666666666667,270.1666666666667,270.1666666666667,1466.815506912873,0,0,1466.815506912873
2010-09-01,236900,47380.0,189520.0,fixed,5,0.048,1099.6092770887833,664.0803318321691,435.5289452566142,165584.55401278567,324500.0,158915.44598721433,782.0,260.6666666666667,270.4166666666667,270.4166666666667,1465.5803318321693,0,0,1465.5803318321693
2010-10-01,236900,47380.0,189520.0,fixed,5,0.048,1099.6092770887833,662.3382160511427,437.2710610376406,165147.28295174803,325600.0,160452.71704825197,806.0,268.6666666666667,271.3333333333333,271.3333333333333,1473.6715493844758,0,0,1473.6715493844758
2010-11-01,236900,47380.0,189520.0,fixed,5,0.048,1099.6092770887833,660.5891318069921,439.0201452817912,164708.26280646623,327100.0,162391.73719353377,806.0,268.6666666666667,272.5833333333333,272.5833333333333,1474.4224651403254,0,0,1474.4224651403254
2010-12-01,236900,47380.0,189520.0,fixed,5,0.048,1099.6092770887833,658.8330512258649,440.7762258629184,164267.48658060332,328900.0,164632.51341939668,806.0,268.6666666666667,274.0833333333333,274.0833333333333,1475.6663845591981,0,0,1475.6663845591981
2011-01-01,236900,47380.0,189520.0,fixed,5,0.048,1099.6092770887833,657.0699463224133,442.53933076636997,163824.94724983696,330900.0,167075.05275016304,806.0,268.6666666666667,275.75,275.75,1477.23661298908,0,0,1477.23661298908
2011-02-01,236900,47380.0,189520.0,fixed,5,0.048,1099.6092770887833,655.2997889993478,444.3094880894355,163380.63776174752,333800.0,170419.36223825248,806.0,268.6666666666667,278.1666666666667,278.1666666666667,1480.299788999348,0,0,1480.299788999348
2011-03-01,236900,47380.0,189520.0,fixed,5,0.048,1099.6092770887833,653.5225510469901,446.0867260417932,162934.55103570572,336000.0,173065.44896429428,806.0,268.6666666666667,280.0,280.0,1482.1892177136567,0,0,1482.1892177136567
2011-04-01,236900,47380.0,189520.0,fixed,5,0.048,1099.6092770887833,651.738204142823,447.87107294596035,162486.67996275975,338200.0,175713.32003724025,806.0,268.6666666666667,281.8333333333333,281.8333333333333,1484.0715374761562,0,0,1484.0715374761562
2011-05-01,236900,47380.0,189520.0,fixed,5,0.048,1099.6092770887833,649.946719851039,449.6625572377443,162037.017405522,340800.0,178762.982594478,806.0,268.6666666666667,284.0,284.0,1486.6133865177057,0,0,1486.6133865177057
2011-06-01,236900,47380.0,189520.0,fixed,5,0.048,1099.6092770887833,648.148069622088,451.4612074666953,161585.5561980553,343400.0,181814.4438019447,806.0,268.6666666666667,286.1666666666667,286.1666666666667,1489.148069622088,0,0,1489.148069622088
2011-07-01,236900,47380.0,189520.0,fixed,5,0.048,1099.6092770887833,646.3422247922213,453.26705229656204,161132.28914575875,345900.0,184767.71085424125,806.0,268.6666666666667,288.25,288.25,1491.508891458888,0,0,1491.508891458888
2011-08-01,236900,47380.0,189520.0,fixed,5,0.048,1099.6092770887833,644.529156583035,455.08012050574825,160677.20902525302,348000.0,187322.79097474698,806.0,268.6666666666667,290.0,290.0,1493.1958232497018,0,0,1493.1958232497018
2011-09-01,236900,47380.0,189520.0,fixed,5,0.048,1099.6092770887833,642.7088361010121,456.90044098777116,160220.30858426524,349700.0,189479.69141573476,806.0,268.6666666666667,291.4166666666667,291.4166666666667,1494.2088361010124,0,0,1494.2088361010124
2011-10-01,236900,47380.0,189520.0,fixed,5,0.048,1099.6092770887833,640.881234337061,458.72804275172234,159761.5805415135,351300.0,191538.4194584865,826.0,275.3333333333333,292.75,292.75,1501.7145676703942,0,0,1501.7145676703942
2011-11-01,236900,47380.0,189520.0,fixed,5,0.048,1099.6092770887833,639.0463221660541,460.5629549227292,159301.01758659078,353100.0,193798.98241340922,826.0,275.3333333333333,294.25,294.25,1502.8796554993874,0,0,1502.8796554993874
2011-12-01,236900,47380.0,189520.0,fixed,5,0.048,1099.6092770887833,637.2040703463631,462.4052067424202,158838.61237984835,354700.0,195861.38762015165,826.0,275.3333333333333,295.5833333333333,295.5833333333333,1503.7040703463629,0,0,1503.7040703463629
2012-01-01,236900,47380.0,189520.0,fixed,5,0.048,1099.6092770887833,635.3544495193934,464.25482756938993,158374.35755227896,356800.0,198425.64244772104,826.0,275.3333333333333,297.3333333333333,297.3333333333333,1505.3544495193933,0,0,1505.3544495193933
2012-02-01,236900,47380.0,189520.0,fixed,5,0.048,1099.6092770887833,633.4974302091158,466.1118468796675,157908.24570539928,357900.0,199991.75429460072,826.0,275.3333333333333,298.25,298.25,1505.3307635424492,0,0,1505.3307635424492
2012-03-01,236900,47380.0,189520.0,fixed,5,0.048,1099.6092770887833,631.6329828215971,467.9762942671862,157440.2694111321,359300.0,201859.7305888679,826.0,275.3333333333333,299.4166666666667,299.4166666666667,1505.7996494882639,0,0,1505.7996494882639
2012-04-01,236900,47380.0,189520.0,fixed,5,0.048,1099.6092770887833,629.7610776445283,469.848199444255,156970.42121168785,361000.0,204029.57878831215,826.0,275.3333333333333,300.8333333333333,300.8333333333333,1506.761077644528,0,0,1506.761077644528
2012-05-01,236900,47380.0,189520.0,fixed,5,0.048,1099.6092770887833,627.8816848467515,471.72759224203185,156498.6936194458,360800.0,204301.3063805542,826.0,275.3333333333333,300.6666666666667,300.6666666666667,1504.5483515134183,0,0,1504.5483515134183
2012-06-01,236900,47380.0,189520.0,fixed,5,0.048,1099.6092770887833,625.9947744777833,473.61450261100003,156025.07911683482,360400.0,204374.92088316518,826.0,275.3333333333333,300.3333333333333,300.3333333333333,1501.994774477783,0,0,1501.994774477783
2012-07-01,236900,47380.0,189520.0,fixed,5,0.048,1099.6092770887833,624.1003164673393,475.508960621444,155549.5701562134,360300.0,204750.4298437866,826.0,275.3333333333333,300.25,300.25,1499.9336498006726,0,0,1499.9336498006726
2012-08-01,236900,47380.0,189520.0,fixed,5,0.048,1099.6092770887833,622.1982806248536,477.4109964639297,155072.15915974946,360100.0,205027.84084025054,826.0,275.3333333333333,300.0833333333333,300.0833333333333,1497.6982806248534,0,0,1497.6982806248534
2012-09-01,236900,47380.0,189520.0,fixed,5,0.048,1099.6092770887833,620.2886366389978,479.3206404497855,154592.83851929966,359900.0,205307.16148070034,826.0,275.3333333333333,299.9166666666667,299.9166666666667,1495.4553033056645,0,0,1495.4553033056645
2012-10-01,236900,47380.0,189520.0,fixed,5,0.048,1099.6092770887833,618.3713540771987,481.2379230115846,154111.60059628807,359800.0,205688.39940371193,844.0,281.3333333333333,299.8333333333333,299.8333333333333,1499.3713540771985,0,0,1499.3713540771985
2012-11-01,236900,47380.0,189520.0,fixed,5,0.048,1099.6092770887833,616.4464023851523,483.162874703631,153628.43772158443,359600.0,205971.56227841557,844.0,281.3333333333333,299.6666666666667,299.6666666666667,1497.1130690518191,0,0,1497.1130690518191
2012-12-01,236900,47380.0,189520.0,fixed,5,0.048,1099.6092770887833,614.5137508863377,485.0955262024456,153143.342195382,361000.0,207856.657804618,844.0,281.3333333333333,300.8333333333333,300.8333333333333,1497.5137508863374,0,0,1497.5137508863374
2013-01-01,236900,47380.0,189520.0,fixed,5,0.048,1099.6092770887833,612.573368781528,487.03590830725534,152656.30628707472,360700.0,208043.69371292528,844.0,281.3333333333333,300.5833333333333,300.5833333333333,1495.0733687815277,0,0,1495.0733687815277
2013-02-01,236900,47380.0,189520.0,fixed,5,0.048,1099.6092770887833,610.6252251482989,488.9840519404844,152167.32223513423,361200.0,209032.67776486577,844.0,281.3333333333333,301.0,301.0,1493.9585584816323,0,0,1493.9585584816323
2013-03-01,236900,47380.0,189520.0,fixed,5,0.048,1099.6092770887833,608.669288940537,490.93998814824636,151676.38224698597,361900.0,210223.61775301403,844.0,281.3333333333333,301.5833333333333,301.5833333333333,1493.1692889405367,0,0,1493.1692889405367
2013-04-01,236900,47380.0,189520.0,fixed,5,0.048,1099.6092770887833,606.7055289879439,492.9037481008394,151183.47849888515,362800.0,211616.52150111485,844.0,281.3333333333333,302.3333333333333,302.3333333333333,1492.7055289879438,0,0,1492.7055289879438
2013-05-01,236900,47380.0,189520.0,fixed,5,0.048,1099.6092770887833,604.7339139955405,494.87536309324275,150688.6031357919,363800.0,213111.3968642081,844.0,281.3333333333333,303.1666666666667,303.1666666666667,1492.4005806622074,0,0,1492.4005806622074
2013-06-01,236900,47380.0,189520.0,fixed,5,0.048,1099.6092770887833,602.7544125431676,496.85486454561567,150191.7482712463,365000.0,214808.2517287537,844.0,281.3333333333333,304.1666666666667,304.1666666666667,1492.4210792098345,0,0,1492.4210792098345
2013-07-01,236900,47380.0,189520.0,fixed,5,0.048,1099.6092770887833,600.7669930849852,498.8422840037981,149692.9059872425,366800.0,217107.0940127575,844.0,281.3333333333333,305.6666666666667,305.6666666666667,1493.433659751652,0,0,1493.433659751652
2013-08-01,236900,47380.0,189520.0,fixed,5,0.048,1099.6092770887833,598.77162394897,500.83765313981326,149192.0683341027,368500.0,219307.9316658973,844.0,281.3333333333333,307.0833333333333,307.0833333333333,1494.2716239489698,0,0,1494.2716239489698
2013-09-01,236900,47380.0,189520.0,fixed,5,0.048,1099.6092770887833,596.7682733364107,502.84100375237256,148689.22733035032,370800.0,222110.77266964968,844.0,281.3333333333333,309.0,309.0,1496.1016066697441,0,0,1496.1016066697441
2013-10-01,236900,47380.0,189520.0,fixed,5,0.048,1099.6092770887833,594.7569093214013,504.852367767382,148184.37496258292,373200.0,225015.62503741708,862.0,287.3333333333333,311.0,311.0,1504.0902426547345,0,0,1504.0902426547345
2013-11-01,236900,47380.0,189520.0,fixed,5,0.048,1099.6092770887833,592.7374998503317,506.8717772384516,147677.50318534448,375700.0,228022.49681465552,862.0,287.3333333333333,313.0833333333333,313.0833333333333,1506.2374998503315,0,0,1506.2374998503315
2013-12-01,236900,47380.0,189520.0,fixed,5,0.048,1099.6092770887833,590.7100127413779,508.8992643474054,147168.60392099706,377000.0,229831.39607900294,862.0,287.3333333333333,314.1666666666667,314.1666666666667,1506.3766794080448,0,0,1506.3766794080448
2014-01-01,236900,47380.0,189520.0,fixed,5,0.048,1099.6092770887833,588.6744156839883,510.934861404795,146657.66905959227,378400.0,231742.33094040773,862.0,287.3333333333333,315.3333333333333,315.3333333333333,1506.6744156839882,0,0,1506.6744156839882
2014-02-01,236900,47380.0,189520.0,fixed,5,0.048,1099.6092770887833,586.6306762383691,512.9786008504142,146144.69045874185,380300.0,234155.30954125815,862.0,287.3333333333333,316.9166666666667,316.9166666666667,1507.797342905036,0,0,1507.797342905036
2014-03-01,236900,47380.0,189520.0,fixed,5,0.048,1099.6092770887833,584.5787618349674,515.0305152538159,145629.65994348805,381000.0,235370.34005651195,862.0,287.3333333333333,317.5,317.5,1506.9120951683008,0,0,1506.9120951683008
2014-04-01,236900,47380.0,189520.0,fixed,5,0.048,1099.6092770887833,582.5186397739523,517.090637314831,145112.56930617322,381900.0,236787.43069382678,862.0,287.3333333333333,318.25,318.25,1506.3519731072856,0,0,1506.3519731072856
2014-05-01,236900,47380.0,189520.0,fixed,5,0.048,1099.6092770887833,580.4502772246929,519.1589998640904,144593.41030630912,383300.0,238706.58969369088,862.0,287.3333333333333,319.4166666666667,319.4166666666667,1506.6169438913596,0,0,1506.6169438913596
2014-06-01,236900,47380.0,189520.0,fixed,5,0.048,1099.6092770887833,578.3736412252365,521.2356358635468,144072.17467044556,385200.0,241127.82532955444,862.0,287.3333333333333,321.0,321.0,1507.7069745585698,0,0,1507.7069745585698
2014-07-01,236900,47380.0,189520.0,fixed,5,0.048,1099.6092770887833,576.2886986817822,523.3205784070011,143548.85409203856,386700.0,243151.14590796144,862.0,287.3333333333333,322.25,322.25,1508.1220320151156,0,0,1508.1220320151156
2014-08-01,236900,47380.0,189520.0,fixed,5,0.048,1099.6092770887833,574.1954163681543,525.413860720629,143023.44023131792,388900.0,245876.55976868208,862.0,287.3333333333333,324.0833333333333,324.0833333333333,1509.6954163681542,0,0,1509.6954163681542
2014-09-01,236900,47380.0,189520.0,fixed,5,0.048,1099.6092770887833,572.0937609252717,527.5155161635116,142495.9247151544,391300.0,248804.0752848456,862.0,287.3333333333333,326.0833333333333,326.0833333333333,1511.5937609252715,0,0,1511.5937609252715
2014-10-01,236900,47380.0,189520.0,fixed,5,0.048,1099.6092770887833,569.9836988606176,529.6255782281658,141966.29913692625,394000.0,252033.70086307375,883.0,294.3333333333333,328.3333333333333,328.3333333333333,1520.9836988606173,0,0,1520.9836988606173
2014-11-01,236900,47380.0,189520.0,fixed,5,0.048,1099.6092770887833,567.865196547705,531.7440805410783,141434.55505638517,396600.0,255165.44494361483,883.0,294.3333333333333,330.5,330.5,1523.1985298810382,0,0,1523.1985298810382
2014-12-01,236900,47380.0,189520.0,fixed,5,0.048,1099.6092770887833,565.7382202255407,533.8710568632426,140900.68399952192,399300.0,258399.31600047808,883.0,294.3333333333333,332.75,332.75,1525.571553558874,0,0,1525.571553558874
2015-01-01,236900,47380.0,189520.0,fixed,5,0.039599999999999996,1039.403256895942,464.97225719842226,574.4309996975196,140326.2529998244,401700.0,261373.7470001756,883.0,294.3333333333333,334.75,334.75,1428.8055905317556,0,0,1428.8055905317556
2015-02-01,236900,47380.0,189520.0,fixed,5,0.039599999999999996,1039.403256895942,463.0766348994205,576.3266219965215,139749.92637782788,402900.0,263150.0736221721,883.0,294.3333333333333,335.75,335.75,1428.9099682327537,0,0,1428.9099682327537
2015-03-01,236900,47380.0,189520.0,fixed,5,0.039599999999999996,1039.403256895942,461.1747570468319,578.22849984911,139171.69787797876,404900.0,265728.3021220212,883.0,294.3333333333333,337.4166666666667,337.4166666666667,1430.3414237134987,0,0,1430.3414237134987
2015-04-01,236900,47380.0,189520.0,fixed,5,0.039599999999999996,1039.403256895942,459.26660299732987,580.136653898612,138591.56122408016,407500.0,268908.43877591984,883.0,294.3333333333333,339.5833333333333,339.5833333333333,1432.7666029973298,0,0,1432.7666029973298
2015-05-01,236900,47380.0,189520.0,fixed,5,0.039599999999999996,1039.403256895942,457.35215203946444,582.0511048564774,138009.51011922368,410200.0,272190.4898807763,883.0,294.3333333333333,341.8333333333333,341.8333333333333,1435.3521520394643,0,0,1435.3521520394643
2015-06-01,236900,47380.0,189520.0,fixed,5,0.039599999999999996,1039.403256895942,455.43138339343807,583.9718735025039,137425.53824572117,414100.0,276674.46175427886,883.0,294.3333333333333,345.0833333333333,345.0833333333333,1439.931383393438,0,0,1439.931383393438
2015-07-01,236900,47380.0,189520.0,fixed,5,0.039599999999999996,1039.403256895942,453.50427621087977,585.8989806850622,136839.6392650361,418500.0,281660.3607349639,883.0,294.3333333333333,348.75,348.75,1445.3376095442131,0,0,1445.3376095442131
2015-08-01,236900,47380.0,189520.0,fixed,5,0.039599999999999996,1039.403256895942,451.57080957461903,587.8324473213229,136251.80681771477,422900.0,286648.19318228523,883.0,294.3333333333333,352.4166666666667,352.4166666666667,1450.7374762412858,0,0,1450.7374762412858
2015-09-01,236900,47380.0,189520.0,fixed,5,0.039599999999999996,1039.403256895942,449.63096249845864,589.7722943974833,135662.03452331727,426600.0,290937.96547668276,883.0,294.3333333333333,355.5,355.5,1454.964295831792,0,0,1454.964295831792
2015-10-01,236900,47380.0,189520.0,fixed,5,0.039599999999999996,1039.403256895942,447.6847139269469,591.718542968995,135070.31598034827,430700.0,295629.68401965173,907.0,302.3333333333333,358.9166666666667,358.9166666666667,1467.8513805936136,0,0,1467.8513805936136
2015-11-01,236900,47380.0,189520.0,fixed,5,0.039599999999999996,1039.403256895942,445.7320427351492,593.6712141607927,134476.64476618747,435100.0,300623.35523381253,907.0,302.3333333333333,362.5833333333333,362.5833333333333,1473.232042735149,0,0,1473.232042735149
2015-12-01,236900,47380.0,189520.0,fixed,5,0.039599999999999996,1039.403256895942,443.7729277284186,595.6303291675233,133881.01443701994,439300.0,305418.98556298006,907.0,302.3333333333333,366.0833333333333,366.0833333333333,1478.2729277284184,0,0,1478.2729277284184
2016-01-01,236900,47380.0,189520.0,fixed,5,0.039599999999999996,1039.403256895942,441.8073476421657,597.5959092537762,133283.41852776616,444300.0,311016.58147223387,907.0,302.3333333333333,370.25,370.25,1484.640680975499,0,0,1484.640680975499
2016-02-01,236900,47380.0,189520.0,fixed,5,0.039599999999999996,1039.403256895942,439.8352811416283,599.5679757543137,132683.85055201183,450600.0,317916.14944798814,907.0,302.3333333333333,375.5,375.5,1493.1686144749615,0,0,1493.1686144749615
2016-03-01,236900,47380.0,189520.0,fixed,5,0.039599999999999996,1039.403256895942,437.85670682163897,601.546550074303,132082.30400193753,457200.0,325117.6959980625,907.0,302.3333333333333,381.0,381.0,1502.1900401549724,0,0,1502.1900401549724
2016-04-01,236900,47380.0,189520.0,fixed,5,0.039599999999999996,1039.403256895942,435.8716032063938,603.5316536895482,131478.772348248,464700.0,333221.227651752,907.0,302.3333333333333,387.25,387.25,1512.704936539727,0,0,1512.704936539727
2016-05-01,236900,47380.0,189520.0,fixed,5,0.039599999999999996,1039.403256895942,433.87994874921833,605.5233081467236,130873.24904010126,473200.0,342326.75095989875,907.0,302.3333333333333,394.3333333333333,394.3333333333333,1524.879948749218,0,0,1524.879948749218
2016-06-01,236900,47380.0,189520.0,fixed,5,0.039599999999999996,1039.403256895942,431.8817218323341,607.5215350636079,130265.72750503765,481000.0,350734.2724949623,907.0,302.3333333333333,400.8333333333333,400.8333333333333,1535.881721832334,0,0,1535.881721832334
2016-07-01,236900,47380.0,189520.0,fixed,5,0.039599999999999996,1039.403256895942,429.8769007666242,609.5263561293177,129656.20114890832,488300.0,358643.79885109165,907.0,302.3333333333333,406.9166666666667,406.9166666666667,1546.043567433291,0,0,1546.043567433291
2016-08-01,236900,47380.0,189520.0,fixed,5,0.039599999999999996,1039.403256895942,427.8654637913974,611.5377931045446,129044.66335580377,493100.0,364055.33664419624,907.0,302.3333333333333,410.9166666666667,410.9166666666667,1552.032130458064,0,0,1552.032130458064
2016-09-01,236900,47380.0,189520.0,fixed,5,0.039599999999999996,1039.403256895942,425.8473890741524,613.5558678217895,128431.10748798198,498100.0,369668.89251201804,907.0,302.3333333333333,415.0833333333333,415.0833333333333,1558.3473890741523,0,0,1558.3473890741523
2016-10-01,236900,47380.0,189520.0,fixed,5,0.039599999999999996,1039.403256895942,423.8226547103405,615.5806021856015,127815.52688579638,501200.0,373384.4731142036,926.0,308.6666666666667,417.6666666666667,417.6666666666667,1567.8226547103407,0,0,1567.8226547103407
2016-11-01,236900,47380.0,189520.0,fixed,5,0.039599999999999996,1039.403256895942,421.791238723128,617.6120181728139,127197.91486762356,505200.0,378002.0851323764,926.0,308.6666666666667,421.0,421.0,1572.4579053897946,0,0,1572.4579053897946
2016-12-01,236900,47380.0,189520.0,fixed,5,0.039599999999999996,1039.403256895942,419.7531190631577,619.6501378327841,126578.26472979078,508000.0,381421.7352702092,926.0,308.6666666666667,423.3333333333333,423.3333333333333,1575.086452396491,0,0,1575.086452396491
2017-01-01,236900,47380.0,189520.0,fixed,5,0.039599999999999996,1039.403256895942,417.7082736083095,621.6949832876323,125956.56974650316,514800.0,388843.43025349686,926.0,308.6666666666667,429.0,429.0,1584.3749402749763,0,0,1584.3749402749763
2017-02-01,236900,47380.0,189520.0,fixed,5,0.039599999999999996,1039.403256895942,415.65668016346035,623.7465767324816,125332.82316977068,527300.0,401967.17683022935,926.0,308.6666666666667,439.4166666666667,439.4166666666667,1603.1566801634606,0,0,1603.1566801634606
2017-03-01,236900,47380.0,189520.0,fixed,5,0.039599999999999996,1039.403256895942,413.5983164602432,625.8049404356987,124707.01822933498,541000.0,416292.98177066504,926.0,308.6666666666667,450.8333333333333,450.8333333333333,1623.9316497935765,0,0,1623.9316497935765
2017-04-01,236900,47380.0,189520.0,fixed,5,0.039599999999999996,1039.403256895942,411.53316015680537,627.8700967391366,124079.14813259584,547100.0,423020.8518674042,926.0,308.6666666666667,455.9166666666667,455.9166666666667,1632.0331601568055,0,0,1632.0331601568055
2017-05-01,236900,47380.0,189520.0,fixed,5,0.039599999999999996,1039.403256895942,409.4611888375662,629.9420680583758,123449.20606453747,544800.0,421350.79393546254,926.0,308.6666666666667,454.0,454.0,1626.127855504233,0,0,1626.127855504233
2017-06-01,236900,47380.0,189520.0,fixed,5,0.039599999999999996,1039.403256895942,407.3823800129736,632.0208768829683,122817.18518765451,540600.0,417782.8148123455,926.0,308.6666666666667,450.5,450.5,1617.0490466796402,0,0,1617.0490466796402
2017-07-01,236900,47380.0,189520.0,fixed,5,0.039599999999999996,1039.403256895942,405.29671111925984,634.1065457766821,122183.07864187783,535500.0,413316.92135812214,926.0,308.6666666666667,446.25,446.25,1606.4633777859265,0,0,1606.4633777859265
2017-08-01,236900,47380.0,189520.0,fixed,5,0.039599999999999996,1039.403256895942,403.2041595181968,636.1990973777451,121546.87954450009,533900.0,412353.1204554999,926.0,308.6666666666667,444.9166666666667,444.9166666666667,1601.704159518197,0,0,1601.704159518197
2017-09-01,236900,47380.0,189520.0,fixed,5,0.039599999999999996,1039.403256895942,401.1047024968502,638.2985543990917,120908.58099010099,533400.0,412491.419009899,926.0,308.6666666666667,444.5,444.5,1598.771369163517,0,0,1598.771369163517
2017-10-01,236900,47380.0,189520.0,fixed,5,0.039599999999999996,1039.403256895942,398.9983172673332,640.4049396286086,120268.17605047238,534400.0,414131.82394952764,956.0,318.6666666666667,445.3333333333333,445.3333333333333,1608.3316506006665,0,0,1608.3316506006665
2017-11-01,236900,47380.0,189520.0,fixed,5,0.039599999999999996,1039.403256895942,396.88498096655877,642.5182759293832,119625.657774543,535600.0,415974.342225457,956.0,318.6666666666667,446.3333333333333,446.3333333333333,1608.218314299892,0,0,1608.218314299892
2017-12-01,236900,47380.0,189520.0,fixed,5,0.039599999999999996,1039.403256895942,394.76467065599184,644.6385862399501,118981.01918830305,536700.0,417718.98081169697,956.0,318.6666666666667,447.25,447.25,1607.9313373226585,0,0,1607.9313373226585
2018-01-01,236900,47380.0,189520.0,fixed,5,0.039599999999999996,1039.403256895942,392.6373633214,646.7658935745419,118334.2532947285,535100.0,416765.7467052715,956.0,318.6666666666667,445.9166666666667,445.9166666666667,1603.1373633214002,0,0,1603.1373633214002
2018-02-01,236900,47380.0,189520.0,fixed,5,0.039599999999999996,1039.403256895942,390.503035872604,648.900221023338,117685.35307370516,533300.0,415614.64692629484,956.0,318.6666666666667,444.4166666666667,444.4166666666667,1598.0030358726042,0,0,1598.0030358726042
2018-03-01,236900,47380.0,189520.0,fixed,5,0.039599999999999996,1039.403256895942,388.36166514322696,651.041591752715,117034.31148195245,532000.0,414965.68851804757,956.0,318.6666666666667,443.3333333333333,443.3333333333333,1593.6949984765602,0,0,1593.6949984765602
2018-04-01,236900,47380.0,189520.0,fixed,5,0.039599999999999996,1039.403256895942,386.213227890443,653.1900290054989,116381.12145294694,530600.0,414218.8785470531,956.0,318.6666666666667,442.1666666666667,442.1666666666667,1589.2132278904432,0,0,1589.2132278904432
2018-05-01,236900,47380.0,189520.0,fixed,5,0.039599999999999996,1039.403256895942,384.05770079472484,655.3455561012171,115725.77589684572,530300.0,414574.22410315427,956.0,318.6666666666667,441.9166666666667,441.9166666666667,1586.557700794725,0,0,1586.557700794725
2018-06-01,236900,47380.0,189520.0,fixed,5,0.039599999999999996,1039.403256895942,381.8950604595908,657.5081964363511,115068.26770040937,529600.0,414531.7322995906,956.0,318.6666666666667,441.3333333333333,441.3333333333333,1583.228393792924,0,0,1583.228393792924
2018-07-01,236900,47380.0,189520.0,fixed,5,0.039599999999999996,1039.403256895942,379.72528341135086,659.6779734845911,114408.58972692478,530100.0,415691.4102730752,956.0,318.6666666666667,441.75,441.75,1581.8919500780175,0,0,1581.8919500780175
2018-08-01,236900,47380.0,189520.0,fixed,5,0.039599999999999996,1039.403256895942,377.5483460988517,661.8549107970903,113746.73481612769,529600.0,415853.2651838723,956.0,318.6666666666667,441.3333333333333,441.3333333333333,1578.881679432185,0,0,1578.881679432185
2018-09-01,236900,47380.0,189520.0,fixed,5,0.039599999999999996,1039.403256895942,375.3642248932213,664.0390320027207,113082.69578412497,529100.0,416017.30421587505,956.0,318.6666666666667,440.9166666666667,440.9166666666667,1575.8642248932215,0,0,1575.8642248932215
2018-10-01,236900,47380.0,189520.0,fixed,5,0.039599999999999996,1039.403256895942,373.17289608761234,666.2303608083296,112416.46542331664,528600.0,416183.53457668336,997.0,332.3333333333333,440.5,440.5,1586.5062294209456,0,0,1586.5062294209456
2018-11-01,236900,47380.0,189520.0,fixed,5,0.039599999999999996,1039.403256895942,370.97433589694486,668.428920998997,111748.03650231764,525900.0,414151.96349768236,997.0,332.3333333333333,438.25,438.25,1579.8076692302782,0,0,1579.8076692302782
2018-12-01,236900,47380.0,189520.0,fixed,5,0.039599999999999996,1039.403256895942,368.76852045764815,670.6347364382938,111077.40176587935,524400.0,413322.59823412064,997.0,332.3333333333333,437.0,437.0,1575.1018537909815,0,0,1575.1018537909815
2019-01-01,236900,47380.0,189520.0,fixed,5,0.039599999999999996,1039.403256895942,366.5554258274018,672.8478310685401,110404.5539348108,519400.0,408995.4460651892,997.0,332.3333333333333,432.8333333333333,432.8333333333333,1564.5554258274017,0,0,1564.5554258274017
2019-02-01,236900,47380.0,189520.0,fixed,5,0.039599999999999996,1039.403256895942,364.3350279848756,675.0682289110664,109729.48570589973,513500.0,403770.5142941003,997.0,332.3333333333333,427.9166666666667,427.9166666666667,1552.5016946515423,0,0,1552.5016946515423
2019-03-01,236900,47380.0,189520.0,fixed,5,0.039599999999999996,1039.403256895942,362.10730282946906,677.2959540664729,109052.18975183326,510600.0,401547.81024816673,997.0,332.3333333333333,425.5,425.5,1545.4406361628023,0,0,1545.4406361628023
2019-04-01,236900,47380.0,189520.0,fixed,5,0.039599999999999996,1039.403256895942,359.8722261810497,679.5310307148923,108372.65872111837,510700.0,402327.34127888165,997.0,332.3333333333333,425.5833333333333,425.5833333333333,1543.3722261810497,0,0,1543.3722261810497
2019-05-01,236900,47380.0,189520.0,fixed,5,0.039599999999999996,1039.403256895942,357.62977377969054,681.7734831162513,107690.88523800211,511400.0,403709.1147619979,997.0,332.3333333333333,426.1666666666667,426.1666666666667,1542.2964404463573,0,0,1542.2964404463573
2019-06-01,236900,47380.0,189520.0,fixed,5,0.039599999999999996,1039.403256895942,355.3799212854069,684.023335610535,107006.86190239158,514400.0,407393.1380976084,997.0,332.3333333333333,428.6666666666667,428.6666666666667,1545.0465879520737,0,0,1545.0465879520737
2019-07-01,236900,47380.0,189520.0,fixed,5,0.039599999999999996,1039.403256895942,353.12264427789216,686.2806126180498,106320.58128977353,517200.0,410879.4187102265,997.0,332.3333333333333,431.0,431.0,1547.4559776112255,0,0,1547.4559776112255
2019-08-01,236900,47380.0,189520.0,fixed,5,0.039599999999999996,1039.403256895942,350.8579182562526,688.5453386396894,105632.03595113385,519500.0,413867.9640488662,997.0,332.3333333333333,432.9166666666667,432.9166666666667,1549.0245849229193,0,0,1549.0245849229193
2019-09-01,236900,47380.0,189520.0,fixed,5,0.039599999999999996,1039.403256895942,348.58571863874164,690.8175382572003,104941.21841287665,522300.0,417358.78158712335,997.0,332.3333333333333,435.25,435.25,1551.419051972075,0,0,1551.419051972075
2019-10-01,236900,47380.0,189520.0,fixed,5,0.039599999999999996,1039.403256895942,346.3060207624929,693.0972361334491,104248.12117674321,525600.0,421351.8788232568,1049.0,349.6666666666667,438.0,438.0,1571.9726874291596,0,0,1571.9726874291596
2019-11-01,236900,47380.0,189520.0,fixed,5,0.039599999999999996,1039.403256895942,344.01879988325254,695.3844570126894,103552.73671973051,527800.0,424247.26328026946,1049.0,349.6666666666667,439.8333333333333,439.8333333333333,1573.3521332165858,0,0,1573.3521332165858
2019-12-01,236900,47380.0,189520.0,fixed,5,0.039599999999999996,1039.403256895942,341.72403117511067,697.6792257208313,102855.05749400968,529800.0,426944.94250599033,1049.0,349.6666666666667,441.5,441.5,1574.3906978417774,0,0,1574.3906978417774
2020-01-01,236900,47380.0,189520.0,fixed,5,0.0408,1045.272552081111,349.70719547963296,695.565356601478,102159.4921374082,531800.0,429640.50786259177,1049.0,349.6666666666667,443.1666666666667,443.1666666666667,1585.7071954796331,0,0,1585.7071954796331
2020-02-01,236900,47380.0,189520.0,fixed,5,0.0408,1045.272552081111,347.3422732671879,697.930278813923,101461.56185859429,534200.0,432738.4381414057,1049.0,349.6666666666667,445.1666666666667,445.1666666666667,1587.3422732671881,0,0,1587.3422732671881
2020-03-01,236900,47380.0,189520.0,fixed,5,0.0408,1045.272552081111,344.9693103192206,700.3032417618904,100761.25861683239,535300.0,434538.7413831676,1049.0,349.6666666666667,446.0833333333333,446.0833333333333,1586.8026436525538,0,0,1586.8026436525538
2020-04-01,236900,47380.0,189520.0,fixed,5,0.0408,1045.272552081111,342.58827929723014,702.6842727838807,100058.57434404851,528000.0,427941.4256559515,1049.0,349.6666666666667,440.0,440.0,1572.2549459638967,0,0,1572.2549459638967
2020-05-01,236900,47380.0,189520.0,fixed,5,0.0408,1045.272552081111,340.19915276976496,705.073399311346,99353.50094473717,531900.0,432546.49905526283,1049.0,349.6666666666667,443.25,443.25,1576.3658194364316,0,0,1576.3658194364316
2020-06-01,236900,47380.0,189520.0,fixed,5,0.0408,1045.272552081111,337.8019032121064,707.4706488690044,98646.03029586817,542500.0,443853.9697041318,1049.0,349.6666666666667,452.0833333333333,452.0833333333333,1591.6352365454397,0,0,1591.6352365454397
2020-07-01,236900,47380.0,189520.0,fixed,5,0.0408,1045.272552081111,335.3965030059518,709.8760490751591,97936.15424679301,555600.0,457663.845753207,1049.0,349.6666666666667,463.0,463.0,1611.0631696726184,0,0,1611.0631696726184
2020-08-01,236900,47380.0,189520.0,fixed,5,0.0408,1045.272552081111,332.9829244390963,712.2896276420147,97223.86461915099,568300.0,471076.135380849,1049.0,349.6666666666667,473.5833333333333,473.5833333333333,1629.8162577724295,0,0,1629.8162577724295
2020-09-01,236900,47380.0,189520.0,fixed,5,0.0408,1045.272552081111,330.5611397051134,714.7114123759975,96509.153206775,577200.0,480690.84679322504,1049.0,349.6666666666667,481.0,481.0,1642.2278063717802,0,0,1642.2278063717802
2020-10-01,236900,47380.0,189520.0,fixed,5,0.0408,1045.272552081111,328.131120903035,717.1414311780759,95792.01177559691,584200.0,488407.9882244031,1097.0,365.6666666666667,486.8333333333333,486.8333333333333,1667.4644542363683,0,0,1667.4644542363683
2020-11-01,236900,47380.0,189520.0,fixed,5,0.0408,1045.272552081111,325.6928400370295,719.5797120440814,95072.43206355283,592900.0,497827.56793644716,1097.0,365.6666666666667,494.0833333333333,494.0833333333333,1679.5261733703628,0,0,1679.5261733703628
2020-12-01,236900,47380.0,189520.0,fixed,5,0.0408,1045.272552081111,323.2462690160796,722.0262830650313,94350.4057804878,602700.0,508349.5942195122,1097.0,365.6666666666667,502.25,502.25,1693.4129356827464,0,0,1693.4129356827464
2021-01-01,236900,47380.0,189520.0,fixed,5,0.0408,1045.272552081111,320.7913796536585,724.4811724274524,93625.92460806035,616600.0,522974.07539193967,1097.0,365.6666666666667,513.8333333333334,513.8333333333334,1714.124712986992,0,0,1714.124712986992
2021-02-01,236900,47380.0,189520.0,fixed,5,0.0408,1045.272552081111,318.3281436674052,726.9444084137058,92898.98019964664,634600.0,541701.0198003533,1097.0,365.6666666666667,528.8333333333334,528.8333333333334,1741.6614770007386,0,0,1741.6614770007386
2021-03-01,236900,47380.0,189520.0,fixed,5,0.0408,1045.272552081111,315.8565326787986,729.4160194023123,92169.56418024433,654000.0,561830.4358197557,1097.0,365.6666666666667,545.0,545.0,1771.5231993454654,0,0,1771.5231993454654
2021-04-01,236900,47380.0,189520.0,fixed,5,0.0408,1045.272552081111,313.3765182128307,731.8960338682803,91437.66814637605,664600.0,573162.331853624,1097.0,365.6666666666667,553.8333333333334,553.8333333333334,1786.7098515461644,0,0,1786.7098515461644
2021-05-01,236900,47380.0,189520.0,fixed,5,0.0408,1045.272552081111,310.8880716976786,734.3844803834323,90703.28366599261,676200.0,585496.7163340074,1097.0,365.6666666666667,563.5,563.5,1803.5547383643452,0,0,1803.5547383643452
2021-06-01,236900,47380.0,189520.0,fixed,5,0.0408,1045.272552081111,308.3911644643749,736.881387616736,89966.40227837587,685500.0,595533.5977216242,1097.0,365.6666666666667,571.25,571.25,1816.5578311310417,0,0,1816.5578311310417
2021-07-01,236900,47380.0,189520.0,fixed,5,0.0408,1045.272552081111,305.885767746478,739.3867843346329,89227.01549404123,693100.0,603872.9845059587,1097.0,365.6666666666667,577.5833333333334,577.5833333333334,1826.7191010798115,0,0,1826.7191010798115
2021-08-01,236900,47380.0,189520.0,fixed,5,0.0408,1045.272552081111,303.3718526797402,741.9006994013707,88485.11479463986,702600.0,614114.8852053601,1097.0,365.6666666666667,585.5,585.5,1840.038519346407,0,0,1840.038519346407
2021-09-01,236900,47380.0,189520.0,fixed,5,0.0408,1045.272552081111,300.84939030177554,744.4231617793354,87740.69163286051,716800.0,629059.3083671394,1097.0,365.6666666666667,597.3333333333334,597.3333333333334,1861.1827236351091,0,0,1861.1827236351091
2021-10-01,236900,47380.0,189520.0,fixed,5,0.0408,1045.272552081111,298.31835155172575,746.9542005293852,86993.73743233112,733200.0,646206.2625676689,1134.0,378.0,611.0,611.0,1898.3183515517258,0,0,1898.3183515517258
2021-11-01,236900,47380.0,189520.0,fixed,5,0.0408,1045.272552081111,295.77870726992586,749.493844811185,86244.24358751994,750300.0,664055.75641248,1134.0,378.0,625.25,625.25,1924.278707269926,0,0,1924.278707269926
2021-12-01,236900,47380.0,189520.0,fixed,5,0.0408,1045.272552081111,293.23042819756785,752.0421238835431,85492.2014636364,766400.0,680907.7985363636,1134.0,378.0,638.6666666666666,638.6666666666666,1948.563761530901,0,0,1948.563761530901
2022-01-01,236900,47380.0,189520.0,fixed,5,0.0408,1045.272552081111,290.6734849763638,754.5990671047471,84737.60239653166,801800.0,717062.3976034684,1134.0,378.0,668.1666666666666,668.1666666666666,2005.0068183096969,0,0,2005.0068183096969
2022-02-01,236900,47380.0,189520.0,fixed,5,0.0408,1045.272552081111,288.10784814820767,757.1647039329032,83980.43769259876,827600.0,743619.5623074012,1134.0,378.0,689.6666666666666,689.6666666666666,2045.4411814815408,0,0,2045.4411814815408
2022-03-01,236900,47380.0,189520.0,fixed,5,0.0408,1045.272552081111,285.5334881548358,759.7390639262751,83220.69862867249,826900.0,743679.3013713275,1134.0,378.0,689.0833333333334,689.0833333333334,2041.7001548215026,0,0,2041.7001548215026
2022-04-01,236900,47380.0,189520.0,fixed,5,0.0408,1045.272552081111,282.9503753374865,762.3221767436244,82458.37645192887,808700.0,726241.6235480711,1134.0,378.0,673.9166666666666,673.9166666666666,2008.7837086708196,0,0,2008.7837086708196
2022-05-01,236900,47380.0,189520.0,fixed,5,0.0408,1045.272552081111,280.3584799365582,764.9140721445527,81693.46237978431,791600.0,709906.5376202157,1134.0,378.0,659.6666666666666,659.6666666666666,1977.6918132698916,0,0,1977.6918132698916
2022-06-01,236900,47380.0,189520.0,fixed,5,0.0408,1045.272552081111,277.75777209126665,767.5147799898443,80925.94759979447,770800.0,689874.0524002055,1134.0,378.0,642.3333333333334,642.3333333333334,1940.4244387579333,0,0,1940.4244387579333
2022-07-01,236900,47380.0,189520.0,fixed,5,0.0408,1045.272552081111,275.1482218393012,770.1243302418097,80155.82326955265,751500.0,671344.1767304473,1134.0,378.0,626.25,626.25,1905.6482218393012,0,0,1905.6482218393012
2022-08-01,236900,47380.0,189520.0,fixed,5,0.0408,1045.272552081111,272.529799116479,772.7427529646319,79383.08051658802,736800.0,657416.9194834119,1134.0,378.0,614.0,614.0,1878.529799116479,0,0,1878.529799116479
2022-09-01,236900,47380.0,189520.0,fixed,5,0.0408,1045.272552081111,269.9024737563993,775.3700783247116,78607.7104382633,726500.0,647892.2895617367,1134.0,378.0,605.4166666666666,605.4166666666666,1858.7358070897326,0,0,1858.7358070897326
2022-10-01,236900,47380.0,189520.0,fixed,5,0.0408,1045.272552081111,267.26621549009525,778.0063365910157,77829.70410167228,718400.0,640570.2958983277,1214.0,404.6666666666667,598.6666666666666,598.6666666666666,1869.266215490095,0,0,1869.266215490095
2022-11-01,236900,47380.0,189520.0,fixed,5,0.0408,1045.272552081111,264.62099394568577,780.6515581354251,77049.05254353685,711500.0,634450.9474564631,1214.0,404.6666666666667,592.9166666666666,592.9166666666666,1855.1209939456858,0,0,1855.1209939456858
2022-12-01,236900,47380.0,189520.0,fixed,5,0.0408,1045.272552081111,261.9667786480253,783.3057734330856,76265.74677010377,703500.0,627234.2532298962,1214.0,404.6666666666667,586.25,586.25,1839.133445314692,0,0,1839.133445314692
2023-01-01,236900,47380.0,189520.0,fixed,5,0.0408,1045.272552081111,259.3035390183528,785.9690130627581,75479.77775704101,696600.0,621120.222242959,1214.0,404.6666666666667,580.5,580.5,1824.9702056850194,0,0,1824.9702056850194
2023-02-01,236900,47380.0,189520.0,fixed,5,0.0408,1045.272552081111,256.63124437393947,788.6413077071714,74691.13644933383,695000.0,620308.8635506661,1214.0,404.6666666666667,579.1666666666666,579.1666666666666,1819.6312443739394,0,0,1819.6312443739394
2023-03-01,236900,47380.0,189520.0,fixed,5,0.0408,1045.272552081111,253.94986392773504,791.3226881533759,73899.81376118046,698400.0,624500.1862388195,1214.0,404.6666666666667,582.0,582.0,1822.6165305944019,0,0,1822.6165305944019
2023-04-01,236900,47380.0,189520.0,fixed,5,0.0408,1045.272552081111,251.25936678801358,794.0131852930973,73105.80057588736,710800.0,637694.1994241127,1214.0,404.6666666666667,592.3333333333334,592.3333333333334,1840.5927001213472,0,0,1840.5927001213472
2023-05-01,236900,47380.0,189520.0,fixed,5,0.0408,1045.272552081111,248.55972195801704,796.7128301230939,72309.08774576426,722400.0,650090.9122542357,1214.0,404.6666666666667,602.0,602.0,1857.2263886246838,0,0,1857.2263886246838
2023-06-01,236900,47380.0,189520.0,fixed,5,0.0408,1045.272552081111,245.85089833559852,799.4216537455125,71509.66609201876,731300.0,659790.3339079813,1214.0,404.6666666666667,609.4166666666666,609.4166666666666,1869.3508983355982,0,0,1869.3508983355982
2023-07-01,236900,47380.0,189520.0,fixed,5,0.0408,1045.272552081111,243.13286471286378,802.1396873682471,70707.5264046505,736100.0,665392.4735953495,1214.0,404.6666666666667,613.4166666666666,613.4166666666666,1874.6328647128635,0,0,1874.6328647128635
2023-08-01,236900,47380.0,189520.0,fixed,5,0.0408,1045.272552081111,240.40558977581173,804.8669623052992,69902.6594423452,735400.0,665497.3405576549,1214.0,404.6666666666667,612.8333333333334,612.8333333333334,1870.7389231091452,0,0,1870.7389231091452
2023-09-01,236900,47380.0,189520.0,fixed,5,0.0408,1045.272552081111,237.6690421039737,807.6035099771373,69095.05593236806,730100.0,661004.944067632,1214.0,404.6666666666667,608.4166666666666,608.4166666666666,1859.1690421039734,0,0,1859.1690421039734
2023-10-01,236900,47380.0,189520.0,fixed,5,0.0408,1045.272552081111,234.92319017005144,810.3493619110595,68284.706570457,722500.0,654215.293429543,1314.0,438.0,602.0833333333334,602.0833333333334,1877.0898568367184,0,0,1877.0898568367184
2023-11-01,236900,47380.0,189520.0,fixed,5,0.0408,1045.272552081111,232.16800233955382,813.1045497415571,67471.60202071544,712600.0,645128.3979792845,1314.0,438.0,593.8333333333334,593.8333333333334,1857.8346690062208,0,0,1857.8346690062208
2023-12-01,236900,47380.0,189520.0,fixed,5,0.0408,1045.272552081111,229.4034468704325,815.8691052106784,66655.73291550476,706600.0,639944.2670844953,1314.0,438.0,588.8333333333334,588.8333333333334,1845.0701135370991,0,0,1845.0701135370991
2024-01-01,236900,47380.0,189520.0,fixed,5,0.0408,1045.272552081111,226.62949191271622,818.6430601683946,65837.08985533637,702200.0,636362.9101446636,1314.0,438.0,585.1666666666666,585.1666666666666,1834.9628252460493,0,0,1834.9628252460493
2024-02-01,236900,47380.0,189520.0,fixed,5,0.0408,1045.272552081111,223.84610550814367,821.4264465729673,65015.6634087634,703700.0,638684.3365912366,1314.0,438.0,586.4166666666666,586.4166666666666,1834.679438841477,0,0,1834.679438841477
2024-03-01,236900,47380.0,189520.0,fixed,5,0.0408,1045.272552081111,221.05325558979558,824.2192964913154,64191.44411227209,705100.0,640908.5558877279,1314.0,438.0,587.5833333333334,587.5833333333334,1834.2199222564623,0,0,1834.2199222564623
2024-04-01,236900,47380.0,189520.0,fixed,5,0.0408,1045.272552081111,218.25090998172513,827.0216420993858,63364.4224701727,703700.0,640335.5775298272,1314.0,438.0,586.4166666666666,586.4166666666666,1829.0842433150583,0,0,1829.0842433150583
2024-05-01,236900,47380.0,189520.0,fixed,5,0.0408,1045.272552081111,215.4390363985872,829.8335156825237,62534.58895449017,701900.0,639365.4110455099,1314.0,438.0,584.9166666666666,584.9166666666666,1823.2723697319202,0,0,1823.2723697319202
2024-06-01,236900,47380.0,189520.0,fixed,5,0.0408,1045.272552081111,212.6176024452666,832.6549496358443,61701.93400485433,703700.0,641998.0659951457,1314.0,438.0,586.4166666666666,586.4166666666666,1823.4509357785996,0,0,1823.4509357785996
2024-07-01,236900,47380.0,189520.0,fixed,5,0.0408,1045.272552081111,209.78657561650473,835.4859764646062,60866.44802838973,703900.0,643033.5519716103,1314.0,438.0,586.5833333333334,586.5833333333334,1820.9532422831717,0,0,1820.9532422831717
2024-08-01,236900,47380.0,189520.0,fixed,5,0.0408,1045.272552081111,206.94592329652508,838.3266287845859,60028.121399605145,703300.0,643271.8786003948,1314.0,438.0,586.0833333333334,586.0833333333334,1817.112589963192,0,0,1817.112589963192
2024-09-01,236900,47380.0,189520.0,fixed,5,0.0408,1045.272552081111,204.0956127586575,841.1769393224534,59186.94446028269,702100.0,642913.0555397173,1314.0,438.0,585.0833333333334,585.0833333333334,1812.2622794253243,0,0,1812.2622794253243
2024-10-01,236900,47380.0,189520.0,fixed,5,0.0408,1045.272552081111,201.23561116496117,844.0369409161498,58342.90751936654,700000.0,641657.0924806334,1402.0,467.3333333333333,583.3333333333334,583.3333333333334,1835.2356111649615,0,0,1835.2356111649615
2024-11-01,236900,47380.0,189520.0,fixed,5,0.0408,1045.272552081111,198.36588556584624,846.9066665152646,57496.00085285128,701300.0,643803.9991471487,1402.0,467.3333333333333,584.4166666666666,584.4166666666666,1834.532552232513,0,0,1834.532552232513
2024-12-01,236900,47380.0,189520.0,fixed,5,0.0408,1045.272552081111,195.48640289969435,849.7861491814166,56646.21470366986,700400.0,643753.7852963301,1402.0,467.3333333333333,583.6666666666666,583.6666666666666,1830.153069566361,0,0,1830.153069566361
2025-01-01,236900,47380.0,189520.0,fixed,5,0.053099999999999994,1077.0477661807868,250.65950006373907,826.3882661170477,55819.82643755281,700400.0,644580.1735624472,1402.0,467.3333333333333,583.6666666666666,583.6666666666666,1885.3261667304055,0,0,1885.3261667304055
2025-02-01,236900,47380.0,189520.0,fixed,5,0.053099999999999994,1077.0477661807868,247.00273198617114,830.0450341946156,54989.781403358196,694900.0,639910.2185966418,1402.0,467.3333333333333,579.0833333333334,579.0833333333334,1872.502731986171,0,0,1872.502731986171
2025-03-01,236900,47380.0,189520.0,fixed,5,0.053099999999999994,1077.0477661807868,243.32978270985998,833.7179834709268,54156.06341988727,690700.0,636543.9365801127,1402.0,467.3333333333333,575.5833333333334,575.5833333333334,1861.82978270986,0,0,1861.82978270986
2025-04-01,236900,47380.0,189520.0,fixed,5,0.053099999999999994,1077.0477661807868,239.64058063300115,837.4071855477856,53318.65623433948,685400.0,632081.3437656605,1402.0,467.3333333333333,571.1666666666666,571.1666666666666,1849.3072472996678,0,0,1849.3072472996678
2025-05-01,236900,47380.0,189520.0,fixed,5,0.053099999999999994,1077.0477661807868,235.93505383695216,841.1127123438346,52477.54352199565,684500.0,632022.4564780043,1402.0,467.3333333333333,570.4166666666666,570.4166666666666,1844.1017205036187,0,0,1844.1017205036187
2025-06-01,236900,47380.0,189520.0,fixed,5,0.053099999999999994,1077.0477661807868,232.2131300848307,844.8346360959561,51632.708885899694,681300.0,629667.2911141003,1402.0,467.3333333333333,567.75,567.75,1835.046463418164,0,0,1835.046463418164
2025-07-01,236900,47380.0,189520.0,fixed,5,0.053099999999999994,1077.0477661807868,228.4747368201061,848.5730293606807,50784.13585653901,680200.0,629415.864143461,1402.0,467.3333333333333,566.8333333333334,566.8333333333334,1829.474736820106,0,0,1829.474736820106
2025-08-01,236900,47380.0,189520.0,fixed,5,0.053099999999999994,1077.0477661807868,224.7198011651851,852.3279650156016,49931.80789152341,678600.0,628668.1921084765,1402.0,467.3333333333333,565.5,565.5,1823.0531344985184,0,0,1823.0531344985184
2025-09-01,236900,47380.0,189520.0,fixed,5,0.053099999999999994,1077.0477661807868,220.94824991999104,856.0995162607958,49075.70837526261,677600.0,628524.2916247374,1402.0,467.3333333333333,564.6666666666666,564.6666666666666,1817.6149165866577,0,0,1817.6149165866577
2025-10-01,236900,47380.0,189520.0,fixed,5,0.053099999999999994,1077.0477661807868,217.16000956053702,859.8877566202498,48215.82061864236,677000.0,628784.1793813576,1488.0,496.0,564.1666666666666,564.1666666666666,1841.4933428938702,0,0,1841.4933428938702
2025-11-01,236900,47380.0,189520.0,fixed,5,0.053099999999999994,1077.0477661807868,213.35500623749243,863.6927599432943,47352.12785869907,673800.0,626447.8721413009,1488.0,496.0,561.5,561.5,1832.3550062374925,0,0,1832.3550062374925
2025-12-01,236900,47380.0,189520.0,fixed,5,0.053099999999999994,1077.0477661807868,209.53316577474334,867.5146004060434,46484.61325829302,671100.0,624615.386741707,1488.0,496.0,559.25,559.25,1824.0331657747433,0,0,1824.0331657747433
2026-01-01,236900,47380.0,189520.0,fixed,5,0.053099999999999994,1077.0477661807868,205.69441366794658,871.3533525128402,45613.259905780185,665400.0,619786.7400942198,1488.0,496.0,554.5,554.5,1810.6944136679467,0,0,1810.6944136679467
2026-02-01,236900,47380.0,189520.0,fixed,5,0.053099999999999994,1077.0477661807868,201.83867508307728,875.2090910977095,44738.05081468247,661900.0,617161.9491853175,1488.0,496.0,551.5833333333334,551.5833333333334,1801.0053417497443,0,0,1801.0053417497443
2026-03-01,236900,47380.0,189520.0,fixed,5,0.053099999999999994,1077.0477661807868,197.9658748549699,879.0818913258169,43858.96892335665,659100.0,615241.0310766434,1488.0,496.0,549.25,549.25,1792.46587485497,0,0,1792.46587485497
2026-04-01,236900,47380.0,189520.0,fixed,5,0.053099999999999994,1077.0477661807868,194.07593748585316,882.9718286949336,42975.99709466172,659100.0,616124.0029053383,1488.0,496.0,549.25,549.25,1788.575937485853,0,0,1788.575937485853
2026-05-01,236900,47380.0,189520.0,fixed,5,0.053099999999999994,1077.0477661807868,190.16878714387806,886.8789790369087,42089.118115624806,659100.0,617010.8818843752,1488.0,496.0,549.25,549.25,1784.668787143878,0,0,1784.668787143878
2026-06-01,236900,47380.0,189520.0,fixed,5,0.053099999999999994,1077.0477661807868,186.24434766163972,890.803418519147,41198.314697105656,659100.0,617901.6853028943,1488.0,496.0,549.25,549.25,1780.7443476616397,0,0,1780.7443476616397
2026-07-01,236900,47380.0,189520.0,fixed,5,0.053099999999999994,1077.0477661807868,182.3025425346925,894.7452236460942,40303.56947345956,659100.0,618796.4305265404,1488.0,496.0,549.25,549.25,1776.8025425346925,0,0,1776.8025425346925
2026-08-01,236900,47380.0,189520.0,fixed,5,0.053099999999999994,1077.0477661807868,178.34329492005853,898.7044712607283,39404.86500219883,659100.0,619695.1349978012,1488.0,496.0,549.25,549.25,1772.8432949200585,0,0,1772.8432949200585
2026-09-01,236900,47380.0,189520.0,fixed,5,0.053099999999999994,1077.0477661807868,174.36652763472978,902.681238546057,38502.18376365277,659100.0,620597.8162363472,1488.0,496.0,549.25,549.25,1768.8665276347297,0,0,1768.8665276347297
2026-10-01,236900,47380.0,189520.0,fixed,5,0.053099999999999994,1077.0477661807868,170.37216315416347,906.6756030266233,37595.508160626145,659100.0,621504.4918393738,1488.0,496.0,549.25,549.25,1764.8721631541634,0,0,1764.8721631541634
2026-11-01,236900,47380.0,189520.0,fixed,5,0.053099999999999994,1077.0477661807868,166.36012361077067,910.6876425700161,36684.82051805613,659100.0,622415.1794819438,1488.0,496.0,549.25,549.25,1760.8601236107706,0,0,1760.8601236107706
2026-12-01,236900,47380.0,189520.0,fixed,5,0.053099999999999994,1077.0477661807868,162.33033079239834,914.7174353883884,35770.10308266774,659100.0,623329.8969173323,1488.0,496.0,549.25,549.25,1756.8303307923984,0,0,1756.8303307923984
2027-01-01,236900,47380.0,189520.0,fixed,5,0.053099999999999994,1077.0477661807868,158.28270614080472,918.765060039982,34851.33802262776,659100.0,624248.6619773722,1488.0,496.0,549.25,549.25,1752.7827061408047,0,0,1752.7827061408047
2027-02-01,236900,47380.0,189520.0,fixed,5,0.053099999999999994,1077.0477661807868,154.2171707501278,922.830595430659,33928.5074271971,659100.0,625171.4925728029,1488.0,496.0,549.25,549.25,1748.717170750128,0,0,1748.717170750128
2027-03-01,236900,47380.0,189520.0,fixed,5,0.053099999999999994,1077.0477661807868,150.13364536534715,926.9141208154397,33001.59330638166,659100.0,626098.4066936183,1488.0,496.0,549.25,549.25,1744.633645365347,0,0,1744.633645365347
2027-04-01,236900,47380.0,189520.0,fixed,5,0.053099999999999994,1077.0477661807868,146.03205038073884,931.0157158000479,32070.577590581615,659100.0,627029.4224094184,1488.0,496.0,549.25,549.25,1740.5320503807388,0,0,1740.5320503807388
2027-05-01,236900,47380.0,189520.0,fixed,5,0.053099999999999994,1077.0477661807868,141.91230583832362,935.1354603424631,31135.442130239153,659100.0,627964.5578697609,1488.0,496.0,549.25,549.25,1736.4123058383236,0,0,1736.4123058383236
2027-06-01,236900,47380.0,189520.0,fixed,5,0.053099999999999994,1077.0477661807868,137.77433142630824,939.2734347544786,30196.168695484674,659100.0,628903.8313045154,1488.0,496.0,549.25,549.25,1732.2743314263082,0,0,1732.2743314263082
2027-07-01,236900,47380.0,189520.0,fixed,5,0.053099999999999994,1077.0477661807868,133.61804647751967,943.4297197032671,29252.738975781405,659100.0,629847.2610242186,1488.0,496.0,549.25,549.25,1728.1180464775198,0,0,1728.1180464775198
2027-08-01,236900,47380.0,189520.0,fixed,5,0.053099999999999994,1077.0477661807868,129.4433699678327,947.604396212954,28305.13457956845,659100.0,630794.8654204316,1488.0,496.0,549.25,549.25,1723.9433699678327,0,0,1723.9433699678327
2027-09-01,236900,47380.0,189520.0,fixed,5,0.053099999999999994,1077.0477661807868,125.25022051459037,951.7975456661964,27353.337033902255,659100.0,631746.6629660977,1488.0,496.0,549.25,549.25,1719.7502205145904,0,0,1719.7502205145904
2027-10-01,236900,47380.0,189520.0,fixed,5,0.053099999999999994,1077.0477661807868,121.03851637501745,956.0092498057693,26397.327784096487,659100.0,632702.6722159035,1488.0,496.0,549.25,549.25,1715.5385163750175,0,0,1715.5385163750175
2027-11-01,236900,47380.0,189520.0,fixed,5,0.053099999999999994,1077.0477661807868,116.80817544462694,960.2395907361598,25437.088193360327,659100.0,633662.9118066396,1488.0,496.0,549.25,549.25,1711.308175444627,0,0,1711.308175444627
2027-12-01,236900,47380.0,189520.0,fixed,5,0.053099999999999994,1077.0477661807868,112.55911525561943,964.4886509251673,24472.59954243516,659100.0,634627.4004575649,1488.0,496.0,549.25,549.25,1707.0591152556194,0,0,1707.0591152556194
2028-01-01,236900,47380.0,189520.0,fixed,5,0.053099999999999994,1077.0477661807868,108.29125297527557,968.7565132055112,23503.84302922965,659100.0,635596.1569707703,1488.0,496.0,549.25,549.25,1702.7912529752757,0,0,1702.7912529752757
2028-02-01,236900,47380.0,189520.0,fixed,5,0.053099999999999994,1077.0477661807868,104.00450540434119,973.0432607764455,22530.799768453206,659100.0,636569.2002315468,1488.0,496.0,549.25,549.25,1698.5045054043412,0,0,1698.5045054043412
2028-03-01,236900,47380.0,189520.0,fixed,5,0.053099999999999994,1077.0477661807868,99.69878897540542,977.3489772053813,21553.450791247826,659100.0,637546.5492087522,1488.0,496.0,549.25,549.25,1694.1987889754055,0,0,1694.1987889754055
2028-04-01,236900,47380.0,189520.0,fixed,5,0.053099999999999994,1077.0477661807868,95.37401975127162,981.6737464295152,20571.77704481831,659100.0,638528.2229551817,1488.0,496.0,549.25,549.25,1689.8740197512716,0,0,1689.8740197512716
2028-05-01,236900,47380.0,189520.0,fixed,5,0.053099999999999994,1077.0477661807868,91.03011342332101,986.0176527574657,19585.759392060845,659100.0,639514.2406079392,1488.0,496.0,549.25,549.25,1685.530113423321,0,0,1685.530113423321
2028-06-01,236900,47380.0,189520.0,fixed,5,0.053099999999999994,1077.0477661807868,86.66698530986922,990.3807808709175,18595.378611189928,659100.0,640504.6213888101,1488.0,496.0,549.25,549.25,1681.1669853098692,0,0,1681.1669853098692
2028-07-01,236900,47380.0,189520.0,fixed,5,0.053099999999999994,1077.0477661807868,82.28455035451542,994.7632158262713,17600.615395363657,659100.0,641499.3846046363,1488.0,496.0,549.25,549.25,1676.7845503545154,0,0,1676.7845503545154
2028-08-01,236900,47380.0,189520.0,fixed,5,0.053099999999999994,1077.0477661807868,77.88272312448417,999.1650430563026,16601.450352307354,659100.0,642498.5496476926,1488.0,496.0,549.25,549.25,1672.382723124484,0,0,1672.382723124484
2028-09-01,236900,47380.0,189520.0,fixed,5,0.053099999999999994,1077.0477661807868,73.46141780896004,1003.5863483718267,15597.864003935527,659100.0,643502.1359960645,1488.0,496.0,549.25,549.25,1667.96141780896,0,0,1667.96141780896
2028-10-01,236900,47380.0,189520.0,fixed,5,0.053099999999999994,1077.0477661807868,69.0205482174147,1008.0272179633721,14589.836785972155,659100.0,644510.1632140279,1488.0,496.0,549.25,549.25,1663.5205482174147,0,0,1663.5205482174147
2028-11-01,236900,47380.0,189520.0,fixed,5,0.053099999999999994,1077.0477661807868,64.56002777792678,1012.48773840286,13577.349047569294,659100.0,645522.6509524307,1488.0,496.0,549.25,549.25,1659.0600277779267,0,0,1659.0600277779267
2028-12-01,236900,47380.0,189520.0,fixed,5,0.053099999999999994,1077.0477661807868,60.079769535494115,1016.9679966452926,12560.381050924001,659100.0,646539.618949076,1488.0,496.0,549.25,549.25,1654.579769535494,0,0,1654.579769535494
2029-01-01,236900,47380.0,189520.0,fixed,5,0.053099999999999994,1077.0477661807868,55.579686150338695,1021.468080030448,11538.912970893552,659100.0,647561.0870291064,1488.0,496.0,549.25,549.25,1650.0796861503386,0,0,1650.0796861503386
2029-02-01,236900,47380.0,189520.0,fixed,5,0.053099999999999994,1077.0477661807868,51.05968989620396,1025.9880762845828,10512.92489460897,659100.0,648587.075105391,1488.0,496.0,549.25,549.25,1645.559689896204,0,0,1645.559689896204
2029-03-01,236900,47380.0,189520.0,fixed,5,0.053099999999999994,1077.0477661807868,46.519692658644686,1030.528073522142,9482.396821086828,659100.0,649617.6031789131,1488.0,496.0,549.25,549.25,1641.0196926586445,0,0,1641.0196926586445
2029-04-01,236900,47380.0,189520.0,fixed,5,0.053099999999999994,1077.0477661807868,41.959605933309206,1035.0881602474776,8447.30866083935,659100.0,650652.6913391607,1488.0,496.0,549.25,549.25,1636.4596059333091,0,0,1636.4596059333091
2029-05-01,236900,47380.0,189520.0,fixed,5,0.053099999999999994,1077.0477661807868,37.37934082421412,1039.6684253565727,7407.640235482777,659100.0,651692.3597645172,1488.0,496.0,549.25,549.25,1631.879340824214,0,0,1631.879340824214
2029-06-01,236900,47380.0,189520.0,fixed,5,0.053099999999999994,1077.0477661807868,32.778808042011285,1044.2689581387756,6363.371277344001,659100.0,652736.628722656,1488.0,496.0,549.25,549.25,1627.2788080420114,0,0,1627.2788080420114
2029-07-01,236900,47380.0,189520.0,fixed,5,0.053099999999999994,1077.0477661807868,28.1579179022472,1048.8898482785396,5314.481429065461,659100.0,653785.5185709345,1488.0,496.0,549.25,549.25,1622.6579179022472,0,0,1622.6579179022472
2029-08-01,236900,47380.0,189520.0,fixed,5,0.053099999999999994,1077.0477661807868,23.51658032361466,1053.5311858571722,4260.950243208289,659100.0,654839.0497567917,1488.0,496.0,549.25,549.25,1618.0165803236146,0,0,1618.0165803236146
2029-09-01,236900,47380.0,189520.0,fixed,5,0.053099999999999994,1077.0477661807868,18.854704826196677,1058.19306135459,3202.757181853699,659100.0,655897.2428181462,1488.0,496.0,549.25,549.25,1613.3547048261967,0,0,1613.3547048261967
2029-10-01,236900,47380.0,189520.0,fixed,5,0.053099999999999994,1077.0477661807868,14.172200529702616,1062.8755656510841,2139.881616202615,659100.0,656960.1183837974,1488.0,496.0,549.25,549.25,1608.6722005297026,0,0,1608.6722005297026
2029-11-01,236900,47380.0,189520.0,fixed,5,0.053099999999999994,1077.0477661807868,9.46897615169657,1067.5787900290902,1072.3028261735249,659100.0,658027.6971738265,1488.0,496.0,549.25,549.25,1603.9689761516966,0,0,1603.9689761516966
2029-12-01,236900,47380.0,189520.0,fixed,5,0.053099999999999994,1077.0477661807868,4.744940005817846,1072.302826174969,0.0,659100.0,659100.0,1488.0,496.0,549.25,549.25,1599.2449400058179,0,39546,41145.24494000582
