date,house_price_at_purchase,down_payment,initial_loan_amount,mortgage_type,mortgage_term_years,mortgage_rate,mortgage_payment,mortgage_interest,mortgage_principal,mortgage_balance,house_price,owner_networth,year,rent,maintenance_cost,property_tax,depreciation_cost,owner_monthly_cost,purchase_cost,sale_cost,owner_monthly_unrecoverable_cost,portfolio_return_net,monthly_savings_difference,renter_monthly_investment,renter_portfolio_value,renter_networth,wealth_ratio
2005-01-01,236900,47380.0,189520.0,fixed,5,0.0559999999999999,1175.1637317031928,884.4266666666666,290.73706503652613,189229.26293496348,236900,47670.73706503652,2005,703.0,234.33333333333337,197.41666666666663,197.41666666666663,1513.5933333333337,4738.0,0.0,6251.593333333333,-0.015157091383713317,810.5933333333337,810.5933333333337,52138.636044596955,52138.636044596955,1.093724143041148
2005-02-01,236900,47380.0,189520.0,fixed,5,0.0559999999999999,1175.1637317031928,883.0698936964961,292.0938380066966,188937.1690969568,237600,48662.830903043214,2005,703.0,234.33333333333337,198.0,198.0,1513.4032270298294,0.0,0.0,1513.4032270298294,0.03446036255433808,810.4032270298294,810.4032270298294,54745.75557281227,54745.75557281227,1.125001455050751
2005-03-01,236900,47380.0,189520.0,fixed,5,0.0559999999999999,1175.1637317031928,881.7067891191316,293.45694258406115,188643.7121543727,238500,49856.28784562729,2005,703.0,234.33333333333337,198.75,198.75,1513.5401224524649,0.0,0.0,1513.5401224524649,-0.012658052057030989,810.5401224524649,810.5401224524649,54863.321071322585,54863.321071322585,1.1004293228007438
2005-04-01,236900,47380.0,189520.0,fixed,5,0.0559999999999999,1175.1637317031928,880.3373233870726,294.82640831612014,188348.8857460566,239300,50951.11425394341,2005,703.0,234.33333333333337,199.41666666666663,199.41666666666663,1513.5039900537397,0.0,0.0,1513.5039900537397,-0.022907749320987516,810.5039900537397,810.5039900537397,54417.029855357614,54417.029855357614,1.0680243337592163
2005-05-01,236900,47380.0,189520.0,fixed,5,0.0559999999999999,1175.1637317031928,878.9614668149306,296.2022648882621,188052.68348116832,239800,51747.31651883168,2005,703.0,234.33333333333337,199.83333333333337,199.83333333333337,1512.9614668149304,0.0,0.0,1512.9614668149304,0.027468745373072565,809.9614668149304,809.9614668149304,56721.758859228255,56721.758859228255,1.0961294744353807
2005-06-01,236900,47380.0,189520.0,fixed,5,0.0559999999999999,1175.1637317031928,877.5791895787854,297.58454212440733,187755.0989390439,241100,53344.901060956094,2005,703.0,234.33333333333337,200.91666666666663,200.91666666666663,1513.7458562454522,0.0,0.0,1513.7458562454522,0.015099240158636262,810.7458562454522,810.7458562454522,58388.96017470946,58388.96017470946,1.0945555997561909
2005-07-01,236900,47380.0,189520.0,fixed,5,0.0559999999999999,1175.1637317031928,876.1904617155382,298.9732699876546,187456.12566905623,243000,55543.87433094374,2005,703.0,234.33333333333337,202.5,202.5,1515.5237950488715,0.0,0.0,1515.5237950488715,0.044036059889941116,812.5237950488715,812.5237950488715,61772.70371692323,61772.70371692323,1.112142508260526
2005-08-01,236900,47380.0,189520.0,fixed,5,0.0559999999999999,1175.1637317031928,874.7952531222625,300.3684785809303,187155.75719047533,245100,57944.24280952467,2005,703.0,234.33333333333337,204.25,204.25,1517.6285864555955,0.0,0.0,1517.6285864555955,0.0059815525479286254,814.6285864555955,814.6285864555955,62956.82897668922,62956.82897668922,1.086507061342436
2005-09-01,236900,47380.0,189520.0,fixed,5,0.0559999999999999,1175.1637317031928,873.3935335555515,301.7701981476413,186853.9869923277,247300,60446.0130076723,2005,703.0,234.33333333333337,206.08333333333337,206.08333333333337,1519.8935335555514,0.0,0.0,1519.8935335555514,0.01933625184254831,816.8935335555514,816.8935335555514,64991.07161054628,64991.07161054628,1.07519203296828
2005-10-01,236900,47380.0,189520.0,fixed,5,0.0559999999999999,1175.1637317031928,871.9852726308625,303.17845907233027,186550.80853325536,250000,63449.19146674464,2005,703.0,234.33333333333337,208.33333333333337,208.33333333333337,1522.9852726308625,0.0,0.0,1522.9852726308625,-0.03761629215633668,819.9852726308625,819.9852726308625,63366.33374592143,63366.33374592143,0.9986941091145876
2005-11-01,236900,47380.0,189520.0,fixed,5,0.0559999999999999,1175.1637317031928,870.5704398218583,304.5932918813345,186246.215241374,252500,66253.78475862599,2005,703.0,234.33333333333337,210.41666666666663,210.41666666666663,1525.7371064885251,0.0,0.0,1525.7371064885251,0.03861110701160179,822.7371064885251,822.7371064885251,66635.71514560659,66635.71514560659,1.0057646576474393
2005-12-01,236900,47380.0,189520.0,fixed,5,0.0559999999999999,1175.1637317031928,869.1490044597452,306.0147272434475,185940.20051413056,255000,69059.79948586944,2005,703.0,234.33333333333337,212.5,212.5,1528.4823377930786,0.0,0.0,1528.4823377930786,0.0200192920244868,825.4823377930786,825.4823377930786,68795.19732416008,68795.19732416008,0.9961685066611943
2006-01-01,236900,47380.0,189520.0,fixed,5,0.0559999999999999,1175.1637317031928,867.7209357326092,307.4427959705836,185632.75771815996,258000,72367.24228184004,2006,724.0,241.33333333333337,215.0,215.0,1539.0542690659424,0.0,0.0,1539.0542690659424,0.04239029723333424,815.0542690659424,815.0542690659424,72526.50045602306,72526.50045602306,1.002200694252833
2006-02-01,236900,47380.0,189520.0,fixed,5,0.0559999999999999,1175.1637317031928,866.2862026847464,308.87752901844635,185323.88018914152,260400,75076.11981085848,2006,724.0,241.33333333333337,217.0,217.0,1541.6195360180798,0.0,0.0,1541.6195360180798,-0.010751410290807529,817.6195360180798,817.6195360180798,72564.357828682,72564.357828682,0.966543795969951
2006-03-01,236900,47380.0,189520.0,fixed,5,0.0559999999999999,1175.1637317031928,864.8447742159937,310.3189574871991,185013.5612316543,263000,77986.43876834569,2006,724.0,241.33333333333337,219.16666666666663,219.16666666666663,1544.5114408826605,0.0,0.0,1544.5114408826605,0.023404645516920706,820.5114408826605,820.5114408826605,75083.21234170796,75083.21234170796,0.9627726759615014
2006-04-01,236900,47380.0,189520.0,fixed,5,0.0559999999999999,1175.1637317031928,863.3966190810534,311.7671126221394,184701.79411903216,265900,81198.20588096784,2006,724.0,241.33333333333337,221.58333333333337,221.58333333333337,1547.8966190810531,0.0,0.0,1547.8966190810531,0.009733876303188149,823.8966190810531,823.8966190810531,76637.9596621692,76637.9596621692,0.9438380913799534
2006-05-01,236900,47380.0,189520.0,fixed,5,0.0559999999999999,1175.1637317031928,861.9417058888166,313.22202581437614,184388.57209321775,268900,84511.42790678222,2006,724.0,241.33333333333337,224.08333333333337,224.08333333333337,1551.4417058888164,0.0,0.0,1551.4417058888164,-0.034500471612361604,827.4417058888164,827.4417058888164,74821.35561630405,74821.35561630405,0.885340095055943
2006-06-01,236900,47380.0,189520.0,fixed,5,0.0559999999999999,1175.1637317031928,860.4800031016829,314.68372860150987,184073.88836461623,271700,87626.11163538374,2006,724.0,241.33333333333337,226.41666666666663,226.41666666666663,1554.6466697683495,0.0,0.0,1554.6466697683495,-0.0057676577235929675,830.6466697683495,830.6466697683495,75220.45831646232,75220.45831646232,0.8584251533316699
2006-07-01,236900,47380.0,189520.0,fixed,5,0.0559999999999999,1175.1637317031928,859.0114790348758,316.1522526683169,183757.73611194795,274200,90442.26388805204,2006,724.0,241.33333333333337,228.5,228.5,1557.3448123682092,0.0,0.0,1557.3448123682092,0.011725025340778605,833.3448123682092,833.3448123682092,76935.76490873602,76935.76490873602,0.8506616442503679
2006-08-01,236900,47380.0,189520.0,fixed,5,0.0559999999999999,1175.1637317031928,857.536101855757,317.62762984743574,183440.1084821005,276800,93359.8915178995,2006,724.0,241.33333333333337,230.66666666666663,230.66666666666663,1560.202768522424,0.0,0.0,1560.202768522424,0.020689941443342717,836.2027685224241,836.2027685224241,79363.76414811898,79363.76414811898,0.8500841513178377
2006-09-01,236900,47380.0,189520.0,fixed,5,0.0559999999999999,1175.1637317031928,856.0538395831356,319.1098921200571,183120.99858998045,279600,96479.00141001955,2006,724.0,241.33333333333337,233.0,233.0,1563.387172916469,0.0,0.0,1563.387172916469,-0.0008664287556387714,839.3871729164689,839.3871729164689,80134.38827362178,80134.38827362178,0.8305889064197927
2006-10-01,236900,47380.0,189520.0,fixed,5,0.0559999999999999,1175.1637317031928,854.5646600865754,320.5990716166174,182800.39951836385,280900,98099.60048163618,2006,724.0,241.33333333333337,234.08333333333337,234.08333333333337,1564.0646600865753,0.0,0.0,1564.0646600865753,0.040343097003097496,840.0646600865753,840.0646600865753,84207.32233311496,84207.32233311496,0.858385986483994
2006-11-01,236900,47380.0,189520.0,fixed,5,0.0559999999999999,1175.1637317031928,853.0685310856977,322.09520061749504,182478.3043177463,282900,100421.69568225367,2006,724.0,241.33333333333337,235.75,235.75,1565.901864419031,0.0,0.0,1565.901864419031,0.024542338646408788,841.901864419031,841.901864419031,87115.86881874061,87115.86881874061,0.8675004761360104
2006-12-01,236900,47380.0,189520.0,fixed,5,0.0559999999999999,1175.1637317031928,851.5654201494827,323.59831155371,182154.7060061926,285100,102945.2939938074,2006,724.0,241.33333333333337,237.58333333333337,237.58333333333337,1568.0654201494826,0.0,0.0,1568.0654201494826,0.012216053811449556,844.0654201494826,844.0654201494826,89024.146380211,89024.146380211,0.8647714035919523
2007-01-01,236900,47380.0,189520.0,fixed,5,0.0559999999999999,1175.1637317031928,850.0552946955654,325.10843700762734,181829.597569185,287300,105470.402430815,2007,746.0,248.66666666666663,239.41666666666663,239.41666666666663,1577.5552946955656,0.0,0.0,1577.5552946955656,0.011690110596239178,831.5552946955656,831.5552946955656,90896.40379182702,90896.40379182702,0.8618190667419893
2007-02-01,236900,47380.0,189520.0,fixed,5,0.0559999999999999,1175.1637317031928,848.5381219895298,326.6256097136629,181502.97195947132,290500,108997.02804052868,2007,746.0,248.66666666666663,242.08333333333337,242.08333333333337,1581.371455322863,0.0,0.0,1581.371455322863,-0.010713287378438541,835.3714553228631,835.3714553228631,90757.97595166144,90757.97595166144,0.8326646843794185
2007-03-01,236900,47380.0,189520.0,fixed,5,0.0559999999999999,1175.1637317031928,847.0138691441995,328.1498625589933,181174.8220969123,293200,112025.17790308766,2007,746.0,248.66666666666663,244.33333333333337,244.33333333333337,1584.3472024775326,0.0,0.0,1584.3472024775326,0.00940028594183554,838.3472024775326,838.3472024775326,92449.47407958683,92449.47407958683,0.8252562130235074
2007-04-01,236900,47380.0,189520.0,fixed,5,0.0559999999999999,1175.1637317031928,845.4825031189241,329.68122858426864,180845.14086832808,295800,114954.85913167192,2007,746.0,248.66666666666663,246.5,246.5,1587.1491697855909,0.0,0.0,1587.1491697855909,0.03097709779826877,841.1491697855909,841.1491697855909,96154.43964933431,96154.43964933431,0.836453894821417
2007-05-01,236900,47380.0,189520.0,fixed,5,0.0559999999999999,1175.1637317031928,843.9439907188643,331.2197409843285,180513.92112734375,298800,118286.07887265625,2007,746.0,248.66666666666663,249.0,249.0,1590.6106573855309,0.0,0.0,1590.6106573855309,0.03992088014064247,844.6106573855309,844.6106573855309,100837.62016695157,100837.62016695157,0.8524893303421679
2007-06-01,236900,47380.0,189520.0,fixed,5,0.0559999999999999,1175.1637317031928,842.3982985942707,332.765433108922,180181.15569423485,301400,121218.84430576516,2007,746.0,248.66666666666663,251.16666666666663,251.16666666666663,1593.398298594271,0.0,0.0,1593.398298594271,-0.01445910441677436,847.398298594271,847.398298594271,100226.99678641286,100226.99678641286,0.8268268631038752
2007-07-01,236900,47380.0,189520.0,fixed,5,0.0559999999999999,1175.1637317031928,840.8453932397624,334.31833846343034,179846.8373557714,304000,124153.1626442286,2007,746.0,248.66666666666663,253.33333333333337,253.33333333333337,1596.1787265730957,0.0,0.0,1596.1787265730957,-0.017565530239854212,850.1787265730957,850.1787265730957,99316.63517008445,99316.63517008445,0.7999525187665552
2007-08-01,236900,47380.0,189520.0,fixed,5,0.0559999999999999,1175.1637317031928,839.2852409935997,335.87849070959305,179510.9588650618,305900,126389.0411349382,2007,746.0,248.66666666666663,254.91666666666663,254.91666666666663,1597.7852409936,0.0,0.0,1597.7852409936,-0.0012791073068220368,851.7852409935999,851.7852409935999,100041.38377734303,100041.38377734303,0.7915352698224419
2007-09-01,236900,47380.0,189520.0,fixed,5,0.0559999999999999,1175.1637317031928,837.717808036955,337.4459236662377,179173.51294139557,307900,128726.48705860444,2007,746.0,248.66666666666663,256.5833333333333,256.5833333333333,1599.5511413702882,0.0,0.0,1599.5511413702882,0.033734935616325935,853.5511413702882,853.5511413702882,104269.82455941013,104269.82455941013,0.8100106430461348
2007-10-01,236900,47380.0,189520.0,fixed,5,0.0559999999999999,1175.1637317031928,836.1430603931792,339.02067131001354,178834.49227008555,309800,130965.50772991445,2007,746.0,248.66666666666663,258.1666666666667,258.1666666666667,1601.1430603931794,0.0,0.0,1601.1430603931794,0.025860319734007296,855.1430603931794,855.1430603931794,107821.4186215185,107821.4186215185,0.8232810339946516
2007-11-01,236900,47380.0,189520.0,fixed,5,0.0559999999999999,1175.1637317031928,834.5609639270658,340.60276777612694,178493.88950230944,311400,132906.11049769056,2007,746.0,248.66666666666663,259.5,259.5,1602.2276305937326,0.0,0.0,1602.2276305937326,-0.054226623142321705,856.2276305937326,856.2276305937326,102830.85481785264,102830.85481785264,0.7737105121260732
2007-12-01,236900,47380.0,189520.0,fixed,5,0.0559999999999999,1175.1637317031928,832.9714843441106,342.1922473590821,178151.69725495036,313400,135248.30274504964,2007,746.0,248.66666666666663,261.1666666666667,261.1666666666667,1603.9714843441109,0.0,0.0,1603.9714843441109,0.0007370712945493955,857.9714843441109,857.9714843441109,103764.61997347698,103764.61997347698,0.7672156904554942
2008-01-01,236900,47380.0,189520.0,fixed,5,0.0559999999999999,1175.1637317031928,831.3745871897682,343.7891445134245,177807.90811043693,315000,137192.09188956307,2008,774.0,258.0,262.5,262.5,1614.374587189768,0.0,0.0,1614.374587189768,-0.05529648675928275,840.3745871897679,840.3745871897679,98867.17562622136,98867.17562622136,0.7206477739679593
2008-02-01,236900,47380.0,189520.0,fixed,5,0.0559999999999999,1175.1637317031928,829.7702378487056,345.39349385448713,177462.51461658243,315600,138137.48538341757,2008,774.0,258.0,263.0,263.0,1613.7702378487056,0.0,0.0,1613.7702378487056,-0.0013366777413253103,839.7702378487056,839.7702378487056,99574.79231106279,99574.79231106279,0.7208383157886559
2008-03-01,236900,47380.0,189520.0,fixed,5,0.0559999999999999,1175.1637317031928,828.1584015440512,347.0053301591415,177115.50928642327,315600,138484.49071357673,2008,774.0,258.0,263.0,263.0,1612.1584015440512,0.0,0.0,1612.1584015440512,-0.01175050755749626,838.1584015440512,838.1584015440512,99242.89636301956,99242.89636301956,0.7166354575277359
2008-04-01,236900,47380.0,189520.0,fixed,5,0.0559999999999999,1175.1637317031928,826.5390433366418,348.6246883665509,176766.88459805673,314600,137833.11540194327,2008,774.0,258.0,262.1666666666667,262.1666666666667,1608.8723766699754,0.0,0.0,1608.8723766699754,0.04554612437900577,834.8723766699754,834.8723766699754,104597.8980411724,104597.8980411724,0.7588734952130213
2008-05-01,236900,47380.0,189520.0,fixed,5,0.0559999999999999,1175.1637317031928,824.9121281242647,350.2516035789281,176416.6329944778,313100,136683.3670055222,2008,774.0,258.0,260.9166666666667,260.9166666666667,1604.745461457598,0.0,0.0,1604.745461457598,0.03302930998164303,830.7454614575979,830.7454614575979,108883.43990046017,108883.43990046017,0.7966107529093949
2008-06-01,236900,47380.0,189520.0,fixed,5,0.0559999999999999,1175.1637317031928,823.2776206408963,351.88611106229644,176064.74688341553,311500,135435.25311658447,2008,774.0,258.0,259.5833333333333,259.5833333333333,1600.4442873075627,0.0,0.0,1600.4442873075627,-0.05160627909944767,826.4442873075627,826.4442873075627,104090.81499895664,104090.81499895664,0.7685651453639909
2008-07-01,236900,47380.0,189520.0,fixed,5,0.0559999999999999,1175.1637317031928,821.635485455939,353.5282462472537,175711.21863716826,309300,133588.78136283174,2008,774.0,258.0,257.75,257.75,1595.135485455939,0.0,0.0,1595.135485455939,-0.03534815228727269,821.135485455939,821.135485455939,101232.53250412313,101232.53250412313,0.7577921699066337
2008-08-01,236900,47380.0,189520.0,fixed,5,0.0559999999999999,1175.1637317031928,819.9856869734518,355.1780447297409,175356.0405924385,307500,132143.9594075615,2008,774.0,258.0,256.25,256.25,1590.4856869734515,0.0,0.0,1590.4856869734515,0.012449148342474936,816.4856869734515,816.4856869734515,103309.27700532482,103309.27700532482,0.7817934127938148
2008-09-01,236900,47380.0,189520.0,fixed,5,0.0559999999999999,1175.1637317031928,818.3281894313797,356.8355422718131,174999.2050501667,305800,130800.7949498333,2008,774.0,258.0,254.83333333333337,254.83333333333337,1585.994856098046,0.0,0.0,1585.994856098046,-0.11888689207513362,811.9948560980461,811.9948560980461,91839.15299573074,91839.15299573074,0.7021299299515288
2008-10-01,236900,47380.0,189520.0,fixed,5,0.0559999999999999,1175.1637317031928,816.6629569007779,358.50077480241487,174640.7042753643,301800,127159.29572463573,2008,774.0,258.0,251.5,251.5,1577.6629569007778,0.0,0.0,1577.6629569007778,-0.16958480575231547,803.6629569007778,803.6629569007778,77068.29103139334,77068.29103139334,0.6060767369951877
2008-11-01,236900,47380.0,189520.0,fixed,5,0.0559999999999999,1175.1637317031928,814.9899532850333,360.1737784181595,174280.53049694613,298800,124519.46950305389,2008,774.0,258.0,249.0,249.0,1570.9899532850332,0.0,0.0,1570.9899532850332,-0.06284078667104256,796.9899532850332,796.9899532850332,73022.24894887277,73022.24894887277,0.5864323807377116
2008-12-01,236900,47380.0,189520.0,fixed,5,0.0559999999999999,1175.1637317031928,813.3091423190818,361.8545893841109,173918.67590756202,295100,121181.32409243798,2008,774.0,258.0,245.91666666666663,245.91666666666663,1563.1424756524152,0.0,0.0,1563.1424756524152,-0.011555457106504874,789.1424756524152,789.1424756524152,72967.58595897598,72967.58595897598,0.6021355725022098
2009-01-01,236900,47380.0,189520.0,fixed,5,0.0559999999999999,1175.1637317031928,811.6204875686227,363.5432441345701,173555.13266342744,292300,118744.86733657256,2009,782.0,260.6666666666667,243.58333333333337,243.58333333333337,1559.453820901956,0.0,0.0,1559.453820901956,-0.059325933054722134,777.4538209019561,777.4538209019561,69416.16966011105,69416.16966011105,0.5845824852652926
2009-02-01,236900,47380.0,189520.0,fixed,5,0.0559999999999999,1175.1637317031928,809.923952429328,365.2397792738648,173189.89288415358,289600,116410.10711584642,2009,782.0,260.6666666666667,241.33333333333337,241.33333333333337,1553.2572857626612,0.0,0.0,1553.2572857626612,-0.08806102685942932,771.2572857626612,771.2572857626612,64074.567764955966,64074.567764955966,0.5504210016849453
2009-03-01,236900,47380.0,189520.0,fixed,5,0.0559999999999999,1175.1637317031928,808.21950012605,366.9442315771428,172822.94865257645,287700,114877.05134742356,2009,782.0,260.6666666666667,239.75,239.75,1548.3861667927167,0.0,0.0,1548.3861667927167,0.07926602614370507,766.3861667927167,766.3861667927167,69919.89029535228,69919.89029535228,0.6086497649029396
2009-04-01,236900,47380.0,189520.0,fixed,5,0.0559999999999999,1175.1637317031928,806.5070937120233,368.6566379911694,172454.29201458528,289000,116545.70798541472,2009,782.0,260.6666666666667,240.83333333333337,240.83333333333337,1548.8404270453566,0.0,0.0,1548.8404270453566,0.08140857993111353,766.8404270453566,766.8404270453566,76378.8097002815,76378.8097002815,0.6553549763483357
2009-05-01,236900,47380.0,189520.0,fixed,5,0.0559999999999999,1175.1637317031928,804.7866960680645,370.3770356351282,172083.91497895017,291500,119416.08502104985,2009,782.0,260.6666666666667,242.91666666666663,242.91666666666663,1551.2866960680649,0.0,0.0,1551.2866960680649,0.08238184931235662,769.2866960680649,769.2866960680649,83440.32398773533,83440.32398773533,0.6987360536315275
2009-06-01,236900,47380.0,189520.0,fixed,5,0.0559999999999999,1175.1637317031928,803.0582699017674,372.10546180142535,171711.80951714874,295000,123288.19048285126,2009,782.0,260.6666666666667,245.83333333333337,245.83333333333337,1555.3916032351003,0.0,0.0,1555.3916032351003,0.00012101491791086585,773.3916032351003,773.3916032351003,84223.81311492827,84223.81311492827,0.683145829175288
2009-07-01,236900,47380.0,189520.0,fixed,5,0.0559999999999999,1175.1637317031928,801.321777746694,373.84195395649874,171337.96756319224,299200,127862.03243680776,2009,782.0,260.6666666666667,249.33333333333337,249.33333333333337,1560.6551110800272,0.0,0.0,1560.6551110800272,0.056732601308533116,778.6551110800272,778.6551110800272,89780.70423614193,89780.70423614193,0.7021685994277741
2009-08-01,236900,47380.0,189520.0,fixed,5,0.0559999999999999,1175.1637317031928,799.5771819615637,375.586549741629,170962.38101345062,303300,132337.61898654938,2009,782.0,260.6666666666667,252.75,252.75,1565.7438486282304,0.0,0.0,1565.7438486282304,0.02032621074343247,783.7438486282304,783.7438486282304,92389.34959976777,92389.34959976777,0.6981336849437959
2009-09-01,236900,47380.0,189520.0,fixed,5,0.0559999999999999,1175.1637317031928,797.8244447294361,377.33928697375666,170585.04172647686,307800,137214.95827352314,2009,782.0,260.6666666666667,256.5,256.5,1571.4911113961027,0.0,0.0,1571.4911113961027,0.0418891835829052,789.4911113961027,789.4911113961027,97048.95513765374,97048.95513765374,0.7072767893438934
2009-10-01,236900,47380.0,189520.0,fixed,5,0.0559999999999999,1175.1637317031928,796.063528056892,379.1002036463008,170205.94152283057,312400,142194.05847716943,2009,782.0,260.6666666666667,260.3333333333333,260.3333333333333,1577.3968613902252,0.0,0.0,1577.3968613902252,-0.03133549436029406,795.3968613902252,795.3968613902252,94803.27501265559,94803.27501265559,0.6667175550649125
2009-11-01,236900,47380.0,189520.0,fixed,5,0.0559999999999999,1175.1637317031928,794.2943937732092,380.86933792998354,169825.07218490058,316400,146574.92781509942,2009,782.0,260.6666666666667,263.6666666666667,263.6666666666667,1582.294393773209,0.0,0.0,1582.294393773209,0.05305484661068419,800.2943937732091,800.2943937732091,100633.34262041574,100633.34262041574,0.6865658685321828
2009-12-01,236900,47380.0,189520.0,fixed,5,0.0559999999999999,1175.1637317031928,792.5170035295359,382.6467281736568,169442.42545672692,320600,151157.57454327308,2009,782.0,260.6666666666667,267.1666666666667,267.1666666666667,1587.5170035295362,0.0,0.0,1587.5170035295362,0.02173254664202554,805.5170035295362,805.5170035295362,103625.8784361864,103625.8784361864,0.6855486981006076
2010-01-01,236900,47380.0,189520.0,fixed,5,0.048,1099.6092770887833,677.7697018269077,421.8395752618755,169020.58588146506,322400,153379.41411853494,2010,806.0,268.6666666666667,268.6666666666667,268.6666666666667,1483.769701826908,0.0,0.0,1483.769701826908,-0.04644083572819754,677.769701826908,677.769701826908,99491.1757403682,99491.1757403682,0.6486605540394049
2010-02-01,236900,47380.0,189520.0,fixed,5,0.048,1099.6092770887833,676.0823435258602,423.5269335629231,168597.05894790214,324600,156002.94105209786,2010,806.0,268.6666666666667,270.5,270.5,1485.7490101925268,0.0,0.0,1485.7490101925268,0.03817351226363711,679.7490101925268,679.7490101925268,103968.85236780933,103968.85236780933,0.6664544377601733
2010-03-01,236900,47380.0,189520.0,fixed,5,0.048,1099.6092770887833,674.3882357916086,425.2210412971747,168171.83790660498,326200,158028.16209339502,2010,806.0,268.6666666666667,271.8333333333333,271.8333333333333,1486.721569124942,0.0,0.0,1486.721569124942,0.0467356250220912,680.7215691249421,680.7215691249421,109508.62323517336,109508.62323517336,0.6929690365597843
2010-04-01,236900,47380.0,189520.0,fixed,5,0.048,1099.6092770887833,672.68735162642,426.92192546236333,167744.9159811426,326800,159055.0840188574,2010,806.0,268.6666666666667,272.3333333333333,272.3333333333333,1486.0206849597532,0.0,0.0,1486.0206849597532,0.014357039685271166,680.0206849597532,680.0206849597532,111760.86356979993,111760.86356979993,0.702655084929883
2010-05-01,236900,47380.0,189520.0,fixed,5,0.048,1099.6092770887833,670.9796639245704,428.62961316421286,167316.2863679784,326300,158983.7136320216,2010,806.0,268.6666666666667,271.9166666666667,271.9166666666667,1483.4796639245706,0.0,0.0,1483.4796639245706,-0.059528536631036265,677.4796639245706,677.4796639245706,105785.38257279342,105785.38257279342,0.6653850269068486
2010-06-01,236900,47380.0,189520.0,fixed,5,0.048,1099.6092770887833,669.2651454719137,430.3441316168696,166885.94223636153,325300,158414.05776363847,2010,806.0,268.6666666666667,271.0833333333333,271.0833333333333,1480.098478805247,0.0,0.0,1480.098478805247,-0.047067942512825,674.0984788052469,674.0984788052469,101480.38074596522,101480.38074596522,0.640602116873863
2010-07-01,236900,47380.0,189520.0,fixed,5,0.048,1099.6092770887833,667.5437689454461,432.0655081433372,166453.8767282182,324300,157846.1232717818,2010,806.0,268.6666666666667,270.25,270.25,1476.7104356121129,0.0,0.0,1476.7104356121129,0.05272960706372346,670.7104356121129,670.7104356121129,107502.11178298913,107502.11178298913,0.6810563956511646
2010-08-01,236900,47380.0,189520.0,fixed,5,0.048,1099.6092770887833,665.8155069128728,433.7937701759105,166020.08295804227,324200,158179.91704195773,2010,806.0,268.6666666666667,270.1666666666667,270.1666666666667,1474.815506912873,0.0,0.0,1474.815506912873,-0.015374351412520438,668.8155069128729,668.8155069128729,106518.15204576227,106518.15204576227,0.6733987097585087
2010-09-01,236900,47380.0,189520.0,fixed,5,0.048,1099.6092770887833,664.0803318321691,435.5289452566142,165584.55401278567,324500,158915.44598721433,2010,806.0,268.6666666666667,270.4166666666667,270.4166666666667,1473.5803318321691,0.0,0.0,1473.5803318321691,0.06265416699673335,667.5803318321691,667.5803318321691,113859.53846405305,113859.53846405305,0.7164787397268716
2010-10-01,236900,47380.0,189520.0,fixed,5,0.048,1099.6092770887833,662.3382160511427,437.2710610376406,165147.28295174803,325600,160452.71704825197,2010,806.0,268.6666666666667,271.3333333333333,271.3333333333333,1473.6715493844758,0.0,0.0,1473.6715493844758,0.030650234579993083,667.6715493844758,667.6715493844758,118017.0315765305,118017.0315765305,0.7355252921085778
2010-11-01,236900,47380.0,189520.0,fixed,5,0.048,1099.6092770887833,660.5891318069921,439.0201452817912,164708.26280646623,327100,162391.73719353377,2010,806.0,268.6666666666667,272.5833333333333,272.5833333333333,1474.4224651403254,0.0,0.0,1474.4224651403254,0.009560695851226464,668.4224651403254,668.4224651403254,119813.77898583861,119813.77898583861,0.7378071141824661
2010-12-01,236900,47380.0,189520.0,fixed,5,0.048,1099.6092770887833,658.8330512258649,440.7762258629184,164267.48658060332,328900,164632.51341939668,2010,806.0,268.6666666666667,274.0833333333333,274.0833333333333,1475.666384559198,0.0,0.0,1475.666384559198,0.051367950528235874,669.6663845591979,669.6663845591979,126638.03364194334,126638.03364194334,0.7692164264013666
2011-01-01,236900,47380.0,189520.0,fixed,5,0.048,1099.6092770887833,657.0699463224133,442.53933076637,163824.94724983696,330900,167075.05275016304,2011,826.0,275.3333333333333,275.75,275.75,1483.9032796557467,0.0,0.0,1483.9032796557467,0.015161109214910462,657.9032796557467,657.9032796557467,129215.9099804061,129215.9099804061,0.7734003841592683
2011-02-01,236900,47380.0,189520.0,fixed,5,0.048,1099.6092770887833,655.2997889993478,444.3094880894355,163380.63776174752,333800,170419.36223825248,2011,826.0,275.3333333333333,278.1666666666667,278.1666666666667,1486.9664556660146,0.0,0.0,1486.9664556660146,0.037335031337770865,660.9664556660146,660.9664556660146,134701.15648452917,134701.15648452917,0.7904099318023033
2011-03-01,236900,47380.0,189520.0,fixed,5,0.048,1099.6092770887833,653.5225510469901,446.0867260417932,162934.55103570572,336000,173065.44896429428,2011,826.0,275.3333333333333,280.0,280.0,1488.8558843803237,0.0,0.0,1488.8558843803237,-0.00145352638344406,662.8558843803237,662.8558843803237,135168.22068407878,135168.22068407878,0.7810237195985075
2011-04-01,236900,47380.0,189520.0,fixed,5,0.048,1099.6092770887833,651.738204142823,447.8710729459603,162486.67996275975,338200,175713.32003724025,2011,826.0,275.3333333333333,281.8333333333333,281.8333333333333,1490.7382041428227,0.0,0.0,1490.7382041428227,0.00797181698731667,664.7382041428227,664.7382041428227,136910.49520601632,136910.49520601632,0.7791697019725076
2011-05-01,236900,47380.0,189520.0,fixed,5,0.048,1099.6092770887833,649.946719851039,449.6625572377443,162037.017405522,340800,178762.982594478,2011,826.0,275.3333333333333,284.0,284.0,1493.2800531843725,0.0,0.0,1493.2800531843725,-0.012046727793787926,667.2800531843725,667.2800531843725,135928.4517913411,135928.4517913411,0.7603836645514771
2011-06-01,236900,47380.0,189520.0,fixed,5,0.048,1099.6092770887833,648.148069622088,451.4612074666953,161585.5561980553,343400,181814.4438019447,2011,826.0,275.3333333333333,286.1666666666667,286.1666666666667,1495.8147362887548,0.0,0.0,1495.8147362887548,-0.02752164836511253,669.8147362887548,669.8147362887548,132857.29147461444,132857.29147461444,0.7307301262563024
2011-07-01,236900,47380.0,189520.0,fixed,5,0.048,1099.6092770887833,646.3422247922213,453.2670522965621,161132.28914575875,345900,184767.71085424125,2011,826.0,275.3333333333333,288.25,288.25,1498.1755581255543,0.0,0.0,1498.1755581255543,-0.024301785280802093,672.1755581255543,672.1755581255543,130300.79766233498,130300.79766233498,0.7052141148467554
2011-08-01,236900,47380.0,189520.0,fixed,5,0.048,1099.6092770887833,644.529156583035,455.08012050574825,160677.20902525302,348000,187322.79097474695,2011,826.0,275.3333333333333,290.0,290.0,1499.8624899163683,0.0,0.0,1499.8624899163683,-0.035436324341117785,673.8624899163683,673.8624899163683,126357.27882438249,126357.27882438249,0.6745430076440445
2011-09-01,236900,47380.0,189520.0,fixed,5,0.048,1099.6092770887833,642.7088361010121,456.9004409877712,160220.30858426524,349700,189479.69141573476,2011,826.0,275.3333333333333,291.4166666666667,291.4166666666667,1500.8755027676789,0.0,0.0,1500.8755027676789,-0.0809216126826102,674.8755027676789,674.8755027676789,116807.1195504949,116807.1195504949,0.6164624750956028
2011-10-01,236900,47380.0,189520.0,fixed,5,0.048,1099.6092770887833,640.881234337061,458.72804275172234,159761.5805415135,351300,191538.4194584865,2011,826.0,275.3333333333333,292.75,292.75,1501.7145676703942,0.0,0.0,1501.7145676703942,0.08067963167520734,675.7145676703942,675.7145676703942,126906.78950054114,126906.78950054114,0.6625657132356497
2011-11-01,236900,47380.0,189520.0,fixed,5,0.048,1099.6092770887833,639.0463221660541,460.5629549227292,159301.01758659078,353100,193798.9824134092,2011,826.0,275.3333333333333,294.25,294.25,1502.8796554993874,0.0,0.0,1502.8796554993874,-0.004696538801104178,676.8796554993874,676.8796554993874,126987.64649502767,126987.64649502767,0.6552544544539427
2011-12-01,236900,47380.0,189520.0,fixed,5,0.048,1099.6092770887833,637.2040703463631,462.4052067424202,158838.61237984835,354700,195861.38762015165,2011,826.0,275.3333333333333,295.5833333333333,295.5833333333333,1503.7040703463629,0.0,0.0,1503.7040703463629,-0.0061434410225711614,677.7040703463629,677.7040703463629,126885.20944853671,126885.20944853671,0.6478316680499298
2012-01-01,236900,47380.0,189520.0,fixed,5,0.048,1099.6092770887833,635.3544495193934,464.25482756938993,158374.35755227896,356800,198425.64244772104,2012,844.0,281.3333333333333,297.3333333333333,297.3333333333333,1511.3544495193933,0.0,0.0,1511.3544495193933,0.04237348811226164,667.3544495193933,667.3544495193933,132929.13281224552,132929.13281224552,0.669919125232356
2012-02-01,236900,47380.0,189520.0,fixed,5,0.048,1099.6092770887833,633.4974302091158,466.1118468796675,157908.24570539928,357900,199991.75429460072,2012,844.0,281.3333333333333,298.25,298.25,1511.3307635424492,0.0,0.0,1511.3307635424492,0.02778784907821111,667.3307635424492,667.3307635424492,137290.2782564721,137290.2782564721,0.6864796938289501
2012-03-01,236900,47380.0,189520.0,fixed,5,0.048,1099.6092770887833,631.6329828215971,467.9762942671862,157440.2694111321,359300,201859.7305888679,2012,844.0,281.3333333333333,299.4166666666667,299.4166666666667,1511.799649488264,0.0,0.0,1511.799649488264,0.005500531935728281,667.7996494882641,667.7996494882641,138713.24746597512,138713.24746597512,0.6871764222676755
2012-04-01,236900,47380.0,189520.0,fixed,5,0.048,1099.6092770887833,629.7610776445283,469.848199444255,156970.42121168785,361000,204029.57878831215,2012,844.0,281.3333333333333,300.8333333333333,300.8333333333333,1512.761077644528,0.0,0.0,1512.761077644528,-0.007971681788967533,668.7610776445281,668.7610776445281,138276.23067490658,138276.23067490658,0.6777263938694547
2012-05-01,236900,47380.0,189520.0,fixed,5,0.048,1099.6092770887833,627.8816848467515,471.72759224203185,156498.6936194458,360800,204301.3063805542,2012,844.0,281.3333333333333,300.6666666666667,300.6666666666667,1510.5483515134183,0.0,0.0,1510.5483515134183,-0.0632395052886793,666.5483515134183,666.5483515134183,130198.2586053556,130198.2586053556,0.6372854922563927
2012-06-01,236900,47380.0,189520.0,fixed,5,0.048,1099.6092770887833,625.9947744777833,473.614502611,156025.07911683482,360400,204374.9208831652,2012,844.0,281.3333333333333,300.3333333333333,300.3333333333333,1507.994774477783,0.0,0.0,1507.994774477783,0.023191087345191295,663.994774477783,663.994774477783,133881.692567342,133881.692567342,0.655078871658025
2012-07-01,236900,47380.0,189520.0,fixed,5,0.048,1099.6092770887833,624.1003164673393,475.508960621444,155549.5701562134,360300,204750.4298437866,2012,844.0,281.3333333333333,300.25,300.25,1505.9336498006726,0.0,0.0,1505.9336498006726,0.00902665916926929,661.9336498006726,661.9336498006726,135752.13062495296,135752.13062495296,0.663012677084607
2012-08-01,236900,47380.0,189520.0,fixed,5,0.048,1099.6092770887833,622.1982806248536,477.4109964639297,155072.15915974946,360100,205027.84084025057,2012,844.0,281.3333333333333,300.0833333333333,300.0833333333333,1503.6982806248534,0.0,0.0,1503.6982806248534,0.02187255080033593,659.6982806248534,659.6982806248534,139381.07427892592,139381.07427892592,0.6798153543816814
2012-09-01,236900,47380.0,189520.0,fixed,5,0.048,1099.6092770887833,620.2886366389978,479.3206404497855,154592.83851929966,359900,205307.1614807003,2012,844.0,281.3333333333333,299.9166666666667,299.9166666666667,1501.4553033056643,0.0,0.0,1501.4553033056643,0.02731650374353781,657.4553033056643,657.4553033056643,143845.9332195502,143845.9332195502,0.7006376795729665
2012-10-01,236900,47380.0,189520.0,fixed,5,0.048,1099.6092770887833,618.3713540771987,481.2379230115846,154111.60059628807,359800,205688.39940371193,2012,844.0,281.3333333333333,299.8333333333333,299.8333333333333,1499.3713540771985,0.0,0.0,1499.3713540771985,-0.005824572674720219,655.3713540771985,655.3713540771985,143663.46348162717,143663.46348162717,0.6984519491527268
2012-11-01,236900,47380.0,189520.0,fixed,5,0.048,1099.6092770887833,616.4464023851523,483.162874703631,153628.43772158443,359600,205971.56227841557,2012,844.0,281.3333333333333,299.6666666666667,299.6666666666667,1497.1130690518191,0.0,0.0,1497.1130690518191,-0.006170528922336072,653.1130690518191,653.1130690518191,143430.09699418265,143430.09699418265,0.6963587371362728
2012-12-01,236900,47380.0,189520.0,fixed,5,0.048,1099.6092770887833,614.5137508863377,485.0955262024456,153143.342195382,361000,207856.657804618,2012,844.0,281.3333333333333,300.8333333333333,300.8333333333333,1497.5137508863374,0.0,0.0,1497.5137508863374,0.011255092158905777,653.5137508863374,653.5137508863374,145697.92970509932,145697.92970509932,0.7009538748672323
2013-01-01,236900,47380.0,189520.0,fixed,5,0.048,1099.6092770887833,612.573368781528,487.03590830725534,152656.30628707472,360700,208043.69371292528,2013,862.0,287.3333333333333,300.5833333333333,300.5833333333333,1501.0733687815275,0.0,0.0,1501.0733687815275,0.035127563159053334,639.0733687815275,639.0733687815275,151455.01630174005,151455.01630174005,0.727996189640477
2013-02-01,236900,47380.0,189520.0,fixed,5,0.048,1099.6092770887833,610.6252251482989,488.9840519404844,152167.32223513423,361200,209032.67776486577,2013,862.0,287.3333333333333,301.0,301.0,1499.9585584816325,0.0,0.0,1499.9585584816325,0.010706218552789892,637.9585584816325,637.9585584816325,153714.48536566447,153714.48536566447,0.7353610306737448
2013-03-01,236900,47380.0,189520.0,fixed,5,0.048,1099.6092770887833,608.669288940537,490.9399881482464,151676.38224698597,361900,210223.61775301403,2013,862.0,287.3333333333333,301.5833333333333,301.5833333333333,1499.1692889405367,0.0,0.0,1499.1692889405367,0.014981709928521802,637.1692889405367,637.1692889405367,156654.5604861654,156654.5604861654,0.7451805946476221
2013-04-01,236900,47380.0,189520.0,fixed,5,0.048,1099.6092770887833,606.7055289879439,492.9037481008394,151183.47849888515,362800,211616.52150111485,2013,862.0,287.3333333333333,302.3333333333333,302.3333333333333,1498.7055289879438,0.0,0.0,1498.7055289879438,-0.0026714219995706786,636.7055289879438,636.7055289879438,156872.77557593753,156872.77557593753,0.741306843450364
2013-05-01,236900,47380.0,189520.0,fixed,5,0.048,1099.6092770887833,604.7339139955405,494.8753630932427,150688.6031357919,363800,213111.3968642081,2013,862.0,287.3333333333333,303.1666666666667,303.1666666666667,1498.4005806622074,0.0,0.0,1498.4005806622074,0.017956157663463954,636.4005806622074,636.4005806622074,160326.00844794646,160326.00844794646,0.7523108140016752
2013-06-01,236900,47380.0,189520.0,fixed,5,0.048,1099.6092770887833,602.7544125431676,496.85486454561567,150191.7482712463,365000,214808.2517287537,2013,862.0,287.3333333333333,304.1666666666667,304.1666666666667,1498.4210792098345,0.0,0.0,1498.4210792098345,-0.028312075721591747,636.4210792098345,636.4210792098345,156423.26743583748,156423.26743583748,0.7281995276110663
2013-07-01,236900,47380.0,189520.0,fixed,5,0.048,1099.6092770887833,600.7669930849852,498.8422840037981,149692.9059872425,366800,217107.0940127575,2013,862.0,287.3333333333333,305.6666666666667,305.6666666666667,1499.433659751652,0.0,0.0,1499.433659751652,0.03925999128625283,637.4336597516519,637.4336597516519,163201.87721208727,163201.87721208727,0.751711398258121
2013-08-01,236900,47380.0,189520.0,fixed,5,0.048,1099.6092770887833,598.77162394897,500.83765313981326,149192.0683341027,368500,219307.9316658973,2013,862.0,287.3333333333333,307.0833333333333,307.0833333333333,1500.2716239489698,0.0,0.0,1500.2716239489698,-0.009158161327674575,638.2716239489698,638.2716239489698,162345.5197155486,162345.5197155486,0.7402628736787888
2013-09-01,236900,47380.0,189520.0,fixed,5,0.048,1099.6092770887833,596.7682733364107,502.84100375237256,148689.22733035032,370800,222110.77266964968,2013,862.0,287.3333333333333,309.0,309.0,1502.101606669744,0.0,0.0,1502.101606669744,0.01993357909415808,640.1016066697439,640.1016066697439,166221.74858005045,166221.74858005045,0.7483731949700422
2013-10-01,236900,47380.0,189520.0,fixed,5,0.048,1099.6092770887833,594.7569093214013,504.852367767382,148184.37496258292,373200,225015.62503741708,2013,862.0,287.3333333333333,311.0,311.0,1504.0902426547343,0.0,0.0,1504.0902426547343,0.04453777245514915,642.0902426547343,642.0902426547343,174266.9852380605,174266.9852380605,0.7744661518909286
2013-11-01,236900,47380.0,189520.0,fixed,5,0.048,1099.6092770887833,592.7374998503317,506.8717772384516,147677.50318534448,375700,228022.49681465552,2013,862.0,287.3333333333333,313.0833333333333,313.0833333333333,1506.2374998503317,0.0,0.0,1506.2374998503317,0.015092475920227921,644.2374998503317,644.2374998503317,177541.343016307,177541.343016307,0.7786132749902246
2013-12-01,236900,47380.0,189520.0,fixed,5,0.048,1099.6092770887833,590.7100127413779,508.8992643474054,147168.60392099706,377000,229831.39607900297,2013,862.0,287.3333333333333,314.1666666666667,314.1666666666667,1506.3766794080448,0.0,0.0,1506.3766794080448,0.020016259360258224,644.3766794080448,644.3766794080448,181739.433264698,181739.433264698,0.7907511174070678
2014-01-01,236900,47380.0,189520.0,fixed,5,0.048,1099.6092770887833,588.6744156839883,510.934861404795,146657.66905959227,378400,231742.33094040773,2014,883.0,294.3333333333333,315.3333333333333,315.3333333333333,1513.6744156839882,0.0,0.0,1513.6744156839882,-0.015309206503327866,630.6744156839882,630.6744156839882,179587.82116673494,179587.82116673494,0.7749461241628562
2014-02-01,236900,47380.0,189520.0,fixed,5,0.048,1099.6092770887833,586.6306762383691,512.9786008504142,146144.69045874185,380300,234155.30954125815,2014,883.0,294.3333333333333,316.9166666666667,316.9166666666667,1514.797342905036,0.0,0.0,1514.797342905036,0.04014184862588047,631.797342905036,631.797342905036,187428.60564196674,187428.60564196674,0.800445678593258
2014-03-01,236900,47380.0,189520.0,fixed,5,0.048,1099.6092770887833,584.5787618349674,515.0305152538159,145629.65994348805,381000,235370.34005651195,2014,883.0,294.3333333333333,317.5,317.5,1513.9120951683008,0.0,0.0,1513.9120951683008,0.007680815566794818,630.9120951683008,630.9120951683008,189499.12228901254,189499.12228901254,0.8051104580276095
2014-04-01,236900,47380.0,189520.0,fixed,5,0.048,1099.6092770887833,582.5186397739523,517.090637314831,145112.56930617322,381900,236787.4306938268,2014,883.0,294.3333333333333,318.25,318.25,1513.3519731072856,0.0,0.0,1513.3519731072856,0.013934732038536157,630.3519731072856,630.3519731072856,192770.093752755,192770.093752755,0.8141061085375451
2014-05-01,236900,47380.0,189520.0,fixed,5,0.048,1099.6092770887833,580.4502772246929,519.1589998640904,144593.41030630912,383300,238706.58969369088,2014,883.0,294.3333333333333,319.4166666666667,319.4166666666667,1513.6169438913596,0.0,0.0,1513.6169438913596,0.00867903143582347,630.6169438913596,630.6169438913596,195073.76840021313,195073.76840021313,0.8172114923619513
2014-06-01,236900,47380.0,189520.0,fixed,5,0.048,1099.6092770887833,578.3736412252365,521.2356358635468,144072.17467044556,385200,241127.82532955444,2014,883.0,294.3333333333333,321.0,321.0,1514.7069745585698,0.0,0.0,1514.7069745585698,0.027870290871114953,631.7069745585698,631.7069745585698,201142.23804141016,201142.23804141016,0.8341726541368872
2014-07-01,236900,47380.0,189520.0,fixed,5,0.048,1099.6092770887833,576.2886986817822,523.3205784070011,143548.85409203856,386700,243151.14590796144,2014,883.0,294.3333333333333,322.25,322.25,1515.1220320151156,0.0,0.0,1515.1220320151156,-0.0016509292000227668,632.1220320151156,632.1220320151156,201442.2884792848,201442.2884792848,0.8284653059193706
2014-08-01,236900,47380.0,189520.0,fixed,5,0.048,1099.6092770887833,574.1954163681543,525.413860720629,143023.44023131792,388900,245876.55976868208,2014,883.0,294.3333333333333,324.0833333333333,324.0833333333333,1516.6954163681542,0.0,0.0,1516.6954163681542,0.028240531968462466,633.6954163681542,633.6954163681542,207764.82128325244,207764.82128325244,0.8449964546385197
2014-09-01,236900,47380.0,189520.0,fixed,5,0.048,1099.6092770887833,572.0937609252717,527.5155161635116,142495.9247151544,391300,248804.0752848456,2014,883.0,294.3333333333333,326.0833333333333,326.0833333333333,1518.5937609252717,0.0,0.0,1518.5937609252717,-0.02925069835686597,635.5937609252717,635.5937609252717,202323.14892765312,202323.14892765312,0.8131826164664772
2014-10-01,236900,47380.0,189520.0,fixed,5,0.048,1099.6092770887833,569.9836988606176,529.6255782281658,141966.29913692625,394000,252033.70086307375,2014,883.0,294.3333333333333,328.3333333333333,328.3333333333333,1520.983698860617,0.0,0.0,1520.983698860617,-0.00021149318425719508,637.9836988606171,637.9836988606171,202918.3426594981,202918.3426594981,0.805123846392831
2014-11-01,236900,47380.0,189520.0,fixed,5,0.048,1099.6092770887833,567.865196547705,531.7440805410783,141434.55505638517,396600,255165.44494361483,2014,883.0,294.3333333333333,330.5,330.5,1523.1985298810382,0.0,0.0,1523.1985298810382,0.016554365462689544,640.1985298810382,640.1985298810382,206917.72559284777,206917.72559284777,0.8109159358884641
2014-12-01,236900,47380.0,189520.0,fixed,5,0.048,1099.6092770887833,565.7382202255407,533.8710568632426,140900.68399952192,399300,258399.31600047808,2014,883.0,294.3333333333333,332.75,332.75,1525.571553558874,0.0,0.0,1525.571553558874,-0.006110775284799775,642.571553558874,642.571553558874,206295.86942286688,206295.86942286688,0.7983607411038395
2015-01-01,236900,47380.0,189520.0,fixed,5,0.0395999999999999,1039.403256895942,464.97225719842226,574.4309996975196,140326.2529998244,401700,261373.7470001756,2015,907.0,302.3333333333333,334.75,334.75,1436.8055905317556,0.0,0.0,1436.8055905317556,-0.014324318634735511,529.8055905317556,529.8055905317556,203870.6272467557,203870.6272467557,0.7799965742030655
2015-02-01,236900,47380.0,189520.0,fixed,5,0.0395999999999999,1039.403256895942,463.0766348994205,576.3266219965215,139749.92637782788,402900,263150.0736221721,2015,907.0,302.3333333333333,335.75,335.75,1436.9099682327535,0.0,0.0,1436.9099682327535,0.0463472008054903,529.9099682327535,529.9099682327535,213849.37011433512,213849.37011433512,0.8126517586363194
2015-03-01,236900,47380.0,189520.0,fixed,5,0.0395999999999999,1039.403256895942,461.1747570468319,578.22849984911,139171.69787797876,404900,265728.3021220212,2015,907.0,302.3333333333333,337.4166666666667,337.4166666666667,1438.341423713499,0.0,0.0,1438.341423713499,-0.01979956862331175,531.3414237134989,531.3414237134989,210146.58625941782,210146.58625941782,0.7908325330092971
2015-04-01,236900,47380.0,189520.0,fixed,5,0.0395999999999999,1039.403256895942,459.2666029973298,580.136653898612,138591.56122408016,407500,268908.43877591984,2015,907.0,302.3333333333333,339.5833333333333,339.5833333333333,1440.7666029973298,0.0,0.0,1440.7666029973298,0.014859060641671118,533.7666029973298,533.7666029973298,213802.93373128402,213802.93373128402,0.7950770704873453
2015-05-01,236900,47380.0,189520.0,fixed,5,0.0395999999999999,1039.403256895942,457.3521520394645,582.0511048564774,138009.51011922368,410200,272190.4898807763,2015,907.0,302.3333333333333,341.8333333333333,341.8333333333333,1443.3521520394645,0.0,0.0,1443.3521520394645,-0.0018725570764102314,536.3521520394645,536.3521520394645,213938.92768680773,213938.92768680773,0.7859897227875827
2015-06-01,236900,47380.0,189520.0,fixed,5,0.0395999999999999,1039.403256895942,455.43138339343807,583.9718735025039,137425.53824572117,414100,276674.46175427886,2015,907.0,302.3333333333333,345.0833333333333,345.0833333333333,1447.931383393438,0.0,0.0,1447.931383393438,-0.026059744680633847,540.931383393438,540.931383393438,208904.66523743435,208904.66523743435,0.7550558295581596
2015-07-01,236900,47380.0,189520.0,fixed,5,0.0395999999999999,1039.403256895942,453.50427621087977,585.8989806850622,136839.6392650361,418500,281660.3607349639,2015,907.0,302.3333333333333,348.75,348.75,1453.3376095442131,0.0,0.0,1453.3376095442131,0.006745817298664114,546.3376095442131,546.3376095442131,210860.2355515089,210860.2355515089,0.7486329812306236
2015-08-01,236900,47380.0,189520.0,fixed,5,0.0395999999999999,1039.403256895942,451.57080957461903,587.8324473213229,136251.80681771477,422900,286648.19318228523,2015,907.0,302.3333333333333,352.4166666666667,352.4166666666667,1458.7374762412858,0.0,0.0,1458.7374762412858,-0.05255497531068939,551.7374762412858,551.7374762412858,200330.21855433448,200330.21855433448,0.6988713807344341
2015-09-01,236900,47380.0,189520.0,fixed,5,0.0395999999999999,1039.403256895942,449.63096249845864,589.7722943974833,135662.03452331727,426600,290937.96547668276,2015,907.0,302.3333333333333,355.5,355.5,1462.964295831792,0.0,0.0,1462.964295831792,-0.03334806993442981,555.964295831792,555.964295831792,194205.55671183672,194205.55671183672,0.6675153460760739
2015-10-01,236900,47380.0,189520.0,fixed,5,0.0395999999999999,1039.403256895942,447.6847139269469,591.718542968995,135070.31598034827,430700,295629.68401965173,2015,907.0,302.3333333333333,358.9166666666667,358.9166666666667,1467.8513805936136,0.0,0.0,1467.8513805936136,0.049632214800639986,560.8513805936136,560.8513805936136,204405.2599986301,204405.2599986301,0.6914233280614758
2015-11-01,236900,47380.0,189520.0,fixed,5,0.0395999999999999,1039.403256895942,445.7320427351492,593.6712141607927,134476.64476618747,435100,300623.35523381253,2015,907.0,302.3333333333333,362.5833333333333,362.5833333333333,1473.232042735149,0.0,0.0,1473.232042735149,-0.002151150454737872,566.232042735149,566.232042735149,204531.78557336837,204531.78557336837,0.6803589342361371
2015-12-01,236900,47380.0,189520.0,fixed,5,0.0395999999999999,1039.403256895942,443.7729277284186,595.6303291675233,133881.01443701994,439300,305418.98556298006,2015,907.0,302.3333333333333,366.0833333333333,366.0833333333333,1478.2729277284184,0.0,0.0,1478.2729277284184,-0.02604123687636736,571.2729277284184,571.2729277284184,199776.79782423432,199776.79782423432,0.654107332116191
2016-01-01,236900,47380.0,189520.0,fixed,5,0.0395999999999999,1039.403256895942,441.8073476421657,597.5959092537762,133283.41852776616,444300,311016.58147223387,2016,926.0,308.6666666666667,370.25,370.25,1490.9740143088325,0.0,0.0,1490.9740143088325,-0.03279736249813089,564.9740143088325,564.9740143088325,193789.61978158593,193789.61978158593,0.6230845277260132
2016-02-01,236900,47380.0,189520.0,fixed,5,0.0395999999999999,1039.403256895942,439.8352811416283,599.5679757543137,132683.85055201183,450600,317916.14944798814,2016,926.0,308.6666666666667,375.5,375.5,1499.501947808295,0.0,0.0,1499.501947808295,-0.0007789984456526241,573.501947808295,573.501947808295,194212.15991680074,194212.15991680074,0.6108911430074248
2016-03-01,236900,47380.0,189520.0,fixed,5,0.0395999999999999,1039.403256895942,437.85670682163897,601.546550074303,132082.30400193753,457200,325117.6959980625,2016,926.0,308.6666666666667,381.0,381.0,1508.5233734883057,0.0,0.0,1508.5233734883057,0.0574365350187687,582.5233734883057,582.5233734883057,205949.55681442108,205949.55681442108,0.6334615413110224
2016-04-01,236900,47380.0,189520.0,fixed,5,0.0395999999999999,1039.403256895942,435.8716032063938,603.5316536895482,131478.772348248,464700,333221.227651752,2016,926.0,308.6666666666667,387.25,387.25,1519.0382698730605,0.0,0.0,1519.0382698730605,0.01807802111222537,593.0382698730605,593.0382698730605,210265.75552043872,210265.75552043872,0.6310094858067881
2016-05-01,236900,47380.0,189520.0,fixed,5,0.0395999999999999,1039.403256895942,433.87994874921833,605.5233081467236,130873.24904010126,473200,342326.75095989875,2016,926.0,308.6666666666667,394.3333333333333,394.3333333333333,1531.2132820825516,0.0,0.0,1531.2132820825516,0.011550301573009103,605.2132820825516,605.2132820825516,213299.60168925897,213299.60168925897,0.6230877402690786
2016-06-01,236900,47380.0,189520.0,fixed,5,0.0395999999999999,1039.403256895942,431.8817218323341,607.5215350636079,130265.72750503763,481000,350734.2724949623,2016,926.0,308.6666666666667,400.8333333333333,400.8333333333333,1542.2150551656673,0.0,0.0,1542.2150551656673,0.00020091584920354158,616.2150551656673,616.2150551656673,213958.67201503282,213958.67201503282,0.6100306950131483
2016-07-01,236900,47380.0,189520.0,fixed,5,0.0395999999999999,1039.403256895942,429.8769007666242,609.5263561293177,129656.20114890832,488300,358643.79885109165,2016,926.0,308.6666666666667,406.9166666666667,406.9166666666667,1552.3769007666244,0.0,0.0,1552.3769007666244,0.03601883606217097,626.3769007666244,626.3769007666244,222291.5912471887,222291.5912471887,0.6198116124112433
2016-08-01,236900,47380.0,189520.0,fixed,5,0.0395999999999999,1039.403256895942,427.8654637913974,611.5377931045446,129044.66335580376,493100,364055.33664419624,2016,926.0,308.6666666666667,410.9166666666667,410.9166666666667,1558.3654637913976,0.0,0.0,1558.3654637913976,-0.00029336069040882895,632.3654637913976,632.3654637913976,222858.74509629974,222858.74509629974,0.612156237429661
2016-09-01,236900,47380.0,189520.0,fixed,5,0.0395999999999999,1039.403256895942,425.8473890741524,613.5558678217895,128431.10748798198,498100,369668.8925120181,2016,926.0,308.6666666666667,415.0833333333333,415.0833333333333,1564.6807224074855,0.0,0.0,1564.6807224074855,0.0035551783317762423,638.6807224074855,638.6807224074855,224289.72840032043,224289.72840032043,0.6067314100361546
2016-10-01,236900,47380.0,189520.0,fixed,5,0.0395999999999999,1039.403256895942,423.8226547103405,615.5806021856015,127815.52688579638,501200,373384.4731142036,2016,926.0,308.6666666666667,417.6666666666667,417.6666666666667,1567.8226547103409,0.0,0.0,1567.8226547103409,-0.00783641075144822,641.8226547103409,641.8226547103409,223173.9246159551,223173.9246159551,0.5977054234595743
2016-11-01,236900,47380.0,189520.0,fixed,5,0.0395999999999999,1039.403256895942,421.791238723128,617.6120181728139,127197.91486762356,505200,378002.0851323764,2016,926.0,308.6666666666667,421.0,421.0,1572.4579053897946,0.0,0.0,1572.4579053897946,0.02687399109182412,646.4579053897946,646.4579053897946,229817.9565834015,229817.9565834015,0.607980658368377
2016-12-01,236900,47380.0,189520.0,fixed,5,0.0395999999999999,1039.403256895942,419.7531190631577,619.6501378327841,126578.26472979078,508000,381421.7352702092,2016,926.0,308.6666666666667,423.3333333333333,423.3333333333333,1575.086452396491,0.0,0.0,1575.086452396491,0.01567787807626134,649.086452396491,649.086452396491,234070.1009388481,234070.1009388481,0.6136779299507582
2017-01-01,236900,47380.0,189520.0,fixed,5,0.0395999999999999,1039.403256895942,417.7082736083095,621.6949832876323,125956.56974650316,514800,388843.43025349686,2017,956.0,318.6666666666667,429.0,429.0,1594.3749402749763,0.0,0.0,1594.3749402749763,0.01195214031792916,638.3749402749763,638.3749402749763,237506.11456977605,237506.11456977605,0.6108014076898247
2017-02-01,236900,47380.0,189520.0,fixed,5,0.0395999999999999,1039.403256895942,415.6566801634603,623.7465767324816,125332.82316977068,527300,401967.17683022935,2017,956.0,318.6666666666667,439.4166666666667,439.4166666666667,1613.1566801634606,0.0,0.0,1613.1566801634606,0.018819708228780794,657.1566801634606,657.1566801634606,242633.0670286941,242633.0670286941,0.6036141282529893
2017-03-01,236900,47380.0,189520.0,fixed,5,0.0395999999999999,1039.403256895942,413.5983164602432,625.8049404356987,124707.01822933498,541000,416292.98177066504,2017,956.0,318.6666666666667,450.8333333333333,450.8333333333333,1633.9316497935763,0.0,0.0,1633.9316497935763,0.004421994042804666,677.9316497935763,677.9316497935763,244383.920655476,244383.920655476,0.5870478998132777
2017-04-01,236900,47380.0,189520.0,fixed,5,0.0395999999999999,1039.403256895942,411.53316015680537,627.8700967391366,124079.14813259584,547100,423020.8518674042,2017,956.0,318.6666666666667,455.9166666666667,455.9166666666667,1642.0331601568057,0.0,0.0,1642.0331601568057,0.005568956453102436,686.0331601568057,686.0331601568057,246430.9172276016,246430.9172276016,0.5825502836083488
2017-05-01,236900,47380.0,189520.0,fixed,5,0.0395999999999999,1039.403256895942,409.4611888375662,629.9420680583758,123449.20606453747,544800,421350.79393546254,2017,956.0,318.6666666666667,454.0,454.0,1636.127855504233,0.0,0.0,1636.127855504233,-0.0019974719950067396,680.1278555042329,680.1278555042329,246618.80622723987,246618.80622723987,0.5853051893501688
2017-06-01,236900,47380.0,189520.0,fixed,5,0.0395999999999999,1039.403256895942,407.3823800129736,632.0208768829683,122817.18518765453,540600,417782.8148123455,2017,956.0,318.6666666666667,450.5,450.5,1627.0490466796402,0.0,0.0,1627.0490466796402,-0.003264022091334274,671.0490466796402,671.0490466796402,246484.8860422553,246484.8860422553,0.589983305447756
2017-07-01,236900,47380.0,189520.0,fixed,5,0.0395999999999999,1039.403256895942,405.29671111925984,634.1065457766821,122183.07864187784,535500,413316.92135812214,2017,956.0,318.6666666666667,446.25,446.25,1616.4633777859265,0.0,0.0,1616.4633777859265,0.00820473420263521,660.4633777859265,660.4633777859265,249167.69239498477,249167.69239498477,0.602848999204393
2017-08-01,236900,47380.0,189520.0,fixed,5,0.0395999999999999,1039.403256895942,403.2041595181968,636.1990973777451,121546.87954450009,533900,412353.1204554999,2017,956.0,318.6666666666667,444.9166666666667,444.9166666666667,1611.704159518197,0.0,0.0,1611.704159518197,0.0023100114737440217,655.704159518197,655.704159518197,250398.9767828217,250398.9767828217,0.6072440448764449
2017-09-01,236900,47380.0,189520.0,fixed,5,0.0395999999999999,1039.403256895942,401.1047024968502,638.2985543990917,120908.580990101,533400,412491.419009899,2017,956.0,318.6666666666667,444.5,444.5,1608.771369163517,0.0,0.0,1608.771369163517,0.023346744571131204,652.771369163517,652.771369163517,256897.7491038064,256897.7491038064,0.6227953777085514
2017-10-01,236900,47380.0,189520.0,fixed,5,0.0395999999999999,1039.403256895942,398.9983172673332,640.4049396286086,120268.17605047238,534400,414131.8239495277,2017,956.0,318.6666666666667,445.3333333333333,445.3333333333333,1608.3316506006663,0.0,0.0,1608.3316506006663,0.0233802178270989,652.3316506006663,652.3316506006663,263556.40608774545,263556.40608774545,0.6364070347799844
2017-11-01,236900,47380.0,189520.0,fixed,5,0.0395999999999999,1039.403256895942,396.8849809665588,642.5182759293832,119625.657774543,535600,415974.342225457,2017,956.0,318.6666666666667,446.3333333333333,446.3333333333333,1608.218314299892,0.0,0.0,1608.218314299892,0.015140263845541268,652.218314299892,652.218314299892,268198.93792839645,268198.93792839645,0.6447487517944877
2017-12-01,236900,47380.0,189520.0,fixed,5,0.0395999999999999,1039.403256895942,394.76467065599184,644.6385862399501,118981.01918830303,536700,417718.98081169697,2017,956.0,318.6666666666667,447.25,447.25,1607.9313373226585,0.0,0.0,1607.9313373226585,0.009113892363857878,651.9313373226585,651.9313373226585,271295.2055180995,271295.2055180995,0.6494682262006101
2018-01-01,236900,47380.0,189520.0,fixed,5,0.0395999999999999,1039.403256895942,392.6373633214,646.7658935745419,118334.2532947285,535100,416765.7467052715,2018,997.0,332.3333333333333,445.9166666666667,445.9166666666667,1616.8040299880668,0.0,0.0,1616.8040299880668,0.01994103455894317,619.8040299880668,619.8040299880668,277324.9166169996,277324.9166169996,0.6654215678936741
2018-02-01,236900,47380.0,189520.0,fixed,5,0.0395999999999999,1039.403256895942,390.503035872604,648.900221023338,117685.35307370516,533300,415614.6469262949,2018,997.0,332.3333333333333,444.4166666666667,444.4166666666667,1611.6697025392707,0.0,0.0,1611.6697025392707,-0.03563643174666111,614.6697025392707,614.6697025392707,268056.7158568687,268056.7158568687,0.6449645551216724
2018-03-01,236900,47380.0,189520.0,fixed,5,0.0395999999999999,1039.403256895942,388.36166514322696,651.041591752715,117034.31148195243,532000,414965.6885180476,2018,997.0,332.3333333333333,443.3333333333333,443.3333333333333,1607.361665143227,0.0,0.0,1607.361665143227,-0.01609186558202005,610.3616651432269,610.3616651432269,264353.54488208547,264353.54488208547,0.6370491638143915
2018-04-01,236900,47380.0,189520.0,fixed,5,0.0395999999999999,1039.403256895942,386.213227890443,653.1900290054989,116381.12145294694,530600,414218.8785470531,2018,997.0,332.3333333333333,442.1666666666667,442.1666666666667,1602.8798945571098,0.0,0.0,1602.8798945571098,0.008979364996253103,605.8798945571098,605.8798945571098,267333.1517441922,267333.1517441922,0.645391037419422
2018-05-01,236900,47380.0,189520.0,fixed,5,0.0395999999999999,1039.403256895942,384.0577007947248,655.3455561012171,115725.77589684572,530300,414574.22410315427,2018,997.0,332.3333333333333,441.9166666666667,441.9166666666667,1600.2243674613917,0.0,0.0,1600.2243674613917,0.025126940488259617,603.2243674613917,603.2243674613917,274653.6403060688,274653.6403060688,0.6624956988105695
2018-06-01,236900,47380.0,189520.0,fixed,5,0.0395999999999999,1039.403256895942,381.8950604595908,657.5081964363511,115068.26770040936,529600,414531.7322995906,2018,997.0,332.3333333333333,441.3333333333333,441.3333333333333,1596.8950604595907,0.0,0.0,1596.8950604595907,0.008943264780244908,599.8950604595907,599.8950604595907,277709.8355946438,277709.8355946438,0.6699362532611549
2018-07-01,236900,47380.0,189520.0,fixed,5,0.0395999999999999,1039.403256895942,379.72528341135086,659.6779734845911,114408.58972692478,530100,415691.4102730752,2018,997.0,332.3333333333333,441.75,441.75,1595.558616744684,0.0,0.0,1595.558616744684,0.022603491608290813,598.5586167446841,598.5586167446841,284585.60614979186,284585.60614979186,0.6846078584179606
2018-08-01,236900,47380.0,189520.0,fixed,5,0.0395999999999999,1039.403256895942,377.5483460988517,661.8549107970903,113746.73481612768,529600,415853.2651838723,2018,997.0,332.3333333333333,441.3333333333333,441.3333333333333,1592.5483460988517,0.0,0.0,1592.5483460988517,0.009717601230167383,595.5483460988517,595.5483460988517,287946.64393229986,287946.64393229986,0.6924236696926795
2018-09-01,236900,47380.0,189520.0,fixed,5,0.0395999999999999,1039.403256895942,375.3642248932213,664.0390320027207,113082.69578412495,529100,416017.30421587505,2018,997.0,332.3333333333333,440.9166666666667,440.9166666666667,1589.530891559888,0.0,0.0,1589.530891559888,-0.0038965573978644538,592.530891559888,592.530891559888,287417.1741982551,287417.1741982551,0.690877930522601
2018-10-01,236900,47380.0,189520.0,fixed,5,0.0395999999999999,1039.403256895942,373.17289608761234,666.2303608083296,112416.46542331664,528600,416183.53457668336,2018,997.0,332.3333333333333,440.5,440.5,1586.5062294209456,0.0,0.0,1586.5062294209456,-0.0674426279534209,589.5062294209456,589.5062294209456,268622.51088079956,268622.51088079956,0.6454424275915338
2018-11-01,236900,47380.0,189520.0,fixed,5,0.0395999999999999,1039.403256895942,370.97433589694486,668.428920998997,111748.03650231764,525900,414151.9634976824,2018,997.0,332.3333333333333,438.25,438.25,1579.8076692302782,0.0,0.0,1579.8076692302782,0.014394353519030989,582.8076692302782,582.8076692302782,273071.9659348178,273071.9659348178,0.6593520977870383
2018-12-01,236900,47380.0,189520.0,fixed,5,0.0395999999999999,1039.403256895942,368.76852045764815,670.6347364382938,111077.40176587936,524400,413322.59823412064,2018,997.0,332.3333333333333,437.0,437.0,1575.1018537909815,0.0,0.0,1575.1018537909815,-0.07488055196694013,578.1018537909815,578.1018537909815,253202.28825271217,253202.28825271217,0.6126020917668029
2019-01-01,236900,47380.0,189520.0,fixed,5,0.0395999999999999,1039.403256895942,366.5554258274018,672.8478310685401,110404.5539348108,519400,408995.4460651892,2019,1049.0,349.6666666666667,432.8333333333333,432.8333333333333,1581.888759160735,0.0,0.0,1581.888759160735,0.08164271695902806,532.8887591607349,532.8887591607349,274407.29976506735,274407.29976506735,0.6709299636586418
2019-02-01,236900,47380.0,189520.0,fixed,5,0.0395999999999999,1039.403256895942,364.3350279848756,675.0682289110664,109729.48570589971,513500,403770.5142941003,2019,1049.0,349.6666666666667,427.9166666666667,427.9166666666667,1569.8350279848758,0.0,0.0,1569.8350279848758,0.029404576540062486,520.8350279848758,520.8350279848758,282996.96524214605,282996.96524214605,0.7008856645634489
2019-03-01,236900,47380.0,189520.0,fixed,5,0.0395999999999999,1039.403256895942,362.10730282946906,677.2959540664729,109052.18975183326,510600,401547.81024816673,2019,1049.0,349.6666666666667,425.5,425.5,1562.7739694961358,0.0,0.0,1562.7739694961358,0.011975871152349027,513.7739694961358,513.7739694961358,286899.8744038879,286899.8744038879,0.714484968120176
2019-04-01,236900,47380.0,189520.0,fixed,5,0.0395999999999999,1039.403256895942,359.8722261810497,679.5310307148923,108372.65872111837,510700,402327.3412788817,2019,1049.0,349.6666666666667,425.5833333333333,425.5833333333333,1560.705559514383,0.0,0.0,1560.705559514383,0.03430983145626313,511.7055595143829,511.7055595143829,297255.06629902276,297255.06629902276,0.738838840418191
2019-05-01,236900,47380.0,189520.0,fixed,5,0.0395999999999999,1039.403256895942,357.62977377969054,681.7734831162513,107690.88523800213,511400,403709.1147619979,2019,1049.0,349.6666666666667,426.1666666666667,426.1666666666667,1559.6297737796906,0.0,0.0,1559.6297737796906,-0.049477689498338716,510.6297737796906,510.6297737796906,283058.20220065134,283058.20220065134,0.701143947090531
2019-06-01,236900,47380.0,189520.0,fixed,5,0.0395999999999999,1039.403256895942,355.3799212854069,684.023335610535,107006.86190239158,514400,407393.1380976084,2019,1049.0,349.6666666666667,428.6666666666667,428.6666666666667,1562.3799212854071,0.0,0.0,1562.3799212854071,0.045003436080758775,513.3799212854071,513.3799212854071,296310.17383180826,296310.17383180826,0.7273322648866376
2019-07-01,236900,47380.0,189520.0,fixed,5,0.0395999999999999,1039.403256895942,353.12264427789216,686.2806126180498,106320.58128977352,517200,410879.4187102265,2019,1049.0,349.6666666666667,431.0,431.0,1564.7893109445588,0.0,0.0,1564.7893109445588,0.007100453464269052,515.7893109445588,515.7893109445588,298929.8997430351,298929.8997430351,0.7275368055216608
2019-08-01,236900,47380.0,189520.0,fixed,5,0.0395999999999999,1039.403256895942,350.8579182562526,688.5453386396894,105632.03595113385,519500,413867.9640488662,2019,1049.0,349.6666666666667,432.9166666666667,432.9166666666667,1566.3579182562528,0.0,0.0,1566.3579182562528,-0.008172265292234438,517.3579182562528,517.3579182562528,297004.3232168102,297004.3232168102,0.7176306189810389
2019-09-01,236900,47380.0,189520.0,fixed,5,0.0395999999999999,1039.403256895942,348.58571863874164,690.8175382572003,104941.21841287664,522300,417358.78158712335,2019,1049.0,349.6666666666667,435.25,435.25,1568.7523853054083,0.0,0.0,1568.7523853054083,0.014965964474903759,519.7523853054083,519.7523853054083,301969.0317522712,301969.0317522712,0.7235238482438291
2019-10-01,236900,47380.0,189520.0,fixed,5,0.0395999999999999,1039.403256895942,346.3060207624929,693.0972361334491,104248.1211767432,525600,421351.8788232568,2019,1049.0,349.6666666666667,438.0,438.0,1571.9726874291596,0.0,0.0,1571.9726874291596,0.004743003990666272,522.9726874291596,522.9726874291596,303924.244762359,303924.244762359,0.7213074393097585
2019-11-01,236900,47380.0,189520.0,fixed,5,0.0395999999999999,1039.403256895942,344.01879988325254,695.3844570126894,103552.73671973051,527800,424247.26328026946,2019,1049.0,349.6666666666667,439.8333333333333,439.8333333333333,1573.3521332165858,0.0,0.0,1573.3521332165858,0.03371117644730496,524.3521332165858,524.3521332165858,314694.2407373734,314694.2407373734,0.7417708208749899
2019-12-01,236900,47380.0,189520.0,fixed,5,0.0395999999999999,1039.403256895942,341.72403117511067,697.6792257208313,102855.05749400968,529800,426944.94250599033,2019,1049.0,349.6666666666667,441.5,441.5,1574.3906978417774,0.0,0.0,1574.3906978417774,0.014767319332790551,525.3906978417774,525.3906978417774,319866.82178037404,319866.82178037404,0.7491992290689474
2020-01-01,236900,47380.0,189520.0,fixed,5,0.0408,1045.272552081111,349.70719547963296,695.565356601478,102159.4921374082,531800,429640.50786259177,2020,1097.0,365.6666666666667,443.1666666666667,443.1666666666667,1601.7071954796331,0.0,0.0,1601.7071954796331,0.00645268396194607,504.7071954796331,504.7071954796331,322435.5284867146,322435.5284867146,0.7504774866103556
2020-02-01,236900,47380.0,189520.0,fixed,5,0.0408,1045.272552081111,347.3422732671879,697.930278813923,101461.56185859429,534200,432738.4381414057,2020,1097.0,365.6666666666667,445.1666666666667,445.1666666666667,1603.342273267188,0.0,0.0,1603.342273267188,-0.07273388149289758,506.3422732671879,506.3422732671879,299489.88324192923,299489.88324192923,0.6920806123168219
2020-03-01,236900,47380.0,189520.0,fixed,5,0.0408,1045.272552081111,344.9693103192206,700.3032417618904,100761.2586168324,535300,434538.7413831676,2020,1097.0,365.6666666666667,446.0833333333333,446.0833333333333,1602.8026436525538,0.0,0.0,1602.8026436525538,-0.1514441802066955,505.8026436525538,505.8026436525538,254639.68603780886,254639.68603780886,0.5859999622295418
2020-04-01,236900,47380.0,189520.0,fixed,5,0.0408,1045.272552081111,342.58827929723014,702.6842727838807,100058.57434404852,528000,427941.4256559515,2020,1097.0,365.6666666666667,440.0,440.0,1588.2549459638967,0.0,0.0,1588.2549459638967,0.11560627705877627,491.2549459638967,491.2549459638967,284568.8870780195,284568.8870780195,0.6649715825987876
2020-05-01,236900,47380.0,189520.0,fixed,5,0.0408,1045.272552081111,340.19915276976496,705.073399311346,99353.50094473716,531900,432546.4990552628,2020,1097.0,365.6666666666667,443.25,443.25,1592.3658194364316,0.0,0.0,1592.3658194364316,0.03637305293680341,495.3658194364316,495.3658194364316,295414.892091312,295414.892091312,0.6829667856208202
2020-06-01,236900,47380.0,189520.0,fixed,5,0.0408,1045.272552081111,337.8019032121064,707.4706488690044,98646.03029586816,542500,443853.9697041318,2020,1097.0,365.6666666666667,452.0833333333333,452.0833333333333,1607.6352365454395,0.0,0.0,1607.6352365454395,0.019596153929717173,510.6352365454395,510.6352365454395,301714.52302640956,301714.52302640956,0.6797607853491299
2020-07-01,236900,47380.0,189520.0,fixed,5,0.0408,1045.272552081111,335.3965030059518,709.8760490751591,97936.154246793,555600,457663.845753207,2020,1097.0,365.6666666666667,463.0,463.0,1627.0631696726184,0.0,0.0,1627.0631696726184,0.04841843339945321,530.0631696726184,530.0631696726184,316853.1307348842,316853.1307348842,0.6923272040714041
2020-08-01,236900,47380.0,189520.0,fixed,5,0.0408,1045.272552081111,332.9829244390963,712.2896276420147,97223.864619151,568300,471076.135380849,2020,1097.0,365.6666666666667,473.5833333333333,473.5833333333333,1645.8162577724297,0.0,0.0,1645.8162577724297,0.045498616146761685,548.8162577724297,548.8162577724297,331818.3259628628,331818.3259628628,0.7043836463814899
2020-09-01,236900,47380.0,189520.0,fixed,5,0.0408,1045.272552081111,330.5611397051134,714.7114123759975,96509.153206775,577200,480690.84679322504,2020,1097.0,365.6666666666667,481.0,481.0,1658.2278063717802,0.0,0.0,1658.2278063717802,-0.03172102506164456,561.2278063717802,561.2278063717802,321853.93633545365,321853.93633545365,0.6695653526223748
2020-10-01,236900,47380.0,189520.0,fixed,5,0.0408,1045.272552081111,328.131120903035,717.1414311780759,95792.01177559693,584200,488407.9882244031,2020,1097.0,365.6666666666667,486.8333333333333,486.8333333333333,1667.4644542363685,0.0,0.0,1667.4644542363685,-0.03081396329381261,570.4644542363685,570.4644542363685,312506.8054094803,312506.8054094803,0.6398478586429189
2020-11-01,236900,47380.0,189520.0,fixed,5,0.0408,1045.272552081111,325.6928400370295,719.5797120440814,95072.43206355284,592900,497827.5679364472,2020,1097.0,365.6666666666667,494.0833333333333,494.0833333333333,1679.5261733703628,0.0,0.0,1679.5261733703628,0.1052216734751387,582.5261733703628,582.5261733703628,345971.8206204057,345971.8206204057,0.6949631617519674
2020-12-01,236900,47380.0,189520.0,fixed,5,0.0408,1045.272552081111,323.2462690160796,722.0262830650313,94350.4057804878,602700,508349.5942195122,2020,1097.0,365.6666666666667,502.25,502.25,1693.4129356827464,0.0,0.0,1693.4129356827464,0.02542324423155454,596.4129356827464,596.4129356827464,355363.9596489566,355363.9596489566,0.6990542801446709
2021-01-01,236900,47380.0,189520.0,fixed,5,0.0408,1045.272552081111,320.7913796536585,724.4811724274524,93625.92460806036,616600,522974.07539193967,2021,1134.0,378.0,513.8333333333334,513.8333333333334,1726.4580463203251,0.0,0.0,1726.4580463203251,-0.008541471477710805,592.4580463203251,592.4580463203251,352921.08656972897,352921.08656972897,0.6748347636644024
2021-02-01,236900,47380.0,189520.0,fixed,5,0.0408,1045.272552081111,318.3281436674052,726.9444084137058,92898.98019964664,634600,541701.0198003533,2021,1134.0,378.0,528.8333333333334,528.8333333333334,1753.994810334072,0.0,0.0,1753.994810334072,0.033697402723909566,619.9948103340721,619.9948103340721,365433.60536396294,365433.60536396294,0.6746038718897841
2021-03-01,236900,47380.0,189520.0,fixed,5,0.0408,1045.272552081111,315.8565326787986,729.4160194023123,92169.56418024431,654000,561830.4358197557,2021,1134.0,378.0,545.0,545.0,1783.8565326787989,0.0,0.0,1783.8565326787989,0.038740478115978284,649.8565326787989,649.8565326787989,380240.53448808746,380240.53448808746,0.6767887786878011
2021-04-01,236900,47380.0,189520.0,fixed,5,0.0408,1045.272552081111,313.3765182128307,731.8960338682803,91437.66814637605,664600,573162.331853624,2021,1134.0,378.0,553.8333333333334,553.8333333333334,1799.0431848794974,0.0,0.0,1799.0431848794974,0.03690231507615841,665.0431848794974,665.0431848794974,394937.3336813732,394937.3336813732,0.689049701511497
2021-05-01,236900,47380.0,189520.0,fixed,5,0.0408,1045.272552081111,310.8880716976786,734.3844803834323,90703.2836659926,676200,585496.7163340074,2021,1134.0,378.0,563.5,563.5,1815.8880716976787,0.0,0.0,1815.8880716976787,0.01882887744954179,681.8880716976787,681.8880716976787,403055.44840920623,403055.44840920623,0.6883991611991822
2021-06-01,236900,47380.0,189520.0,fixed,5,0.0408,1045.272552081111,308.3911644643749,736.881387616736,89966.40227837587,685500,595533.5977216242,2021,1134.0,378.0,571.25,571.25,1828.891164464375,0.0,0.0,1828.891164464375,0.021911798035902628,694.8911644643749,694.8911644643749,412582.00915648334,412582.00915648334,0.692793841917447
2021-07-01,236900,47380.0,189520.0,fixed,5,0.0408,1045.272552081111,305.885767746478,739.3867843346329,89227.01549404123,693100,603872.9845059587,2021,1134.0,378.0,577.5833333333334,577.5833333333334,1839.052434413145,0.0,0.0,1839.052434413145,0.014195606450432196,705.052434413145,705.052434413145,419143.9134214106,419143.9134214106,0.6940928376922195
2021-08-01,236900,47380.0,189520.0,fixed,5,0.0408,1045.272552081111,303.3718526797402,741.9006994013707,88485.11479463986,702600,614114.8852053601,2021,1134.0,378.0,585.5,585.5,1852.37185267974,0.0,0.0,1852.37185267974,0.021559718553408467,718.37185267974,718.37185267974,428898.91008083016,428898.91008083016,0.698401749271077
2021-09-01,236900,47380.0,189520.0,fixed,5,0.0408,1045.272552081111,300.84939030177554,744.4231617793354,87740.69163286051,716800,629059.3083671394,2021,1134.0,378.0,597.3333333333334,597.3333333333334,1873.5160569684424,0.0,0.0,1873.5160569684424,-0.03644500177571199,739.5160569684424,739.5160569684424,414007.2045983018,414007.2045983018,0.6581369977227549
2021-10-01,236900,47380.0,189520.0,fixed,5,0.0408,1045.272552081111,298.31835155172575,746.9542005293852,86993.73743233112,733200,646206.2625676689,2021,1134.0,378.0,611.0,611.0,1898.3183515517255,0.0,0.0,1898.3183515517255,0.05844892492628565,764.3183515517255,764.3183515517255,438969.798970361,438969.798970361,0.6793029167283772
2021-11-01,236900,47380.0,189520.0,fixed,5,0.0408,1045.272552081111,295.77870726992586,749.493844811185,86244.24358751994,750300,664055.75641248,2021,1134.0,378.0,625.25,625.25,1924.278707269926,0.0,0.0,1924.278707269926,-0.01333792370530642,790.2787072699259,790.2787072699259,433905.1319900306,433905.1319900306,0.6534167165934621
2021-12-01,236900,47380.0,189520.0,fixed,5,0.0408,1045.272552081111,293.23042819756785,752.0421238835431,85492.2014636364,766400,680907.7985363636,2021,1134.0,378.0,638.6666666666666,638.6666666666666,1948.563761530901,0.0,0.0,1948.563761530901,0.035218646170922,814.563761530901,814.563761530901,450001.2470668656,450001.2470668656,0.6608842607386196
2022-01-01,236900,47380.0,189520.0,fixed,5,0.0408,1045.272552081111,290.6734849763638,754.5990671047471,84737.60239653166,801800,717062.3976034684,2022,1214.0,404.6666666666667,668.1666666666666,668.1666666666666,2031.673484976364,0.0,0.0,2031.673484976364,-0.029434082053452906,817.6734849763641,817.6734849763641,437573.54692151974,437573.54692151974,0.610230781008678
2022-02-01,236900,47380.0,189520.0,fixed,5,0.0408,1045.272552081111,288.10784814820767,757.1647039329032,83980.43769259876,827600,743619.5623074012,2022,1214.0,404.6666666666667,689.6666666666666,689.6666666666666,2072.1078481482077,0.0,0.0,2072.1078481482077,-0.015222648954374552,858.1078481482077,858.1078481482077,431770.62627316115,431770.62627316115,0.5806337651115661
2022-03-01,236900,47380.0,189520.0,fixed,5,0.0408,1045.272552081111,285.5334881548358,759.7390639262751,83220.69862867249,826900,743679.3013713275,2022,1214.0,404.6666666666667,689.0833333333334,689.0833333333334,2068.3668214881695,0.0,0.0,2068.3668214881695,0.035755219384534555,854.3668214881695,854.3668214881695,448063.04656084406,448063.04656084406,0.6024949810148355
2022-04-01,236900,47380.0,189520.0,fixed,5,0.0408,1045.272552081111,282.9503753374865,762.3221767436244,82458.37645192887,808700,726241.6235480711,2022,1214.0,404.6666666666667,673.9166666666666,673.9166666666666,2035.4503753374863,0.0,0.0,2035.4503753374863,-0.0699562116208948,821.4503753374863,821.4503753374863,417539.7036314683,417539.7036314683,0.574932212769034
2022-05-01,236900,47380.0,189520.0,fixed,5,0.0408,1045.272552081111,280.3584799365582,764.9140721445527,81693.46237978431,791600,709906.5376202157,2022,1214.0,404.6666666666667,659.6666666666666,659.6666666666666,2004.358479936558,0.0,0.0,2004.358479936558,-0.0009692409367111584,790.3584799365581,790.3584799365581,417925.36553794297,417925.36553794297,0.5887047708264997
2022-06-01,236900,47380.0,189520.0,fixed,5,0.0408,1045.272552081111,277.75777209126665,767.5147799898443,80925.94759979447,770800,689874.0524002055,2022,1214.0,404.6666666666667,642.3333333333334,642.3333333333334,1967.0911054246003,0.0,0.0,1967.0911054246003,-0.08722291781298117,753.0911054246003,753.0911054246003,382225.78683309146,382225.78683309146,0.5540515482547197
2022-07-01,236900,47380.0,189520.0,fixed,5,0.0408,1045.272552081111,275.1482218393012,770.1243302418097,80155.82326955265,751500,671344.1767304473,2022,1214.0,404.6666666666667,626.25,626.25,1932.314888505968,0.0,0.0,1932.314888505968,0.0673922347488182,718.3148885059679,718.3148885059679,408703.1516749049,408703.1516749049,0.6087833421976699
2022-08-01,236900,47380.0,189520.0,fixed,5,0.0408,1045.272552081111,272.529799116479,772.7427529646319,79383.08051658802,736800,657416.9194834119,2022,1214.0,404.6666666666667,614.0,614.0,1905.1964657831456,0.0,0.0,1905.1964657831456,-0.0306220662467688,691.1964657831456,691.1964657831456,396879.01315483596,396879.01315483596,0.6036945527150371
2022-09-01,236900,47380.0,189520.0,fixed,5,0.0408,1045.272552081111,269.9024737563993,775.3700783247116,78607.7104382633,726500,647892.2895617367,2022,1214.0,404.6666666666667,605.4166666666666,605.4166666666666,1885.402473756399,0.0,0.0,1885.402473756399,-0.06983848463257195,671.4024737563991,671.4024737563991,369832.98676738807,369832.98676738807,0.5708248002419656
2022-10-01,236900,47380.0,189520.0,fixed,5,0.0408,1045.272552081111,267.26621549009525,778.0063365910157,77829.70410167228,718400,640570.2958983277,2022,1214.0,404.6666666666667,598.6666666666666,598.6666666666666,1869.266215490095,0.0,0.0,1869.266215490095,0.0663414974026936,655.266215490095,655.266215490095,395023.5271139373,395023.5271139373,0.6166747500521567
2022-11-01,236900,47380.0,189520.0,fixed,5,0.0408,1045.272552081111,264.62099394568577,780.6515581354251,77049.05254353685,711500,634450.9474564631,2022,1214.0,404.6666666666667,592.9166666666666,592.9166666666666,1855.1209939456855,0.0,0.0,1855.1209939456855,0.053106770622593426,641.1209939456855,641.1209939456855,416643.0719528507,416643.0719528507,0.6566986362352959
2022-12-01,236900,47380.0,189520.0,fixed,5,0.0408,1045.272552081111,261.9667786480253,783.3057734330856,76265.74677010377,703500,627234.2532298962,2022,1214.0,404.6666666666667,586.25,586.25,1839.133445314692,0.0,0.0,1839.133445314692,-0.055812105064608174,625.1334453146919,625.1334453146919,394014.47849189176,394014.47849189176,0.6281775532234464
2023-01-01,236900,47380.0,189520.0,fixed,5,0.0408,1045.272552081111,259.3035390183528,785.9690130627581,75479.77775704101,696600,621120.222242959,2023,1314.0,438.0,580.5,580.5,1858.3035390183527,0.0,0.0,1858.3035390183527,0.06632729428339404,544.3035390183527,544.3035390183527,420692.6962977599,420692.6962977599,0.6773128312882408
2023-02-01,236900,47380.0,189520.0,fixed,5,0.0408,1045.272552081111,256.63124437393947,788.6413077071714,74691.13644933383,695000,620308.8635506661,2023,1314.0,438.0,579.1666666666666,579.1666666666666,1852.9645777072728,0.0,0.0,1852.9645777072728,-0.026414998826756877,538.9645777072728,538.9645777072728,410119.06379633665,410119.06379633665,0.6611529963457287
2023-03-01,236900,47380.0,189520.0,fixed,5,0.0408,1045.272552081111,253.94986392773504,791.3226881533759,73899.81376118046,698400,624500.1862388195,2023,1314.0,438.0,582.0,582.0,1855.949863927735,0.0,0.0,1855.949863927735,0.01431814561266368,541.9498639277349,541.9498639277349,416533.15813422966,416533.15813422966,0.6669864434194744
2023-04-01,236900,47380.0,189520.0,fixed,5,0.0408,1045.272552081111,251.2593667880136,794.0131852930973,73105.80057588736,710800,637694.1994241127,2023,1314.0,438.0,592.3333333333334,592.3333333333334,1873.92603345468,0.0,0.0,1873.92603345468,0.02046116250676314,559.92603345468,559.92603345468,425615.8368057241,425615.8368057241,0.6674293684811438
2023-05-01,236900,47380.0,189520.0,fixed,5,0.0408,1045.272552081111,248.55972195801704,796.7128301230939,72309.08774576426,722400,650090.9122542357,2023,1314.0,438.0,602.0,602.0,1890.559721958017,0.0,0.0,1890.559721958017,-0.02475399361557992,576.559721958017,576.559721958017,415656.7048207035,415656.7048207035,0.6393824263430861
2023-06-01,236900,47380.0,189520.0,fixed,5,0.0408,1045.272552081111,245.85089833559852,799.4216537455125,71509.66609201876,731300,659790.3339079813,2023,1314.0,438.0,609.4166666666666,609.4166666666666,1902.6842316689315,0.0,0.0,1902.6842316689315,0.0470515273389425,588.6842316689315,588.6842316689315,435802.6718628585,435802.6718628585,0.6605169088816
2023-07-01,236900,47380.0,189520.0,fixed,5,0.0408,1045.272552081111,243.13286471286375,802.1396873682471,70707.5264046505,736100,665392.4735953495,2023,1314.0,438.0,613.4166666666666,613.4166666666666,1907.966198046197,0.0,0.0,1907.966198046197,0.027052846671489137,593.966198046197,593.966198046197,448186.340921836,448186.340921836,0.6735668927845361
2023-08-01,236900,47380.0,189520.0,fixed,5,0.0408,1045.272552081111,240.40558977581173,804.8669623052992,69902.6594423452,735400,665497.3405576549,2023,1314.0,438.0,612.8333333333334,612.8333333333334,1904.0722564424784,0.0,0.0,1904.0722564424784,-0.017162870019823997,590.0722564424784,590.0722564424784,441084.2492643764,441084.2492643764,0.662788898442132
2023-09-01,236900,47380.0,189520.0,fixed,5,0.0408,1045.272552081111,237.6690421039737,807.6035099771373,69095.05593236806,730100,661004.944067632,2023,1314.0,438.0,608.4166666666666,608.4166666666666,1892.502375437307,0.0,0.0,1892.502375437307,-0.043079691211463954,578.5023754373069,578.5023754373069,422660.978383264,422660.978383264,0.6394218109509611
2023-10-01,236900,47380.0,189520.0,fixed,5,0.0408,1045.272552081111,234.92319017005144,810.3493619110595,68284.706570457,722500,654215.293429543,2023,1314.0,438.0,602.0833333333334,602.0833333333334,1877.0898568367184,0.0,0.0,1877.0898568367184,-0.028285065472552464,563.0898568367184,563.0898568367184,411269.074793837,411269.074793837,0.6286448496761249
2023-11-01,236900,47380.0,189520.0,fixed,5,0.0408,1045.272552081111,232.16800233955385,813.1045497415571,67471.60202071544,712600,645128.3979792845,2023,1314.0,438.0,593.8333333333334,593.8333333333334,1857.8346690062208,0.0,0.0,1857.8346690062208,0.08048483246079843,543.8346690062208,543.8346690062208,444913.8320439328,444913.8320439328,0.6896516002667414
2023-12-01,236900,47380.0,189520.0,fixed,5,0.0408,1045.272552081111,229.4034468704325,815.8691052106784,66655.73291550476,706600,639944.2670844953,2023,1314.0,438.0,588.8333333333334,588.8333333333334,1845.0701135370991,0.0,0.0,1845.0701135370991,0.03974798250627191,531.0701135370991,531.0701135370991,463129.3293703505,463129.3293703505,0.7237025991033701
2024-01-01,236900,47380.0,189520.0,fixed,5,0.0408,1045.272552081111,226.62949191271625,818.6430601683946,65837.08985533637,702200,636362.9101446636,2024,1402.0,467.3333333333333,585.1666666666666,585.1666666666666,1864.2961585793828,0.0,0.0,1864.2961585793828,0.009254426161433937,462.2961585793828,462.2961585793828,467877.6217107823,467877.6217107823,0.7352371017418664
2024-02-01,236900,47380.0,189520.0,fixed,5,0.0408,1045.272552081111,223.8461055081437,821.4264465729673,65015.6634087634,703700,638684.3365912366,2024,1402.0,467.3333333333333,586.4166666666666,586.4166666666666,1864.0127721748104,0.0,0.0,1864.0127721748104,0.033779225800946756,462.0127721748104,462.0127721748104,484144.1783139356,484144.1783139356,0.7580335865098754
2024-03-01,236900,47380.0,189520.0,fixed,5,0.0408,1045.272552081111,221.0532555897956,824.2192964913154,64191.44411227209,705100,640908.5558877279,2024,1402.0,467.3333333333333,587.5833333333334,587.5833333333334,1863.553255589796,0.0,0.0,1863.553255589796,0.034104067339176626,461.553255589796,461.553255589796,501117.01722861413,501117.01722861413,0.7818853604388425
2024-04-01,236900,47380.0,189520.0,fixed,5,0.0408,1045.272552081111,218.25090998172513,827.0216420993858,63364.4224701727,703700,640335.5775298272,2024,1402.0,467.3333333333333,586.4166666666666,586.4166666666666,1858.417576648392,0.0,0.0,1858.417576648392,-0.03122248270667535,456.417576648392,456.417576648392,485927.31740082137,485927.31740082137,0.7588635310181349
2024-05-01,236900,47380.0,189520.0,fixed,5,0.0408,1045.272552081111,215.4390363985872,829.8335156825237,62534.58895449017,701900,639365.4110455099,2024,1402.0,467.3333333333333,584.9166666666666,584.9166666666666,1852.6057030652537,0.0,0.0,1852.6057030652537,0.03657253053622803,450.6057030652537,450.6057030652537,504149.5147579156,504149.5147579156,0.788515465566889
2024-06-01,236900,47380.0,189520.0,fixed,5,0.0408,1045.272552081111,212.6176024452666,832.6549496358443,61701.93400485433,703700,641998.0659951457,2024,1402.0,467.3333333333333,586.4166666666666,586.4166666666666,1852.784269111933,0.0,0.0,1852.784269111933,0.008295945423732331,450.7842691119331,450.7842691119331,508782.6958868603,508782.6958868603,0.7924987984164852
2024-07-01,236900,47380.0,189520.0,fixed,5,0.0408,1045.272552081111,209.7865756165047,835.4859764646062,60866.44802838973,703900,643033.5519716103,2024,1402.0,467.3333333333333,586.5833333333334,586.5833333333334,1850.2865756165047,0.0,0.0,1850.2865756165047,0.03367986428976492,448.2865756165047,448.2865756165047,526366.7146129269,526366.7146129269,0.8185680404996438
2024-08-01,236900,47380.0,189520.0,fixed,5,0.0408,1045.272552081111,206.94592329652508,838.3266287845859,60028.121399605145,703300,643271.8786003948,2024,1402.0,467.3333333333333,586.0833333333334,586.0833333333334,1846.445923296525,0.0,0.0,1846.445923296525,0.016301877094146686,444.44592329652505,444.44592329652505,535391.9260242932,535391.9260242932,0.8322949344360855
2024-09-01,236900,47380.0,189520.0,fixed,5,0.0408,1045.272552081111,204.0956127586575,841.1769393224534,59186.94446028269,702100,642913.0555397173,2024,1402.0,467.3333333333333,585.0833333333334,585.0833333333334,1841.5956127586576,0.0,0.0,1841.5956127586576,0.023900954149598284,439.5956127586576,439.5956127586576,548627.8995130236,548627.8995130236,0.8533469569263257
2024-10-01,236900,47380.0,189520.0,fixed,5,0.0408,1045.272552081111,201.23561116496117,844.0369409161498,58342.90751936654,700000,641657.0924806334,2024,1402.0,467.3333333333333,583.3333333333334,583.3333333333334,1835.2356111649617,0.0,0.0,1835.2356111649617,-0.001896342644459615,433.2356111649617,433.2356111649617,548020.7486424017,548020.7486424017,0.854071053003972
2024-11-01,236900,47380.0,189520.0,fixed,5,0.0408,1045.272552081111,198.36588556584624,846.9066665152646,57496.00085285128,701300,643803.9991471487,2024,1402.0,467.3333333333333,584.4166666666666,584.4166666666666,1834.532552232513,0.0,0.0,1834.532552232513,0.059305132115965366,432.5325522325129,432.5325522325129,580953.7240951621,580953.7240951621,0.9023766936284261
2024-12-01,236900,47380.0,189520.0,fixed,5,0.0408,1045.272552081111,195.48640289969435,849.7861491814166,56646.21470366986,700400,643753.7852963301,2024,1402.0,467.3333333333333,583.6666666666666,583.6666666666666,1830.153069566361,0.0,0.0,1830.153069566361,-0.03064047297384306,428.15306956636095,428.15306956636095,563581.1802825371,563581.1802825371,0.8754607633462097
2025-01-01,236900,47380.0,189520.0,fixed,5,0.0530999999999999,1077.0477661807868,250.65950006373907,826.3882661170477,55819.82643755281,700400,644580.1735624472,2025,1488.0,496.0,583.6666666666666,583.6666666666666,1913.9928333970724,0.0,0.0,1913.9928333970724,0.02958102338844174,425.99283339707245,425.99283339707245,580678.4811911576,580678.4811911576,0.9008630811305914
2025-02-01,236900,47380.0,189520.0,fixed,5,0.0530999999999999,1077.0477661807868,247.0027319861711,830.0450341946156,54989.78140335819,694900,639910.2185966418,2025,1488.0,496.0,579.0833333333334,579.0833333333334,1901.169398652838,0.0,0.0,1901.169398652838,-0.010063086114289155,413.169398652838,413.169398652838,575248.2330288691,575248.2330288691,0.8989514721149789
2025-03-01,236900,47380.0,189520.0,fixed,5,0.0530999999999999,1077.0477661807868,243.32978270986,833.7179834709268,54156.06341988727,690700,636543.9365801127,2025,1488.0,496.0,575.5833333333334,575.5833333333334,1890.496449376527,0.0,0.0,1890.496449376527,-0.03835315935389085,402.4964493765269,402.4964493765269,553588.1423288453,553588.1423288453,0.8696778187897688
2025-04-01,236900,47380.0,189520.0,fixed,5,0.0530999999999999,1077.0477661807868,239.64058063300115,837.4071855477856,53318.65623433948,685400,632081.3437656605,2025,1488.0,496.0,571.1666666666666,571.1666666666666,1877.9739139663343,0.0,0.0,1877.9739139663343,-0.005541824364576975,389.9739139663343,389.9739139663343,550910.2279877128,550910.2279877128,0.8715812188121767
2025-05-01,236900,47380.0,189520.0,fixed,5,0.0530999999999999,1077.0477661807868,235.93505383695216,841.1127123438346,52477.54352199565,684500,632022.4564780043,2025,1488.0,496.0,570.4166666666666,570.4166666666666,1872.7683871702852,0.0,0.0,1872.7683871702852,0.057391517484157085,384.7683871702852,384.7683871702852,582912.5703566408,582912.5703566408,0.922297244950706
2025-06-01,236900,47380.0,189520.0,fixed,5,0.0530999999999999,1077.0477661807868,232.2131300848307,844.8346360959561,51632.708885899694,681300,629667.2911141003,2025,1488.0,496.0,567.75,567.75,1863.7131300848307,0.0,0.0,1863.7131300848307,0.03762273482410897,375.7131300848307,375.7131300848307,605219.0485468933,605219.0485468933,0.961172760738533
2025-07-01,236900,47380.0,189520.0,fixed,5,0.0530999999999999,1077.0477661807868,228.4747368201061,848.5730293606807,50784.13585653901,680200,629415.864143461,2025,1488.0,496.0,566.8333333333334,566.8333333333334,1858.141403486773,0.0,0.0,1858.141403486773,0.018122034411898445,370.141403486773,370.141403486773,616556.9903748832,616556.9903748832,0.9795701467008989
2025-08-01,236900,47380.0,189520.0,fixed,5,0.0530999999999999,1077.0477661807868,224.7198011651851,852.3279650156016,49931.80789152341,678600,628668.1921084765,2025,1488.0,496.0,565.5,565.5,1851.7198011651851,0.0,0.0,1851.7198011651851,0.033255732040842235,363.7198011651851,363.7198011651851,637424.7642358636,637424.7642358636,1.0139287659806973
2025-09-01,236900,47380.0,189520.0,fixed,5,0.0530999999999999,1077.0477661807868,220.94824991999104,856.0995162607958,49075.70837526261,677600,628524.2916247374,2025,1488.0,496.0,564.6666666666666,564.6666666666666,1846.281583253324,0.0,0.0,1846.281583253324,0.04297995041254513,358.281583253324,358.281583253324,665179.5305777026,665179.5305777026,1.0583195262958114
2025-10-01,236900,47380.0,189520.0,fixed,5,0.0530999999999999,1077.0477661807868,217.16000956053705,859.8877566202498,48215.82061864236,677000,628784.1793813576,2025,1488.0,496.0,564.1666666666666,564.1666666666666,1841.4933428938705,0.0,0.0,1841.4933428938705,0.015097091479433977,353.4933428938705,353.4933428938705,675575.300143975,675575.300143975,1.0744152322799434
2025-11-01,236900,47380.0,189520.0,fixed,5,0.0530999999999999,1077.0477661807868,213.35500623749243,863.6927599432943,47352.12785869907,673800,626447.8721413009,2025,1488.0,496.0,561.5,561.5,1832.3550062374925,0.0,0.0,1832.3550062374925,0.018982025084457264,344.3550062374925,344.3550062374925,688743.4424439851,688743.4424439851,1.0994425443409166
2025-12-01,236900,47380.0,189520.0,fixed,5,0.0530999999999999,1077.0477661807868,209.53316577474337,867.5146004060434,46484.61325829302,671100,624615.386741707,2025,1488.0,496.0,559.25,559.25,1824.033165774743,0.0,40266.0,42090.033165774745,0.004787256497724135,336.0331657747431,336.0331657747431,692376.6671298647,692376.6671298647,1.108484808133903
