date,tsx_cad,sp500_usd,vt_usd,usd_cad,sp500_cad,vt_cad,tsx_cad_index_1999,sp500_cad_index_1999,tsx_cad_index_2008,sp500_cad_index_2008,vt_cad_index_2008
1999-01-01,6729.6,1279.640015,,1.519442105263158,1944.338918370579,,100.0,100.0,49.5081991333711,151.4506922865519,
1999-02-01,6312.7,1238.329956,,1.4977421052631579,1854.6989153098737,,93.80498097955301,95.38969249580074,46.44115678037799,144.4683496549033,
1999-03-01,6597.8,1286.369995,,1.5175695652173913,1952.1559540208477,,98.04148834997622,100.40204079527552,48.538575285627054,152.0595858542711,
1999-04-01,7014.7,1335.180054,,1.4881,1986.8814383574,,104.2365073704232,102.1880197729351,51.60561763862016,154.7644633800288,
1999-05-01,6841.8,1301.839966,,1.4611100000000001,1902.1313927222602,,101.6672610556348,97.82920944236974,50.33363005686793,148.1630149589298,
1999-06-01,7010.1,1372.709961,,1.4694863636363635,2017.1785689173043,,104.16815263908701,103.74624248162287,51.57177644211317,157.12440245970268,
1999-07-01,7081.0,1328.719971,,1.489047619047619,1978.5273091985712,,105.22170708511649,101.75835552665085,52.09337227523192,154.11373390452346,
1999-08-01,6970.8,1320.410034,,1.4931954545454544,1971.630260905009,,103.58416547788873,101.40363093473957,51.2826549154338,153.57650105436318,
1999-09-01,6957.7,1282.709961,,1.477052380952381,1894.629801966386,,103.38950309082261,97.44339240784981,51.18628107320734,147.57869238918994,
1999-10-01,7256.2,1362.930054,,1.4776099999999999,2013.8790770909397,,107.82513076557298,103.57654512098323,53.38228045523766,156.8673946322219,
1999-11-01,7523.2,1388.910034,,1.46743,2038.12825119262,,111.7926771279125,104.8237131878551,55.34654120901353,158.75623930347618,
1999-12-01,8413.8,1469.25,,1.4722086956521738,2163.0426260869563,,125.02674750356633,111.24822970162312,61.8984911240427,168.4862140396417,
2000-01-01,8481.1,1394.459961,,1.4486,2020.0146995046002,,126.02680694246315,103.89210854234405,62.393602542503814,157.345317618476,
2000-02-01,9129.0,1366.420044,,1.45121,1982.96243205324,,135.65442225392297,101.98645993852908,67.16006150269627,154.45919961544922,
2000-03-01,9462.4,1498.579956,,1.4607739130434783,2189.0865063346437,,140.6086543033761,112.5877019511172,69.61281257126882,170.51485403448675,
2000-04-01,9347.6,1452.430054,,1.4688750000000002,2133.43819556925,,138.90275796481217,109.72563350000435,68.7682540149637,166.18023155156132,
2000-05-01,9252.0,1420.599976,,1.4957363636363636,2124.843042284145,,137.48216833095577,109.28357305447729,68.06494567016604,165.5107279464856,
2000-06-01,10195.5,1454.599976,,1.4770454545454543,2148.510282732727,,151.50231811697574,110.50081148060598,75.00606934502572,167.3542439696354,
2000-07-01,10406.3,1430.829956,,1.4777850000000001,2114.45904652746,,154.63474797907747,108.74951000309387,76.55687895886823,164.70188575791872,
2000-08-01,11247.9,1517.680054,,1.482813043478261,2250.4357798979913,,167.1406918687589,115.74297868727186,82.74834656327937,175.29354249494946,
2000-09-01,10377.9,1436.51001,,1.48643,2135.2715741642996,,154.21273181169758,109.8199266593773,76.34794635434675,166.3230391942105,
2000-10-01,9639.6,1429.400024,,1.5124761904761905,2161.933502966095,,143.24179743223965,111.191185988185,70.91643431497326,168.39982094073372,
2000-11-01,8819.9,1314.949951,,1.5426380952380954,2028.4918877440668,,131.0612815026153,104.32810188483039,64.88608023306284,158.00563255399484,
2000-12-01,8933.7,1320.280029,,1.521875,2009.3011691343752,,132.75231811697574,103.34109707675022,65.72328200751863,156.51080693925587,
2001-01-01,9321.9,1366.01001,,1.5032,2053.386247032,,138.52086305278172,105.60845270498449,68.57918472143545,159.9447327348148,
2001-02-01,8078.7,1239.939941,,1.5215631578947368,1886.6469322277737,,120.04725392296717,97.03282253943911,59.43323352632625,146.95688148116193,
2001-03-01,7608.0,1160.329956,,1.558740909090909,1808.6537704608545,,113.0527817403709,93.02152795339646,55.97039630983822,140.88174806094736,
2001-04-01,7946.6,1249.459961,,1.5577666666666665,1946.3670785804331,,118.08428435568237,100.10431104323901,58.4614026440274,151.6086720836687,
2001-05-01,8161.9,1255.819946,,1.54105,1935.2813277833002,,121.28358297669995,99.53415577388796,60.045317776191986,150.7451679811283,
2001-06-01,7736.4,1224.380005,,1.5245380952380954,1866.6139606703096,,114.9607703281027,96.00249951456993,56.91500709929448,145.39645012720982,
2001-07-01,7689.7,1211.22998,,1.5307904761904763,1854.1393178603812,,114.26682120779836,95.36091163644514,56.571445386929945,144.42476084416322,
2001-08-01,7399.2,1133.579956,,1.5398565217391305,1745.5504881593565,,109.95007132667615,89.7760401577615,54.4343002596944,135.96643432638265,
2001-09-01,6838.6,1040.939941,,1.5679388888888888,1632.1302144916056,,101.61970993818355,83.94268093236468,50.31008835495001,127.13177139595773,
2001-10-01,6885.7,1059.780029,,1.5716772727272728,1665.6321856695502,,102.31960294816926,85.66573296107273,50.65659278005429,129.74134562189354,
2001-11-01,7425.7,1139.449951,,1.592245,1814.283487229995,,110.34385401806941,93.31107195809388,54.629254978702114,141.32026446053578,
2001-12-01,7688.4,1148.079956,,1.578755,1812.53697093478,,114.24750356633379,93.22124624516319,56.561881570525784,141.18422279645094,
2002-01-01,7648.5,1130.199951,,1.5997142857142859,1807.997007328286,,113.65460057061341,92.9877497305587,56.26834597473681,140.83059070861748,
2002-02-01,7637.5,1106.72998,,1.5964,1766.7837400720002,,113.49114360437468,90.868095236844,56.187421374393985,137.62035930380355,
2002-03-01,7851.5,1147.390015,,1.5877428571428571,1821.7603006732857,,116.67112458392772,93.69561466166513,57.76177269015442,141.9026570472319,
2002-04-01,7663.4,1076.920044,,1.5814863636363639,1703.134364312673,,113.87601046124583,87.59452111054571,56.377962024292096,132.66250862701133,
2002-05-01,7656.1,1067.140015,,1.5501545454545456,1654.231944888682,,113.76753447456016,85.07940304332249,56.32425751679185,128.85334490237764,
2002-06-01,7145.6,989.8200073,,1.53184,1516.2458799824321,,106.1816452686638,77.98259170027296,52.56862038269979,118.10517499305857,
2002-07-01,6605.4,911.6199951,,1.54555,1408.954283426805,,98.15442225392296,72.46443868991501,48.5944868276821,109.74789405744028,
2002-08-01,6612.0,916.0700073,,1.5694181818181818,1437.6969252749345,,98.25249643366618,73.94271192595232,48.6430415878878,111.9867491073056,
2002-09-01,6180.4,815.2800293,,1.576135,1284.9913889807556,,91.83903946742747,66.08885811212488,45.46785454170927,100.09203313509016,
2002-10-01,6248.8,885.7600098,,1.578009090909091,1397.7373478281256,,92.85544460294817,71.88753640746317,45.97105842020467,108.87417155685004,
2002-11-01,6570.4,936.3099976,,1.5714526315789474,1471.366809702198,,97.6343319067998,75.67439996187765,48.33699946295492,114.60940262595791,
2002-12-01,6614.5,879.8200073,,1.5592190476190477,1371.8321138584897,,98.28964574417498,70.55519492497383,48.66143354251117,106.85633115799902,
2003-01-01,6569.5,855.7000122,,1.5414476190476192,1319.0167464247086,,97.62095815501664,67.83882860967925,48.33037835929051,102.74237556844668,
2003-02-01,6555.1,841.1500244,,1.5121473684210525,1271.942795843764,,97.40697812648598,65.41775118659326,48.22444070065991,99.07563705038953,
2003-03-01,6343.3,848.1799927,,1.4760809523809524,1251.9823314150851,,94.25968854018069,64.39115730215842,46.666274304968034,97.52085350544156,
2003-04-01,6586.1,916.9199829,,1.4582045454545456,1337.0568868828843,,97.86762957679505,68.76665761560658,48.45250093798969,104.14757902115906,
2003-05-01,6859.8,963.5900269,,1.3839571428571429,1333.5673005141614,,101.93473609129815,68.58718343362357,50.46605213015619,103.87576413007014,
2003-06-01,6983.1,974.5,,1.3525095238095237,1318.0205309523808,,103.76694008559201,67.78759189045735,51.373143332180774,102.6647772024802,
2003-07-01,7257.9,990.3099976,,1.382090909090909,1368.6984448648,,107.85039229671895,70.39402605857497,53.39478698438155,106.61223979408754,
2003-08-01,7510.3,1008.01001,,1.3962714285714286,1407.455576677,,111.60098668568712,72.38735815957924,55.25163872315695,109.6311550606286,
2003-09-01,7421.1,995.9699707,,1.3633714285714287,1357.8770017675029,,110.27549928673324,69.83746449438193,54.59541378219512,105.76932345211634,
2003-10-01,7772.7,1050.709961,,1.3220954545454544,1389.1388634837317,,115.50017831669044,71.44530464101786,57.18205828042581,108.20440848505757,
2003-11-01,7859.4,1058.199951,,1.3130444444444445,1389.4635667719335,,116.7885164051355,71.4620045735828,57.819891266764266,108.22970064853854,
2003-12-01,8220.9,1111.920044,,1.3127545454545455,1459.6780919430182,,122.16030670470755,75.07323328004344,60.479367905303505,113.69893152452389,
2004-01-01,8521.4,1131.130005,,1.295755,1465.6673596287749,,126.62565382786495,75.38126947831981,62.690080851032526,114.16545447930662,
2004-02-01,8788.5,1144.939941,,1.3298947368421052,1522.6496015362106,,130.5946861626248,78.31194382573187,64.65507728299333,118.6039810671266,
2004-03-01,8585.9,1126.209961,,1.3285782608695653,1496.258071359361,,127.5841060389919,76.95459146666032,63.164593280315465,116.54826152254488,
2004-04-01,8244.0,1107.300049,,1.3419727272727273,1485.9664666657545,,122.50356633380883,76.42528021354651,60.64930956602343,115.74661596535339,
2004-05-01,8417.3,1120.680054,,1.37886,1545.2608992584398,,125.07875653827863,79.47487367857761,61.92423986051542,120.36524638006843,
2004-06-01,8545.6,1140.839966,,1.357840909090909,1549.0791765606816,,126.9852591535901,79.67125288315793,62.868114971786746,120.66266404491215,
2004-07-01,8458.1,1101.719971,,1.3225047619047618,1457.0299079330762,,125.68503328578223,74.93703356789854,62.22439655996881,113.49265611758814,
2004-08-01,8377.0,1104.23999,,1.3126772727272729,1449.5107385095912,,124.47990965287683,74.55031243855005,61.6277615519867,112.90696428997147,
2004-09-01,8668.3,1114.579956,,1.2880952380952382,1435.6851338000001,,128.80854731336186,73.8392427490549,63.77079210470171,111.83004432259122,
2004-10-01,8871.0,1130.199951,,1.2469350000000001,1409.2858759001851,,131.8206134094151,72.48149294266113,65.26201178556452,109.77372284128857,
2004-11-01,9030.1,1173.819946,,1.1967700000000001,1404.7924967744202,,134.18479553019495,72.25039233137828,66.43247577779576,109.42371936562223,
2004-12-01,9246.7,1211.920044,,1.2188826086956523,1477.1882647612697,,137.40341179267713,75.97380532809593,68.0259547263645,115.06285412583857,
2005-01-01,9204.1,1181.27002,,1.2248350000000001,1446.8608649467,,136.77038754160722,74.41402583039472,67.71255581958229,112.70055727842639,
2005-02-01,9668.3,1203.599976,,1.2400526315789473,1492.5273176071578,,143.66827151688062,76.76271371752131,71.12757395404954,116.25766134312998,
2005-03-01,9612.4,1180.589966,,1.2160260869565216,1435.6281966551128,,142.83761293390393,73.83631439410868,70.716329848671,111.82560930875258,
2005-04-01,9369.3,1156.849976,,1.2359,1429.7508853384,,139.2252139800285,73.53403626444812,68.92789618109454,111.36780698875081,
2005-05-01,9607.3,1191.5,,1.2555285714285713,1495.9622928571428,,142.76182834046597,76.93937917525248,70.67881026123932,116.52522240189506,
2005-06-01,9902.8,1191.329956,,1.2401681818181818,1477.4495054780546,,147.1528768426058,75.98724129413644,72.8527392977216,115.08320298942232,
2005-07-01,10422.9,1234.180054,,1.222855,1509.2232499341699,,154.88141940085592,77.6214082675951,76.6790015375674,117.55816018384364,
2005-08-01,10668.9,1220.329956,,1.2042826086956522,1469.6221428811305,,158.53691155492155,75.58466936992255,78.48876987250696,114.47350502324906,
2005-09-01,11011.8,1228.810059,,1.1776809523809524,1447.1462005784142,,163.6323109843081,74.42870103074269,81.01141036864834,112.7227829709478,
2005-10-01,10383.3,1207.01001,,1.177415,1421.15169092415,,154.29297432239656,73.09176797814254,76.38767297633323,110.69798860737717,
2005-11-01,10824.1,1249.47998,,1.181545,1476.3168229691003,,160.84314075130766,75.9289858892658,79.63054241552577,114.99497477545137,
2005-12-01,11272.3,1248.290039,,1.1614809523809524,1449.8651033453762,,167.50326913932477,74.56853790492511,82.92785204040344,112.93456688496897,
2006-01-01,11945.6,1280.079956,,1.157165,1481.26372228474,,177.50832144555397,76.18341166189732,87.88117325956934,115.38030436945724,
2006-02-01,11688.3,1280.660034,,1.1488947368421052,1471.3435727466315,,173.68491440798857,75.67320485358934,85.98827328973213,114.60759262618167,
2006-03-01,12110.6,1294.869995,,1.1573086956521739,1498.564304952587,,179.96017593913456,77.07320420291921,89.09504226471174,116.72790133274897,
2006-04-01,12204.2,1310.609985,,1.1441050000000001,1499.4754368884253,,181.35104612458392,77.12006495992149,89.78363704581069,116.79887227363963,
2006-05-01,11744.5,1270.089966,,1.109990909090909,1409.7883159875817,,174.52003090822635,72.50733412099942,86.40172442966549,109.81285948477688,
2006-06-01,11612.9,1270.199951,,1.1137272727272727,1414.6563272455455,,172.56449120304325,72.75770257332887,85.43357193829131,110.19204423909699,
2006-07-01,11831.0,1276.660034,,1.129445,1441.91729210113,,175.8053970518307,74.15977114265165,87.03808605963408,112.3154867936685,
2006-08-01,12073.8,1303.819946,,1.118213043478261,1457.948469964322,,179.41333808844507,74.98427646483215,88.82431269265572,113.56420581205032,
2006-09-01,11761.3,1335.849976,,1.11612,1490.9688752131199,,174.76967427484544,76.68256090160462,86.52531836473453,116.136269348537,
2006-10-01,12344.6,1377.939941,,1.1285380952380952,1555.0577163686335,,183.43735140275797,79.9787373320606,90.81652921745912,121.12835137144873,
2006-11-01,12752.4,1400.630005,,1.1358809523809523,1590.948944012738,,189.4971469329529,81.82467207651258,93.81662485562316,123.92403232107925,
2006-12-01,12908.4,1418.300049,,1.153235,1635.6332570085149,,191.81526390870184,84.12284718238475,94.96428282412141,127.40463442887986,
2007-01-01,13034.1,1438.23999,,1.1762619047619047,1691.746910142143,,193.68313124108417,87.00884882558867,95.88903030258444,131.77550389691345,
2007-02-01,13045.0,1406.819946,,1.1709894736842106,1647.3713481349896,,193.8451022349025,84.72655320377693,95.96921922474233,128.3189513776539,
2007-03-01,13165.5,1420.859985,,1.1681590909090909,1659.7905083867045,,195.63569900142653,85.36528753833022,96.85571143758874,129.28631894920676,
2007-04-01,13416.7,1482.369995,,1.1349857142857143,1682.4687676107858,,199.36846172135046,86.53166131246043,98.70373503814493,131.05280010477574,
2007-05-01,14056.8,1530.619995,,1.0950863636363637,1676.1610844336592,,208.88017118402283,86.20724857157815,103.41281109991245,130.56147476284377,
2007-06-01,13906.6,1503.349976,,1.065104761904762,1601.2252182470097,,206.64824060865428,82.35319486321295,102.30782246614041,124.72448374042912,
2007-07-01,13868.6,1455.27002,,1.0501857142857143,1528.3037854322856,,206.08357108892056,78.60274620810735,102.0282647558652,119.04440328842001,
2007-08-01,13660.5,1473.98999,,1.0578521739130435,1559.2635152475652,,202.9912624821683,80.19504729938133,100.49731845301591,121.45595431444079,
2007-09-01,14098.9,1526.75,,1.026745,1567.58292875,,209.50576557299095,80.62292607215244,103.72253161577001,122.10397967794981,
2007-10-01,14625.0,1549.380005,,0.9754130434782609,1511.285466181413,,217.3234664764622,77.72747085924304,107.59293454671189,117.71879271315149,
2007-11-01,13689.1,1481.140015,,0.9672380952380953,1432.615046889524,,203.41625059438897,73.68134399583501,100.70772241390726,111.59090556772789,
2007-12-01,13833.1,1468.359985,,1.00207,1471.39949016895,,205.55605087969568,75.67608076281434,101.76709900021335,114.61194821061244,
2008-01-01,13155.1,1378.550049,,1.0099428571428573,1392.2567752014859,,195.48115786970993,71.6056630892439,96.77920090635553,108.44727246503587,
2008-02-01,13582.7,1330.630005,,0.998555,1328.7072446427749,,201.8351759391346,68.33722413766607,99.92496082513665,103.49719904590795,
2008-03-01,13350.1,1322.699951,,1.0029428571428571,1326.5924679986572,,198.3788040893961,68.22845829318615,98.21377336697836,103.33247242147176,
2008-04-01,13937.0,1385.589966,,1.0137181818181817,1404.5977410790363,,207.09997622444126,72.24037578058336,102.53146863436058,109.40854923010008,
2008-05-01,14714.7,1400.380005,,0.9993047619047618,1399.4064074727141,,218.6563837375178,71.97337841930683,108.25283787859838,109.00417987805994,
2008-06-01,14467.0,1280.0,,1.0166238095238096,1301.2784761904763,,214.9756300523062,66.9265252007089,106.43056301451492,101.36068573980725,
2008-07-01,13592.9,1267.380005,33.06,1.0129636363636363,1283.8098585193636,33.48857781818182,201.98674512601045,66.02809039049833,100.0,100.0,100.0
2008-08-01,13771.3,1282.829956,32.45,1.0534571428571429,1351.4063802193143,34.18468428571429,204.63771992391818,69.5046716110501,101.31244988192365,105.2653063264299,102.07863848776087
2008-09-01,11752.9,1166.359985,29.49,1.0582047619047619,1234.2476902221667,31.206458428571427,174.64485259153588,63.47904053972789,86.46352139720001,96.13944635427885,93.18537979725323
2008-10-01,9762.8,968.75,23.17,1.1846954545454547,1147.6737215909093,27.449393681818187,145.07251545411316,59.02642336412719,71.82278983881291,89.39592681696166,81.96643593182151
2008-11-01,9270.6,896.2399902,21.59,1.2170944444444443,1090.8087129613632,26.27706905555555,137.75855920114122,56.1017784839434,68.20178181256392,84.9665318990001,78.46576584476229
2008-12-01,8987.7,903.25,22.61,1.2336954545454546,1114.335419318182,27.893854227272726,133.55474322396577,57.31178905023576,66.12054822738342,86.79910127839032,83.29363635182033
2009-01-01,8694.9,825.8800049,20.29,1.22482,1011.554347601618,24.8515978,129.20381597717545,52.025618478559,63.966482501894376,78.79315935213788,74.209176438981
2009-02-01,8123.0,735.0900269,18.36,1.2451999999999999,915.3341014958798,22.861871999999998,120.70553970518307,47.07688010807089,59.75913896225236,71.29826083058342,68.26767061928707
2009-03-01,8720.4,797.8699951,19.98,1.2645181818181819,1008.9211155311336,25.265073272727275,129.5827389443652,51.89018776503447,64.15408043905273,78.58804859893637,75.44385255742397
2009-04-01,9324.8,872.8099976,22.39,1.224181818181818,1068.4781297892362,27.409430909090908,138.56395625297193,54.95328616292146,68.60051938879856,83.22713232795451,81.8471033852313
2009-05-01,10370.1,919.1400146,24.76,1.1527850000000002,1059.5708217306612,28.542956600000007,154.09682596291012,54.49517117204119,76.29056345592184,82.53331400279785,85.231916252064
2009-06-01,10374.9,919.3200073,24.33,1.1263545454545456,1035.4802689496612,27.404206090909092,154.168152639087,53.256161215835164,76.32587600879872,80.65682484662452,81.83150159344969
2009-07-01,10787.2,987.4799805,26.8,1.1228608695652174,1108.8026295824739,30.092671304347824,160.29481692819783,57.02723013494414,79.35907716528483,86.36813483121807,89.85950812163105
2009-08-01,10868.2,1020.619995,27.52,1.0872380952380953,1109.6569393257143,29.920792380952385,161.49845458868285,57.071168449153085,79.954976495082,86.43467971226656,89.34626171168013
2009-09-01,11395.0,1057.079956,28.96,1.0816380952380953,1143.3779501222095,31.32423923809524,169.32655729909652,58.80548598391471,83.83052917331842,89.06131562511007,93.53708422066373
2009-10-01,10910.8,1036.189941,28.23,1.0546761904761905,1092.8448595836287,29.77350885714286,162.13147883975273,56.20650027925529,80.2683754018642,85.12513378297487,88.90645944653419
2009-11-01,11447.2,1095.630005,29.73,1.0593,1160.6008642964998,31.492988999999998,170.10223490252022,59.691283928479,84.21455318585438,90.40286274441274,94.04098666412057
2009-12-01,11746.1,1115.099976,29.74,1.053690909090909,1174.9707074386909,31.336767636363632,174.543806466952,60.4303445421622,86.41349528062446,91.5221751602532,93.57449518011508
2010-01-01,11094.3,1073.869995,28.65,1.0438105263157895,1120.9168046756843,29.905171578947368,164.85823823109843,57.650278667211474,81.61834487121953,87.31174614661813,89.2996165477982
2010-02-01,11629.6,1104.48999,29.25,1.0572105263157894,1167.678443638421,30.92340789473684,172.81264859724203,60.05529347820568,85.55643019517542,90.95415772746294,92.3401646454742
2010-03-01,12037.7,1169.430054,31.2,1.0229,1196.2100022365998,31.914479999999998,178.87690204469806,61.52271041506816,88.55873286789428,93.17657083707131,95.2995978905763
2010-04-01,12210.7,1186.689941,31.06,1.005209090909091,1192.8715167835728,31.221794363636363,181.4476343319068,61.351007559075086,89.83145612783144,92.91652567299403,93.23117432202582
2010-05-01,11763.0,1089.410034,27.99,1.0402799999999999,1133.29147016952,29.117437199999994,174.79493580599143,58.28672457573683,86.53782489387842,88.27564788110922,86.94736861650595
2010-06-01,11294.4,1030.709961,27.2,1.0376227272727272,1069.4880807599864,28.22333818181818,167.83166904422254,55.00522931754372,83.09043691927404,83.30580059522539,84.27750600533116
2010-07-01,11713.4,1101.599976,29.7,1.0422285714285715,1148.1189692722287,30.954188571428574,174.0578934854969,59.04932305908842,86.17292851415077,89.43060856351195,92.43207860150676
2010-08-01,11913.9,1049.329956,28.52,1.0403954545454546,1091.718116540782,29.672078363636363,177.03726818830242,56.14855034921988,87.64796327494501,85.03736821275669,88.60357858352116
2010-09-01,12368.7,1141.199951,31.39,1.032957142857143,1178.8106408136716,32.42452471428572,183.79547075606277,60.62783754807286,90.9938276600284,91.82127968492242,96.82263872275162
2010-10-01,12676.2,1183.26001,32.58,1.0179,1204.440364179,33.163182,188.36483594864478,61.94600914476172,93.25603807870286,93.81765969363238,99.02833790091512
2010-11-01,12952.9,1180.550049,31.72,1.0129,1195.7791446320998,32.129188,192.47652163575844,61.5005508213662,95.29165961641739,93.1430099790018,95.9407358963934
2010-12-01,13443.2,1257.640015,33.5,1.0080619047619048,1267.7789890256904,33.770073809523815,199.7622444127437,65.2036009281824,98.89868975715264,98.75130500149284,100.84057314368593
2011-01-01,13552.0,1286.119995,34.62,0.9939450000000001,1278.332538430275,34.4103759,201.37898240608655,65.74638435471736,99.69910762236167,99.57335425859671,102.75257458475204
2011-02-01,14136.5,1327.219971,35.64,0.9876368421052631,1310.811340937479,35.199377052631576,210.06449120304325,67.4168134244817,103.99914661330547,102.10323064891062,105.10860521978012
2011-03-01,14116.1,1325.829956,35.62,0.9765608695652174,1294.753654726974,34.78509817391304,209.76135282929147,66.59094474187765,103.84906826357879,100.85244681172895,103.87153005651768
2011-04-01,13944.8,1363.609985,37.17,0.957952380952381,1306.2734318211906,35.60709000000001,207.2158820732287,67.18342257510803,102.5888515327855,101.74975859180068,106.32607390292937
2011-05-01,13802.9,1345.199951,36.32,0.9680428571428572,1302.2112039944716,35.159316571428576,205.10728720874937,66.97449666263782,101.54492418836305,101.4333388509986,104.98898090661729
2011-06-01,13300.9,1320.640015,35.84,0.9766454545454546,1289.7970677405908,35.002973090909094,197.64770565858296,66.33602071913901,97.85181969999044,100.46636261448656,104.52212477027038
2011-07-01,12945.6,1292.280029,35.07,0.955315,1234.5344959041352,33.50289705,192.36804564907274,63.49379134676357,95.23795510891716,96.16178655365223,100.04275855456129
2011-08-01,12768.7,1218.890015,32.52,0.9817086956521739,1196.5949267691087,31.9251667826087,189.73936043747028,61.54250760828751,93.93654039976754,93.20655382325532,95.33150961482664
2011-09-01,11623.8,1131.420044,29.04,1.0025,1134.2485941099999,29.112599999999997,172.7264621968616,58.335950764208235,85.51376086044921,88.35020128433545,86.93292428857343
2011-10-01,12252.1,1253.300049,32.31,1.0198,1278.1153899701999,32.949738,182.06282691393247,65.73521611352116,90.13602689639445,99.55643987998883,98.39097431635551
2011-11-01,12204.1,1246.959961,31.91,1.024755,1277.828454834555,32.69993205,181.34956015216358,65.72045864850651,89.78290136762575,99.53408959706019,97.64503057590687
2011-12-01,11955.1,1257.599976,30.85,1.0235238095238095,1287.1835182925713,31.575709523809525,177.6494888254874,66.20160230970814,87.95106268713815,100.26278500284292,94.28799782195067
2012-01-01,12452.2,1312.410034,33.31,1.012985,1329.45167829149,33.74253035,185.03625772705658,68.37551137461236,91.60811894444895,103.55518533132046,100.7583258184237
2012-02-01,12644.0,1365.680054,34.9,0.996745,1361.2347654242299,34.7864005,187.88635282929147,70.01015885466049,93.01914970315386,106.03087025629804,103.87541892302623
2012-03-01,12392.2,1408.469971,35.3,0.9937727272727273,1399.699044362409,35.08017727272727,184.14467427484547,71.98842913330171,91.16671203348808,109.02697428859926,104.75266361917983
2012-04-01,12292.7,1397.910034,34.89,0.9928238095238096,1387.8783653274381,34.639622714285714,182.66613171659534,71.38047550323822,90.43471223947796,108.10622430708689,103.43712683874848
2012-05-01,11513.2,1310.329956,31.77,1.009731818181818,1323.0818488899815,32.079179863636355,171.08297669995244,68.04790236872738,84.70010078791135,103.05901922391459,95.79140696210675
2012-06-01,11596.6,1362.160034,33.4,1.028,1400.300514952,34.3352,172.3222776985259,72.01936358531046,85.31365639414695,109.07382473032156,102.52809237350931
2012-07-01,11664.7,1379.319946,33.64,1.0142,1398.9062892332001,34.117688,173.33422491678553,71.947656656769,85.81465323808753,108.9652240906281,101.87858136357353
2012-08-01,11949.3,1406.579956,34.48,0.9923826086956522,1395.8654860742956,34.217352347826086,177.56330242510697,71.79126400679556,87.90839335241192,108.72836633955805,102.1761883517448
2012-09-01,12317.5,1440.670044,35.13,0.9783000000000001,1409.4075040452,34.367679,183.03465287684259,72.48774844389428,90.6171604293418,109.78319684121215,102.62507768048872
2012-10-01,12422.9,1412.160034,35.34,0.9871545454545455,1394.0201964723456,34.88604163636364,184.60086780789345,71.69635824810734,91.39256523626304,108.58463091100492,104.17295659961741
2012-11-01,12239.4,1416.180054,35.88,0.9969699999999999,1411.8890284363797,35.7712836,181.87410841654776,72.61537662474964,90.04259576690772,109.97649060467036,106.81637122427708
2012-12-01,12433.5,1426.189941,36.58,0.9898199999999999,1411.67132740062,36.2076156,184.7583808844508,72.60417996383303,91.47054712386614,109.95953318419916,108.11929905348785
2013-01-01,12685.2,1498.109985,38.47,0.9920571428571427,1486.210711404857,38.16443828571428,188.49857346647647,76.43784205329548,93.32224911534699,115.76564095861713,113.96255312160142
2013-02-01,12821.8,1514.680054,38.35,1.0097842105263157,1529.5000025283473,38.72522447368421,190.5284117926771,78.6642692833675,94.3271855159679,119.1375804118175,115.6371127013321
2013-03-01,12749.9,1569.189941,39.13,1.0244238095238094,1607.5155372256618,40.08570366666667,189.45999762244412,82.67671453970657,93.79823290099979,125.21445653016193,119.69962977915145
2013-04-01,12456.5,1597.569946,40.31,1.0186727272727272,1627.4009339007634,41.06269763636364,185.1001545411317,83.69944758728482,91.63975310640113,126.76339281096254,122.6170244054665
2013-05-01,12650.4,1630.73999,40.08,1.0195590909090908,1662.6357817135,40.863928363636354,187.981455064194,85.51162382260209,93.06623310698969,129.50794626480294,122.02348091787366
2013-06-01,12129.1,1606.280029,38.68,1.0314,1656.7172219106,39.894552000000004,180.23508083689964,85.20722422709022,89.23114272892467,129.04693097008274,119.12883316991807
2013-07-01,12486.6,1685.72998,41.02,1.0402136363636363,1753.519312423,42.669563363636364,185.5474322396576,90.18588764825567,91.86119224006652,136.58715118805515,127.41527453121628
2013-08-01,12653.9,1632.969971,40.02,1.0407181818181819,1699.4615391828092,41.649541636363644,188.0334640989063,87.4056227093893,93.09198184346239,132.37642069074175,124.36939502922404
2013-09-01,12787.2,1681.550049,42.07,1.034235,1739.117914927515,43.51026645,190.01426533523536,89.44520415118542,94.07264086398047,135.46538090408998,129.9256919366016
2013-10-01,13361.3,1756.540039,43.82,1.0362818181818183,1820.270505324082,45.40986927272728,198.5452330004755,93.6189924568053,98.29616932369105,141.78661218752643,135.5980821857209
2013-11-01,13395.4,1805.810059,44.5,1.0486421052631578,1893.648461975147,46.664573684210524,199.0519495958155,97.39292075489018,98.5470355847538,147.5022527213741,139.3447459535744
2013-12-01,13621.6,1848.359985,45.18,1.0639190476190477,1966.5053948983573,48.06786257142857,202.41321921065145,101.14005209268528,100.21113963907628,153.17730907335113,143.53509674970815
2014-01-01,13694.9,1782.589966,43.45,1.0940095238095238,1950.170399851295,47.53471380952381,203.50243699476937,100.29992103874581,100.75039174863348,151.90492477604548,141.94306508804914
2014-02-01,14209.6,1859.449951,45.72,1.1054421052631578,2055.514268464916,50.54081305263157,211.15073704232051,105.71789974700015,104.5369273664928,160.11049103763466,150.91955629477837
2014-03-01,14335.3,1872.339966,45.68,1.1106809523809524,2079.5723366178,50.73590590476191,213.0186043747028,106.95523897451741,105.46167484495581,161.98444986364262,151.50212164941823
2014-04-01,14651.9,1883.949951,46.28,1.099209090909091,2070.8549129569365,50.87139672727273,217.72319305753683,106.50688999695497,107.79083197845934,161.3054222332646,151.90670981451274
2014-05-01,14604.2,1923.569946,47.23,1.0893857142857142,2095.5096196017425,51.45168728571428,217.014384213029,107.77491515511348,107.43991348424547,163.22585511366333,153.6395112538336
2014-06-01,15146.0,1960.22998,47.91,1.0830380952380954,2123.0037437678097,51.888355142857144,225.06538278649546,109.18897542548589,111.4258178902221,165.36745918249144,154.94344198362944
2014-07-01,15330.7,1930.670044,47.42,1.0739181818181818,2073.381663343309,50.925200181818184,227.8099738468854,106.63684421236972,112.78461549779666,161.50223879216583,152.06737192097052
2014-08-01,15625.7,2003.369995,48.68,1.0926333333333333,2188.9488355368335,53.18939066666667,232.19359248692345,112.5806213543905,114.95486614335427,170.50413042172613,158.82845475088754
2014-09-01,14960.5,1972.290039,46.84,1.101052380952381,2171.594643369614,51.573293523809525,222.30890394674273,111.68807160376562,110.06113485716808,169.15235764540284,154.00263876183195
2014-10-01,14613.3,2018.050049,47.5,1.1211545454545453,2262.545985391118,53.2548409090909,217.14960770328102,116.36582305759775,107.50686019907451,176.23684460567586,159.02389524638895
2014-11-01,14744.7,2067.560059,48.1,1.132538888888889,2341.592171930906,54.47512055555556,219.1021754636234,120.43127614259959,108.47354133407883,182.39400144749612,162.66776347241478
2014-12-01,14632.4,2058.899902,46.85,1.1531619047619048,2374.244932704419,54.02563523809524,217.4334284355682,122.1106521230422,107.64737473239705,184.93742799597052,161.32555861707368
2015-01-01,14673.5,1994.98999,46.38,1.21219,2418.3069159781003,56.221372200000005,218.04416310033284,124.37681996329746,107.94973846640525,188.36955487841232,167.88223287725273
2015-02-01,15234.3,2104.5,49.14,1.2499052631578949,2630.42562631579,61.420344631578956,226.37749643366618,135.28637427677344,112.07542172751953,204.89215041154907,183.4068468510247
2015-03-01,14902.4,2067.889893,48.3,1.2618318181818182,2609.3292634839954,60.946476818181814,221.4455539705183,134.20135958964914,109.63370583172096,203.2488881564886,181.99183360092525
2015-04-01,15224.5,2085.51001,49.78,1.233681818181818,2572.8557809731815,61.41268090909091,226.23187113647168,132.32547868400025,112.00332526539592,200.4078535384121,183.38396226473486
2015-05-01,15014.1,2107.389893,49.95,1.21764,2566.0422293125202,60.821118000000006,223.10538516405134,131.97504843769468,110.45545836429314,199.8771245044008,181.61750054067284
2015-06-01,14553.3,2063.110107,48.49,1.2364954545454545,2551.0262695322863,59.95766459090909,216.25802425106988,131.20275716489448,107.06545328811366,198.70748402527627,179.03914856114469
2015-07-01,14468.4,2103.840088,49.08,1.2863136363636363,2706.1981939228726,63.13227327272727,214.99643366619114,139.18346067931188,106.44086250910402,210.79431474719863,188.5188245839784
2015-08-01,13859.1,1972.180054,45.83,1.3147238095238096,2592.8720736617524,60.25379219047619,205.94240370898714,133.354943891915,101.9583753282964,201.96698572264813,179.92341304432117
2015-09-01,13307.0,1920.030029,43.91,1.3265809523809524,2547.0752644708477,58.25016961904762,197.73834997622444,130.9995515907989,97.89669606927146,198.39972777654367,173.94041017597974
2015-10-01,13529.2,2079.360107,47.34,1.3072238095238096,2718.189040444376,61.883975142857146,201.0401806942463,139.80016625508424,99.53137299619655,211.72831961107565,184.79129056731315
2015-11-01,13469.8,2080.409912,47.3,1.3278526315789474,2762.4777764121263,62.80742947368421,200.15751307655728,142.0779962953771,99.09438015434529,215.17810897621018,187.548810865251
2015-12-01,13010.0,2043.939941,45.97,1.3712545454545455,2802.7619347323457,63.03657145454545,193.32501188777934,144.14986545047165,95.71173186001516,218.31596915487248,188.23305007691687
2016-01-01,12822.1,1940.23999,43.56,1.4208105263157895,2756.7134013708423,61.8905065263158,190.53286970993815,141.78152663225302,94.32939255052271,214.72910361898917,184.81079388421756
2016-02-01,12860.4,1932.22998,43.07,1.37969,2665.8783811062003,59.423248300000004,191.10199714693294,137.10975776488058,94.61115729535273,207.65367732732605,177.44333194029394
2016-03-01,13494.4,2059.73999,46.33,1.3226391304347827,2724.292709295348,61.27787091304348,200.52306229196387,140.11408626117486,99.27535698783923,212.2037536335259,182.98140711061828
2016-04-01,13951.5,2065.300049,46.98,1.2818142857142856,2647.331107094614,60.21963514285713,207.31544222539227,136.1558461892624,102.63814197117614,206.20897164225073,179.8214169314838
2016-05-01,14065.8,2096.949951,47.28,1.2945285714285715,2714.561624425243,61.20531085714286,209.01390870185446,139.61360330636884,103.47902213655658,211.44576873369596,182.7647360525203
2016-06-01,14064.5,2098.860107,46.82,1.2894045454545455,2706.279762239014,60.369920818181825,208.99459106038992,139.18765584895903,103.46945832015244,210.80066836067184,180.27018389955464
2016-07-01,14582.7,2173.600098,49.15,1.3052350000000001,2837.05892391303,64.15230025000001,216.69490014265332,145.9138063383816,107.28174267448449,220.9874698411376,191.5647197629577
2016-08-01,14598.0,2170.949951,49.32,1.299782608695652,2821.762990658478,64.10527826086957,216.92225392296714,145.127115648295,107.3943014367795,219.7960213448476,191.4243077413253
2016-09-01,14725.9,2168.27002,49.45,1.3107761904761905,2842.1167167393332,64.81788261904762,218.82281264859725,146.17393551537415,108.33523383531107,221.38143728053214,193.55221046101371
2016-10-01,14787.3,2126.149902,48.73,1.325095,2817.35060439069,64.57187934999999,219.7351997146933,144.90018061006177,108.78694024086104,219.45232665840257,192.81762187865215
2016-11-01,15082.9,2198.810059,49.31,1.3434149999999998,2953.9144154114842,66.24379364999999,224.12773418925346,151.92384349776648,110.96160495552824,230.08971272570506,197.81011307692654
2016-12-01,15287.6,2238.830078,49.83,1.3339190476190477,2986.4180854266383,66.46918614285714,227.16951973371374,153.5955515373501,112.46753820008976,232.62152612466437,198.48315596958344
2017-01-01,15386.0,2278.870117,51.71,1.3183052631578946,3004.246469294347,68.16956515789474,228.63171659533998,154.51248961328236,113.19144553406556,234.01023518850278,203.56064544754636
2017-02-01,15399.2,2363.639893,53.1,1.3109157894736843,3098.5328563635894,69.60962842105263,228.82786495482645,159.36176697837553,113.28855505447697,241.35449932883145,207.860807941685
2017-03-01,15547.8,2362.719971,53.68,1.3387,3162.9732251777,71.861416,231.0360199714693,162.67602295531776,114.38177283729006,246.37396295005885,214.5848545440009
2017-04-01,15586.1,2384.199951,54.76,1.343705,3203.661395158455,73.58128579999999,231.60514740846406,164.76867098063494,114.66353758212009,249.54329287152257,219.72054531396316
2017-05-01,15349.9,2411.800049,55.83,1.3605727272727273,3281.4293703044273,75.96077536363636,228.09528055159296,168.76838391191464,112.92586570930412,255.60088579542045,226.82592188909047
2017-06-01,15182.2,2423.409912,55.79,1.3294863636363636,3221.8904315052,74.17204422727272,225.60330480266285,165.70621515950788,111.6921333931685,250.96321002091796,221.48460478068674
2017-07-01,15143.9,2470.300049,57.67,1.26904,3134.9095741829597,73.1855368,225.03417736566806,161.23267114408833,111.41036864833846,244.1879966398214,218.53880208751553
2017-08-01,15211.9,2471.649902,57.91,1.2607695652173911,3116.1809723141478,73.01116552173912,226.04463861150737,160.26943362968896,111.91062981409412,242.72916675589983,218.01811327472814
2017-09-01,15634.9,2519.360107,58.83,1.227875,3093.459291382625,72.23588625000001,232.3303019495958,159.10082661797705,115.02254853636825,240.9593033465529,215.7030574489827
2017-10-01,16025.6,2575.26001,60.37,1.2606904761904763,3246.6057683211907,76.10788404761905,238.1359961959106,166.97735860998733,117.89684320490845,252.8883655766242,227.2652020662941
2017-11-01,16067.5,2647.580078,61.52,1.277335,3381.84669893213,78.58164920000002,238.75861864003804,173.93298395560743,118.20509236439611,263.4227083154247,234.65209429507632
2017-12-01,16209.1,2673.610107,62.09,1.27687,3413.85253732509,79.2808583,240.86275558725626,175.5790878364978,119.24681267426378,265.91574403878894,236.73999753120708
2018-01-01,15951.7,2823.810059,65.93,1.242904761904762,3509.726969045667,81.94471095238096,237.03786257727057,180.51004050193757,117.35317702624164,273.3837059869197,244.69450866883648
2018-02-01,15442.7,2713.830078,63.0,1.258821052631579,3416.2264354512004,79.30572631578949,229.47426295767949,175.70118065188512,113.60857506492361,266.10065445292526,236.81425573328573
2018-03-01,15367.3,2640.870117,61.97,1.2932545454545454,3415.317282765327,80.14298418181818,228.3538397527342,175.65442169040554,113.05387371348277,266.0298376820584,239.31438539114814
2018-04-01,15607.9,2648.050049,62.45,1.2731619047619047,3371.396444289695,79.50896095238096,231.9290893961008,173.39551311944308,114.82391542643586,262.6087050132155,237.42113321161548
2018-05-01,16061.5,2705.27002,62.81,1.2866272727272727,3480.6741878234543,80.81305900000001,238.6694602948169,179.01581637528378,118.16095167330003,271.1206932027899,241.31529095906993
2018-06-01,16277.7,2718.370117,61.97,1.312452380952381,3567.731332366452,81.33267404761905,241.88213266761767,183.49328394641867,119.75148790912904,277.9018488361795,242.8669096943897
2018-07-01,16434.0,2816.290039,64.23,1.3133428571428571,3698.7544063632286,84.35601171428571,244.20470756062764,190.23197917896476,120.90135291218209,288.10764941695146,251.89487643302263
2018-08-01,16262.9,2901.52002,64.78,1.3042478260869566,3784.3011784327828,84.48917417391304,241.66220874940558,194.631766235701,119.64260753775868,294.7711573735126,252.29251189055176
2018-09-01,16073.1,2913.97998,64.53,1.3034000000000001,3798.0815059320003,84.10840200000001,238.84183309557775,195.34050725657025,118.24629034275247,295.84455055613785,251.15549085615507
2018-10-01,15027.3,2711.73999,59.76,1.300440909090909,3526.4576178137727,77.71434872727272,223.30153352353776,181.3705205658827,110.55256788470452,274.68690900075245,232.0622546266494
2018-11-01,15197.8,2760.169922,60.8,1.32048,3644.7491786025603,80.285184,225.83511650023775,187.45441672571067,111.80689919001831,283.9010118528068,239.7390072396896
2018-12-01,14322.9,2506.850098,55.97,1.343611111111111,3368.2316455627774,75.20191388888888,212.83434379457918,173.23274320844578,105.37045075002392,262.36218885617586,224.55989112819182
2019-01-01,15540.6,2704.100098,60.9,1.330045,3596.5748148444095,80.99974049999999,230.929029957204,184.97674355345723,114.32880400797475,280.1485586808307,241.87273923595268
2019-02-01,15999.0,2784.48999,62.62,1.3208722222222222,3677.9554808468333,82.71301855555555,237.740727532097,189.16226209827053,117.7011528077158,286.48755549273255,246.98874644550747
2019-03-01,16102.1,2834.399902,63.04,1.3370523809523809,3789.7411375402953,84.28778209523809,239.27276509747978,194.91155074529007,118.45963701638355,295.19489295019577,251.69113646108934
2019-04-01,16580.7,2945.830078,65.48,1.3378136363636364,3940.9716487585547,87.60003690909092,246.3846291012839,202.6895420095392,121.98059280948144,306.9747145658886,261.58183660319725
2019-05-01,16037.5,2752.060059,61.57,1.3459772727272727,3704.2102925944773,82.87182068181818,238.31282691393247,190.51258284223047,117.98438890891569,288.5326256075488,247.4629443261246
2019-06-01,16382.2,2941.76001,65.01,1.32887,3909.2166244887,86.38983870000001,243.4349738468854,201.05633784076872,120.52027161238587,304.5012155458329,257.96807248439416
2019-07-01,16406.6,2980.379883,65.5,1.3105227272727271,3905.8555725779315,85.83923863636363,243.79755111745123,200.88347436110413,120.69977708950996,304.23941260917024,256.3239296168597
2019-08-01,16442.1,2926.459961,64.12,1.3273136363636364,3884.3302125074956,85.10735036363637,244.32507132667615,199.77639576142897,120.96094284516181,302.562734405806,254.1384433394164
2019-09-01,16658.6,2976.73999,65.2,1.3240500000000002,3941.3525837595007,86.32806000000002,247.54220161673794,202.70913401571397,122.5536861155456,307.00438679487314,257.7835955551695
2019-10-01,16483.2,3037.560059,67.41,1.3189227272727273,4006.3069972709864,88.90858104545454,244.9358059914408,206.04982801189854,121.26330657917002,312.06389097926996,265.4892707840933
2019-11-01,17040.2,3140.97998,69.13,1.323657894736842,4157.582947737368,91.50447026315788,253.21267237280077,213.8301562785958,125.36103406925676,323.8472520013492,273.24083680101137
2019-12-01,17063.4,3230.780029,70.98,1.3168952380952381,4254.598835523296,93.473224,253.5574179743224,218.81981558486686,125.53171140816161,331.4041255634371,279.1197180946005
2020-01-01,17318.5,3225.52002,70.41,1.3089095238095239,4221.913873416286,92.16031957142857,257.34813361864,217.1387834459638,127.40842645793025,328.85819075150897,275.1992636766807
2020-02-01,16263.1,2954.219971,65.32,1.3286368421052632,3925.0854931537424,86.78655852631579,241.6651806942463,201.87249537971988,119.64407889412855,305.73729178872327,259.1527146882813
2020-03-01,13378.8,2584.590088,55.46,1.3960227272727272,3608.146503531818,77.42342045454545,198.80527817403706,185.57189127066206,98.42491300605462,281.0499140186651,231.1935158157426
2020-04-01,14780.7,2912.429932,61.45,1.4047954545454546,4091.3683301557276,86.3246806818182,219.6371255349501,210.42464826988243,108.73838548065535,318.68958654627886,257.77350459758935
2020-05-01,15192.8,3044.310059,64.65,1.3972,4253.5100144348,90.32898,225.76081787922013,218.76381603261757,111.77011528077159,331.31931385387816,269.73071382851634
2020-06-01,15515.2,3100.290039,66.32,1.3551772727272728,4201.44259971555,89.87535672727273,230.55159296243463,216.0859179446194,114.14194174900132,327.26361866087666,268.3761526548824
2020-07-01,16169.2,3271.120117,70.16,1.3496954545454545,4415.015953187095,94.69463309090908,240.26985259153588,227.0702865366202,118.95327707847481,343.89952093676834,282.76695894651255
2020-08-01,16514.4,3500.310059,74.38,1.322890476190476,4630.526840764824,98.39659361904761,245.3994293865906,238.15430514785766,121.49283817286967,360.6863438566578,293.82135650330764
2020-09-01,16121.4,3363.0,71.84,1.3229761904761905,4449.168928571428,95.04260952380953,239.5595577746077,228.82682059874523,118.60162290607596,346.55980393410584,283.8060488558831
2020-10-01,15580.6,3269.959961,70.72,1.3217714285714286,4322.139649022343,93.47567542857144,231.52341892534474,222.2935316567361,114.62307528194866,336.6650926023523,279.12703828772646
2020-11-01,17190.3,3621.629883,79.47,1.307261111111111,4734.415904883783,103.88804049999999,255.44311697574892,243.49746127858108,126.46528702484386,368.77859080658976,310.219326314886
2020-12-01,17433.4,3756.070068,82.89,1.2809190476190477,4811.221694292972,106.17537985714287,259.05551592962433,247.44768768630814,128.2537206924203,374.7612360479785,317.04953382492556
2021-01-01,17337.0,3714.23999,83.2,1.272461111111111,4726.225944608722,105.86876444444444,257.62303851640513,243.0762404616916,127.54452692214318,368.14064896335555,316.13395175881595
2021-02-01,18060.3,3811.149902,85.42,1.2696473684210527,4838.816443732453,108.45327821052632,268.3710770328102,248.86692325160794,132.86568723377644,376.9106781368021,323.8515496219258
2021-03-01,18700.7,3972.889893,87.63,1.256895652173913,4993.508033077383,110.14176599999999,277.8872444127437,256.8229224801049,137.57697033009882,388.9600940466735,328.89353079724145
2021-04-01,19108.3,4181.169922,91.49,1.2494454545454545,5224.143753725073,114.31176463636363,283.9440679980979,268.6848318657881,140.57559461189297,406.92503792969416,341.34553356368815
2021-05-01,19731.0,4204.109863,92.93,1.21248,5097.399126690239,112.67576640000001,293.1972182596291,262.166182990465,145.15666266948188,397.0524990802877,336.4602910632575
2021-06-01,20165.6,4297.5,93.56,1.2220409090909092,5251.720806818183,114.33414745454547,299.65525439847835,270.10315728388036,148.3539200612084,409.07310159427095,341.412370735166
2021-07-01,20287.8,4395.259766,94.61,1.2530428571428571,5507.448855073686,118.55038471428571,301.47111269614834,283.25559927016803,149.25291880319872,428.99256603509076,354.00244632043353
2021-08-01,20582.9,4522.680176,96.75,1.2598954545454546,5698.104196105236,121.89488522727274,305.85621730860674,293.0612632534475,151.4239051269413,443.8433120210607,363.989435111493
2021-09-01,20070.3,4307.540039,92.41,1.2671095238095238,5458.125007607749,117.0935910952381,298.23912268188303,280.718806584494,147.6528187509656,425.1505759507629,349.6523254315833
2021-10-01,21037.1,4605.379883,97.55,1.24336,5726.14513132688,121.289768,312.60550404184494,294.5034467615132,154.76535544291505,446.02750892806864,362.18249893594657
2021-11-01,20660.0,4567.0,95.0,1.2566950000000001,5739.326065,119.38602500000002,307.00190204469806,295.18136014115004,151.991113007526,447.05421343463183,356.49774573341915
2021-12-01,21222.8,4766.180176,97.88,1.2800380952380952,6100.892194048609,125.29012876190475,315.3649548264384,313.77719884151475,156.13150983233893,475.2177398828247,374.1279472724623
2022-01-01,21098.3,4515.549805,94.1,1.262235,5699.685008114175,118.77631349999999,313.51491916310033,293.1425665691402,155.21559049209515,443.96644645552914,354.67709063331216
2022-02-01,21126.4,4373.939941,91.49,1.2711,5559.715059005099,116.29293899999999,313.93247741321926,285.9437213582252,155.42231606206184,433.0637455469612,347.26150400110913
2022-03-01,21890.2,4530.410156,92.98,1.2660347826086957,5735.656836979687,117.71591408695653,325.28233475986684,294.9926467442394,161.04142603859367,446.7684056885731,351.5106396158917
2022-04-01,20762.0,4131.930176,85.67,1.2628190476190477,5217.880129684724,108.18570780952382,308.51759391345695,268.36268514634696,152.74150475615946,406.4371444929221,323.05255958282885
2022-05-01,20729.3,4132.149902,86.09,1.2859142857142858,5313.590589694686,110.70436085714287,308.0316809320019,273.2852045232758,152.50093798968578,413.89233416722055,330.57349123090745
2022-06-01,18861.4,3785.379883,78.54,1.2804238095238094,4846.890530285652,100.564486,280.2752020922492,249.28218452508827,138.75920517328902,377.539594210286,300.29488426170474
2022-07-01,19692.9,4130.290039,84.63,1.293625,5343.046451701376,109.47948375,292.63106276747504,274.8001596439281,144.8763692810217,416.186744185279,326.9158945608038
2022-08-01,19330.8,3955.0,81.2,1.2917478260869566,5108.862652173913,104.88992347826088,287.2503566333809,262.75576772671457,142.21247857337286,397.94542924495363,313.2110418296516
2022-09-01,18444.2,3585.620117,73.11,1.333852380952381,4782.687930251205,97.51794757142858,274.0757251545411,245.98015732047668,135.6899557857411,372.5386511494115,291.1976378957591
2022-10-01,19426.1,3871.97998,78.14,1.368935,5300.4889139213,106.9685809,288.6664883499762,272.6113674854221,142.9135798836157,412.8718033085079,319.4181057217783
2022-11-01,20453.3,4080.110107,84.62,1.34571,5490.6449720909695,113.8739802,303.9303970518307,282.39135267077376,150.4704661992658,427.68365857724524,340.0382686247574
2022-12-01,19384.9,3839.5,80.27,1.358542857142857,5216.1253,109.05023514285713,288.0542677127913,268.27243186446566,142.6104804714226,406.3004552727016,325.63411839976953
2023-01-01,20767.4,4076.600098,87.04,1.34222,5471.69418353756,116.8268288,308.597836424156,281.41668779242576,152.78123137814597,426.2075218715132,348.8557484712644
2023-02-01,20221.2,3970.149902,84.28,1.345442105263158,5341.606842357201,113.39386063157896,300.481455064194,274.7261185736922,148.76295713203217,416.0746084718303,338.6045870542
2023-03-01,20099.9,4109.310059,86.4,1.3682739130434782,5622.661754336857,118.21886608695652,298.6789705183072,289.18115567263527,147.8705794937063,437.96686222845756,353.01250094524
2023-04-01,20636.5,4169.47998,87.91,1.3484450000000001,5622.314431631101,118.54179995000001,306.65269852591535,289.16329239260347,151.81822863406632,437.93980816718425,353.97681141789366
2023-05-01,19572.2,4179.830078,86.85,1.3517181818181818,5649.952313343109,117.39672409090909,290.8374940561103,290.584746309453,143.98840571180546,440.09260996478724,350.55750867739556
2023-06-01,20155.3,4450.379883,91.28,1.3286047619047618,5912.795904838957,121.27504266666666,299.5021992391821,304.1031503804942,148.27814520816014,460.56632651647254,362.13852772458824
2023-07-01,20626.6,4588.959961,95.31,1.3211249999999999,6062.589728476124,125.91642374999999,306.5055872563005,311.8072508447641,151.74539649375777,472.2342400040607,375.99812220642195
2023-08-01,20292.6,4507.660156,92.6,1.3478391304347825,6075.600744958556,124.80990347826085,301.5424393723252,312.47642515174834,149.28823135607558,473.2477091245921,372.6939500264425
2023-09-01,19541.3,4288.049805,88.29,1.35309,5802.117310647449,119.4643161,290.37832857822156,298.41079946647454,143.76108115266058,451.94522164980987,356.7315302208496
2023-10-01,18873.5,4193.799805,86.08,1.3712190476190476,5750.618174517047,118.03453561904762,280.4550047551117,295.7621287206583,138.84822223366612,447.93379146887975,352.46207306827944
2023-11-01,20236.3,4567.799805,93.83,1.370665,6260.923319720325,128.60949695,300.70583689966713,322.00781769914823,148.87404453795733,487.6830691221781,384.0398886099444
2023-12-01,20958.4,4769.830078,97.89,1.34162,6399.29942924636,131.3311818,311.43604374702807,329.1246895684826,154.1863767113714,498.4616208374318,392.16709205458375
2024-01-01,21021.9,4845.649902,98.67,1.3422714285714286,6504.177416314543,132.44192185714286,312.3796362339515,334.51870735402764,154.65353235880497,506.6308981156995,395.4838649052356
2024-02-01,21363.6,5096.27002,103.1,1.349995,6879.9390456499,139.1844845,317.4572039942938,353.8446399774541,157.16734471672711,535.9001568647116,415.6177824441178
2024-03-01,22167.0,5254.350098,105.98,1.353557142857143,7112.063106220029,143.44998600000002,329.3955064194008,365.7830967134154,163.07778325449317,553.9810322396553,428.3549656208969
2024-04-01,21714.5,5035.689941,102.58,1.3673545454545455,6885.573530326082,140.26322927272727,322.6714812173086,354.1344292021075,159.74883946766326,536.339044651621,418.8390144073981
2024-05-01,22269.1,5277.509766,107.29,1.366659090909091,7212.55669906541,146.62885386363638,330.9126842605801,370.9516191297438,163.82891068131156,561.8087952201703,437.8473599557512
2024-06-01,21875.8,5460.47998,108.44,1.370536842105263,7483.78898816821,148.62101515789473,325.06835473133617,384.9014653494605,160.9354883799631,582.9359338928408,443.79613838723407
2024-07-01,23110.8,5522.299805,111.15,1.3714272727272727,7573.432560753499,152.43414136363637,343.42011412268187,389.5119564391731,170.02111396390762,589.9185545660202,455.1824869698585
2024-08-01,23346.2,5648.399902,113.75,1.3655,7712.890066180999,155.325625,346.9180932001902,396.6844459732699,171.75290041124413,600.7813396195902,463.81672534230376
2024-09-01,24000.4,5762.47998,115.84,1.3546200000000002,7805.970630507601,156.91918080000002,356.6393247741322,401.47170623161037,176.56570709708748,608.0316784224059,468.5752307904952
2024-10-01,24156.9,5705.450195,113.71,1.375668181818182,7848.806296209842,156.42722895454546,358.96487161198286,403.6748028881407,177.7170434565104,611.3682835604629,467.1062169430709
2024-11-01,25648.0,6032.379883,118.42,1.397278947368421,8428.917413044679,165.46577294736844,381.1222063718497,433.51070810784336,188.68674087207293,656.5549685656621,494.0961477842537
2024-12-01,24727.9,5881.629883,114.09,1.424704761904762,8379.586102071447,162.5445662857143,367.4497741321921,430.97353156381917,181.917765892488,652.7123971252055,485.37315370097514
2025-01-01,25533.1,6040.529785,118.46,1.438861904761905,8691.48819221612,170.44758123809524,379.4148240608654,447.0150810692962,187.84144663758283,677.0074349047403,508.97228948777524
2025-02-01,25393.5,5954.5,117.97,1.429863157894737,8514.12017368421,168.68095673684212,377.3404065620542,437.8928021879708,186.8144398914139,663.1916803866632,503.69698484257776
2025-03-01,24917.5,5611.850098,113.45,1.4355761904761903,8056.238385210275,162.8661188095238,370.26717784117926,414.34331788007785,183.31261173112435,627.5258233724463,486.3333393665334
2025-04-01,24841.7,5569.060059,114.45,1.3981409090909092,7786.330693672133,160.01722704545455,369.1408107465525,400.46159751805715,182.7549676669438,606.5018617828828,477.8262842758794
2025-05-01,26175.1,5911.689941,121.1,1.386695238095238,8197.712290280218,167.92879333333332,388.95476699952445,421.6195135954063,192.56450058486416,638.5456721554357,501.45095514375777
2025-06-01,26857.1,6204.950195,126.16,1.36683,8481.11207503185,172.4392728,399.0890989063243,436.19515069622247,197.58182580611935,660.6205754497973,514.9196652548745
2025-07-01,27259.8,6339.390137,128.15,1.3691090909090908,8679.316667386127,175.45132999999998,405.0731098430813,446.3890829619192,200.54440185685172,676.0593564374173,523.9139474735857
2025-08-01,28564.5,6460.259766,131.94,1.3797190476190475,8913.343451717172,182.04013114285712,424.46059201141225,458.42539937362625,210.14279513569582,694.2884409687474,543.5887189094749
2025-09-01,30022.8,6688.459961,135.91,1.3834285714285715,9253.006608903428,188.02177714285713,446.1305278174037,475.8947383853098,220.87119010659978,720.7458758398268,561.4504687648314
2025-10-01,30260.7,6840.200195,139.15,1.3987681818181819,9567.854390032524,194.63859250000002,449.6656562054208,492.0877887920232,222.6213685085596,745.2703627831046,581.2088932433724
2025-11-01,31382.8,6849.089844,139.44,1.4056166666666667,9627.1948362238,195.999188,466.33975273418923,495.13974879912973,230.8764134217128,749.8925773421761,585.2717576247355
2025-12-01,31712.8,6845.5,139.61,1.379490909090909,9443.305018181818,192.59072581818185,471.24346172135046,485.68204488215576,233.3041514319976,735.5688192855067,575.0937733570142
