S&P/TSX Composite index (^GSPTSE),,,,,,
"33,891.18-73.15(-0.22%)",,,,,,
At close: May 1 at 4:20:01 PM EDT,,,,,,
"Jan 01, 1990 - May 03, 2026",,,,,,
Historical Prices,,,,,,
Monthly,,,,,,
Currency in CAD,,,,,,
Download,,,,,,
Date,Open,High,Low,Close ,Adj Close ,Volume
01-May-26,"33,979.50","34,002.70","33,851.20","33,891.20","33,891.20","199,261,700"
01-Apr-26,"32,920.20","34,430.80","32,564.10","33,964.30","33,964.30","5,878,556,500"
01-Mar-26,"34,304.90","34,544.50","31,146.30","32,768.00","32,768.00","7,607,332,400"
01-Feb-26,"31,918.90","34,510.10","31,918.90","34,340.00","34,340.00","6,086,871,800"
01-Jan-26,"31,815.70","33,428.40","31,685.50","31,923.50","31,923.50","6,116,147,200"
01-Dec-25,"31,262.10","32,081.90","30,908.10","31,712.80","31,712.80","5,918,168,500"
01-Nov-25,"30,292.10","31,411.00","29,530.90","31,382.80","31,382.80","5,314,271,000"
01-Oct-25,"30,006.40","30,808.10","29,802.50","30,260.70","30,260.70","5,873,548,000"
01-Sep-25,"28,497.40","30,066.60","28,370.10","30,022.80","30,022.80","6,266,208,000"
01-Aug-25,"27,171.70","28,607.30","26,846.70","28,564.50","28,564.50","4,737,684,200"
01-Jul-25,"26,849.60","27,581.20","26,762.90","27,259.80","27,259.80","4,831,697,100"
01-Jun-25,"26,184.40","26,857.10","26,166.60","26,857.10","26,857.10","5,852,528,600"
01-May-25,"24,854.30","26,385.40","24,750.20","26,175.10","26,175.10","5,446,219,200"
01-Apr-25,"24,909.60","25,307.20","22,227.70","24,841.70","24,841.70","5,998,878,800"
01-Mar-25,"25,411.60","25,559.50","24,145.60","24,917.50","24,917.50","6,479,638,500"
01-Feb-25,"25,139.40","25,720.60","24,742.90","25,393.50","25,393.50","4,986,456,400"
01-Jan-25,"24,821.20","25,875.60","24,469.90","25,533.10","25,533.10","4,618,383,700"
01-Dec-24,"25,650.30","25,843.20","24,250.00","24,727.90","24,727.90","5,102,652,200"
01-Nov-24,"24,225.30","25,694.50","24,162.20","25,648.00","25,648.00","4,924,806,100"
01-Oct-24,"23,982.90","24,922.90","23,824.00","24,156.90","24,156.90","4,738,843,900"
01-Sep-24,"23,282.30","24,107.00","22,679.90","24,000.40","24,000.40","5,712,698,400"
01-Aug-24,"23,105.30","23,414.00","21,659.30","23,346.20","23,346.20","4,845,789,200"
01-Jul-24,"21,850.40","23,209.70","21,802.30","23,110.80","23,110.80","4,288,630,800"
01-Jun-24,"22,262.10","22,312.10","21,466.60","21,875.80","21,875.80","4,958,724,100"
01-May-24,"21,692.00","22,555.00","21,623.70","22,269.10","22,269.10","4,940,523,700"
01-Apr-24,"22,186.50","22,380.20","21,536.10","21,714.50","21,714.50","4,895,423,700"
01-Mar-24,"21,394.20","22,220.90","21,394.20","22,167.00","22,167.00","4,936,348,800"
01-Feb-24,"21,065.50","21,449.90","20,466.50","21,363.60","21,363.60","4,265,284,300"
01-Jan-24,"20,904.30","21,250.90","20,594.20","21,021.90","21,021.90","4,136,676,100"
01-Dec-23,"20,208.10","21,091.10","20,125.10","20,958.40","20,958.40","4,604,585,500"
01-Nov-23,"18,926.20","20,262.00","18,907.70","20,236.30","20,236.30","4,416,554,000"
01-Oct-23,"19,520.90","19,768.60","18,692.10","18,873.50","18,873.50","4,123,721,000"
01-Sep-23,"20,398.80","20,652.20","19,341.40","19,541.30","19,541.30","4,492,110,500"
01-Aug-23,"20,570.60","20,585.90","19,675.10","20,292.60","20,292.60","4,211,625,500"
01-Jul-23,"20,180.30","20,677.30","19,719.60","20,626.60","20,626.60","3,927,739,200"
01-Jun-23,"19,573.00","20,178.80","19,400.70","20,155.30","20,155.30","4,610,693,700"
01-May-23,"20,663.70","20,766.90","19,522.60","19,572.20","19,572.20","4,609,672,700"
01-Apr-23,"20,108.40","20,729.50","20,097.60","20,636.50","20,636.50","4,222,937,000"
01-Mar-23,"20,200.90","20,615.50","19,155.80","20,099.90","20,099.90","6,725,957,500"
01-Feb-23,"20,731.90","20,843.20","19,997.30","20,221.20","20,221.20","4,814,404,700"
01-Jan-23,"19,531.40","20,771.60","19,380.30","20,767.40","20,767.40","4,908,705,500"
01-Dec-22,"20,541.20","20,639.50","19,159.60","19,384.90","19,384.90","5,192,836,900"
01-Nov-22,"19,674.90","20,456.60","19,090.60","20,453.30","20,453.30","5,746,939,400"
01-Oct-22,"18,621.80","19,516.40","17,873.20","19,426.10","19,426.10","4,759,105,500"
01-Sep-22,"19,179.50","20,032.60","18,247.70","18,444.20","18,444.20","5,557,866,000"
01-Aug-22,"19,568.90","20,323.60","19,329.90","19,330.80","19,330.80","5,300,428,700"
01-Jul-22,"18,951.20","19,734.00","18,169.90","19,692.90","19,692.90","4,716,787,900"
01-Jun-22,"20,816.70","21,036.40","18,661.50","18,861.40","18,861.40","6,198,477,400"
01-May-22,"20,707.70","21,212.90","19,480.00","20,729.30","20,729.30","6,123,813,800"
01-Apr-22,"21,970.80","22,213.10","20,619.30","20,762.00","20,762.00","5,028,357,300"
01-Mar-22,"21,144.00","22,181.80","20,912.10","21,890.20","21,890.20","7,319,750,900"
01-Feb-22,"21,160.50","21,784.70","20,397.20","21,126.40","21,126.40","5,479,522,300"
01-Jan-22,"21,335.60","21,550.10","19,912.60","21,098.30","21,098.30","5,257,279,600"
01-Dec-21,"20,917.50","21,433.90","20,382.30","21,222.80","21,222.80","4,977,949,200"
01-Nov-21,"21,124.30","21,796.20","20,660.00","20,660.00","20,660.00","5,462,320,600"
01-Oct-21,"20,122.70","21,311.80","19,954.80","21,037.10","21,037.10","4,262,776,700"
01-Sep-21,"20,604.80","20,897.60","19,982.20","20,070.30","20,070.30","4,873,607,400"
01-Aug-21,"20,325.10","20,703.90","20,109.40","20,582.90","20,582.90","3,744,107,300"
01-Jul-21,"20,267.20","20,381.70","19,605.90","20,287.80","20,287.80","3,578,207,200"
01-Jun-21,"19,909.10","20,295.20","19,906.80","20,165.60","20,165.60","5,048,796,900"
01-May-21,"19,193.60","19,909.60","19,052.40","19,731.00","19,731.00","4,768,339,900"
01-Apr-21,"18,799.90","19,439.80","18,772.70","19,108.30","19,108.30","4,225,253,700"
01-Mar-21,"18,249.80","19,037.10","17,950.80","18,700.70","18,700.70","6,437,586,500"
01-Feb-21,"17,527.40","18,579.70","17,487.70","18,060.30","18,060.30","5,377,980,500"
01-Jan-21,"17,583.40","18,058.60","17,297.80","17,337.00","17,337.00","5,011,119,800"
01-Dec-20,"17,431.30","17,684.10","17,220.90","17,433.40","17,433.40","5,202,728,900"
01-Nov-20,"15,684.90","17,411.00","15,569.40","17,190.30","17,190.30","5,684,347,100"
01-Oct-20,"16,189.70","16,611.00","15,418.50","15,580.60","15,580.60","4,432,015,700"
01-Sep-20,"16,533.20","16,725.70","15,725.00","16,121.40","16,121.40","4,937,004,400"
01-Aug-20,"16,172.60","16,835.10","16,172.60","16,514.40","16,514.40","3,995,195,600"
01-Jul-20,"15,694.10","16,317.90","15,391.70","16,169.20","16,169.20","4,284,800,500"
01-Jun-20,"15,177.60","15,980.10","14,934.70","15,515.20","15,515.20","7,063,577,500"
01-May-20,"14,563.00","15,342.40","14,187.50","15,192.80","15,192.80","6,397,636,900"
01-Apr-20,"12,966.80","15,257.90","12,814.00","14,780.70","14,780.70","7,314,475,700"
01-Mar-20,"16,325.00","16,798.20","11,172.70","13,378.80","13,378.80","10,996,859,000"
01-Feb-20,"17,351.00","17,970.50","15,896.40","16,263.10","16,263.10","4,968,852,600"
01-Jan-20,"17,131.60","17,666.50","17,033.20","17,318.50","17,318.50","4,661,181,300"
01-Dec-19,"17,060.90","17,230.60","16,817.00","17,063.40","17,063.40","4,156,688,600"
01-Nov-19,"16,537.70","17,120.90","16,534.90","17,040.20","17,040.20","4,313,437,900"
01-Oct-19,"16,683.60","16,707.50","16,198.10","16,483.20","16,483.20","4,059,545,200"
01-Sep-19,"16,382.50","16,947.20","16,328.40","16,658.60","16,658.60","4,682,831,000"
01-Aug-19,"16,389.20","16,505.90","15,964.40","16,442.10","16,442.10","4,104,739,700"
01-Jul-19,"16,463.60","16,641.80","16,282.10","16,406.60","16,406.60","3,712,162,700"
01-Jun-19,"16,053.50","16,603.90","15,960.90","16,382.20","16,382.20","4,223,231,600"
01-May-19,"16,580.60","16,604.90","15,963.30","16,037.50","16,037.50","4,752,008,500"
01-Apr-19,"16,187.90","16,672.70","16,153.60","16,580.70","16,580.70","4,499,161,900"
01-Mar-19,"16,086.30","16,275.30","15,891.90","16,102.10","16,102.10","5,665,494,600"
01-Feb-19,"15,562.30","16,115.80","15,483.40","15,999.00","15,999.00","4,753,997,700"
01-Jan-19,"14,163.90","15,564.60","14,112.80","15,540.60","15,540.60","5,215,379,100"
01-Dec-18,"15,358.90","15,378.90","13,776.90","14,322.90","14,322.90","5,249,256,700"
01-Nov-18,"15,032.80","15,393.10","14,810.60","15,197.80","15,197.80","5,580,999,000"
01-Oct-18,"16,152.30","16,193.10","14,639.70","15,027.30","15,027.30","6,140,889,300"
01-Sep-18,"16,276.30","16,300.70","15,975.80","16,073.10","16,073.10","4,797,558,000"
01-Aug-18,"16,383.80","16,494.10","16,075.30","16,262.90","16,262.90","4,362,840,200"
01-Jul-18,"16,332.40","16,586.50","16,227.30","16,434.00","16,434.00","3,514,022,500"
01-Jun-18,"16,075.80","16,489.50","16,038.00","16,277.70","16,277.70","4,438,640,100"
01-May-18,"15,592.50","16,238.80","15,548.70","16,061.50","16,061.50","4,525,260,200"
01-Apr-18,"15,351.20","15,702.60","14,991.20","15,607.90","15,607.90","4,044,331,800"
01-Mar-18,"15,452.70","15,791.20","15,150.50","15,367.30","15,367.30","4,324,581,200"
01-Feb-18,"15,920.00","15,922.60","14,785.80","15,442.70","15,442.70","4,449,009,200"
01-Jan-18,"16,213.40","16,421.40","15,898.70","15,951.70","15,951.70","4,635,890,300"
01-Dec-17,"16,058.20","16,232.20","15,853.10","16,209.10","16,209.10","3,501,176,100"
01-Nov-17,"16,093.40","16,131.80","15,829.40","16,067.50","16,067.50","3,888,878,600"
01-Oct-17,"15,640.00","16,064.70","15,619.20","16,025.60","16,025.60","3,482,763,100"
01-Sep-17,"15,194.70","15,692.00","14,953.90","15,634.90","15,634.90","3,870,060,000"
01-Aug-17,"15,192.10","15,324.60","14,918.60","15,211.90","15,211.90","3,369,669,600"
01-Jul-17,"15,217.40","15,319.20","14,915.80","15,143.90","15,143.90","3,057,099,700"
01-Jun-17,"15,363.10","15,594.20","15,078.00","15,182.20","15,182.20","5,044,945,600"
01-May-17,"15,601.70","15,700.60","15,164.70","15,349.90","15,349.90","4,552,021,500"
01-Apr-17,"15,587.00","15,792.60","15,427.30","15,586.10","15,586.10","3,933,956,300"
01-Mar-17,"15,534.70","15,664.10","15,241.60","15,547.80","15,547.80","5,236,485,800"
01-Feb-17,"15,423.80","15,943.10","15,327.20","15,399.20","15,399.20","4,402,140,700"
01-Jan-17,"15,366.80","15,674.30","15,313.00","15,386.00","15,386.00","4,334,029,700"
01-Dec-16,"15,138.60","15,432.60","15,000.60","15,287.60","15,287.60","4,472,757,200"
01-Nov-16,"14,827.90","15,141.00","14,481.60","15,082.90","15,082.90","4,984,695,800"
01-Oct-16,"14,722.50","14,963.60","14,468.00","14,787.30","14,787.30","3,950,697,400"
01-Sep-16,"14,573.30","14,841.40","14,319.10","14,725.90","14,725.90","4,388,263,300"
01-Aug-16,"14,555.20","14,855.70","14,428.20","14,598.00","14,598.00","3,807,885,000"
01-Jul-16,"14,200.10","14,609.00","14,080.20","14,582.70","14,582.70","3,872,760,200"
01-Jun-16,"14,017.00","14,450.90","13,609.60","14,064.50","14,064.50","5,235,274,600"
01-May-16,"13,963.90","14,172.40","13,535.50","14,065.80","14,065.80","4,742,128,600"
01-Apr-16,"13,404.60","13,972.60","13,217.20","13,951.50","13,951.50","4,943,424,400"
01-Mar-16,"12,896.30","13,685.50","12,858.00","13,494.40","13,494.40","6,115,364,500"
01-Feb-16,"12,766.20","12,984.70","11,985.70","12,860.40","12,860.40","5,553,510,400"
01-Jan-16,"12,920.60","12,954.90","11,531.20","12,822.10","12,822.10","5,129,644,400"
01-Dec-15,"13,488.40","13,653.70","12,617.70","13,010.00","13,010.00","4,495,475,300"
01-Nov-15,"13,531.00","13,790.10","13,030.50","13,469.80","13,469.80","4,013,504,500"
01-Oct-15,"13,362.50","14,053.20","13,086.40","13,529.20","13,529.20","4,839,515,700"
01-Sep-15,"13,691.80","13,876.00","12,964.10","13,307.00","13,307.00","4,457,532,700"
01-Aug-15,"14,465.80","14,622.40","12,705.20","13,859.10","13,859.10","4,207,264,000"
01-Jul-15,"14,588.20","14,748.00","13,938.90","14,468.40","14,468.40","3,804,476,900"
01-Jun-15,"15,040.90","15,182.20","14,482.20","14,553.30","14,553.30","3,725,889,300"
01-May-15,"15,224.40","15,416.60","14,934.30","15,014.10","15,014.10","3,483,023,200"
01-Apr-15,"14,925.20","15,524.80","14,878.50","15,224.50","15,224.50","3,772,368,300"
01-Mar-15,"15,240.90","15,283.70","14,606.20","14,902.40","14,902.40","4,479,338,300"
01-Feb-15,"14,713.90","15,349.00","14,713.90","15,234.30","15,234.30","4,293,263,700"
01-Jan-15,"14,637.30","14,853.30","13,892.60","14,673.50","14,673.50","5,178,528,700"
01-Dec-14,"14,753.50","14,789.00","13,635.50","14,632.40","14,632.40","5,719,021,100"
01-Nov-14,"14,632.20","15,184.40","14,327.00","14,744.70","14,744.70","4,009,177,600"
01-Oct-14,"14,958.50","14,958.50","13,646.80","14,613.30","14,613.30","4,600,707,700"
01-Sep-14,"15,626.90","15,685.10","14,821.70","14,960.50","14,960.50","3,736,970,700"
01-Aug-14,"15,330.80","15,653.40","15,056.10","15,625.70","15,625.70","2,734,232,600"
01-Jul-14,"15,146.00","15,527.30","15,021.10","15,330.70","15,330.70","3,323,445,900"
01-Jun-14,"14,604.20","15,146.00","14,604.20","15,146.00","15,146.00","3,393,673,500"
01-May-14,"14,651.90","14,765.20","14,473.80","14,604.20","14,604.20","2,995,727,100"
01-Apr-14,"14,335.30","14,662.00","14,221.40","14,651.90","14,651.90","3,506,261,200"
01-Mar-14,"14,209.70","14,406.90","14,139.30","14,335.30","14,335.30","3,664,332,300"
01-Feb-14,"13,694.90","14,280.90","13,450.30","14,209.60","14,209.60","3,650,954,400"
01-Jan-14,"13,621.40","14,002.40","13,473.20","13,694.90","13,694.90","3,958,912,800"
01-Dec-13,"13,395.40","13,644.30","13,059.70","13,621.60","13,621.60","2,886,736,500"
01-Nov-13,"13,362.90","13,517.00","13,285.20","13,395.40","13,395.40","2,698,397,100"
01-Oct-13,"12,787.20","13,471.10","12,678.00","13,361.30","13,361.30","3,396,521,600"
01-Sep-13,"12,654.30","12,964.90","12,654.30","12,787.20","12,787.20","2,555,871,000"
01-Aug-13,"12,486.60","12,812.60","12,400.10","12,653.90","12,653.90","2,514,315,900"
01-Jul-13,"12,178.00","12,772.10","12,055.60","12,486.60","12,486.60","552,542,500"
01-Jun-13,"12,661.20","12,681.20","11,759.00","12,129.10","12,129.10","37,965,200"
01-May-13,"12,408.00","12,889.30","12,276.00","12,650.40","12,650.40","579,680,800"
01-Apr-13,"12,751.60","12,751.60","11,916.60","12,456.50","12,456.50","3,845,683,700"
01-Mar-13,"12,798.70","12,904.70","12,622.50","12,749.90","12,749.90","3,671,660,900"
01-Feb-13,"12,741.20","12,832.70","12,602.50","12,821.80","12,821.80","3,328,508,900"
01-Jan-13,"12,571.80","12,895.30","12,430.40","12,685.20","12,685.20","3,572,534,100"
01-Dec-12,"12,253.70","12,457.30","12,095.50","12,433.50","12,433.50","3,468,514,000"
01-Nov-12,"12,408.50","12,511.50","11,761.30","12,239.40","12,239.40","3,356,105,900"
01-Oct-12,"12,372.50","12,494.00","12,137.20","12,422.90","12,422.90","3,116,811,700"
01-Sep-12,"11,978.00","12,529.80","11,904.50","12,317.50","12,317.50","3,642,520,600"
01-Aug-12,"11,693.10","12,196.80","11,475.40","11,949.30","11,949.30","3,035,865,900"
01-Jul-12,"11,727.50","11,936.20","11,366.70","11,664.70","11,664.70","3,248,198,800"
01-Jun-12,"11,413.10","11,824.60","11,209.60","11,596.60","11,596.60","4,100,253,800"
01-May-12,"12,325.70","12,364.60","11,256.70","11,513.20","11,513.20","4,116,747,500"
01-Apr-12,"12,381.50","12,526.60","11,869.00","12,292.70","12,292.70","3,636,982,100"
01-Mar-12,"12,643.00","12,731.50","12,194.50","12,392.20","12,392.20","4,938,268,500"
01-Feb-12,"12,510.70","12,788.60","12,291.80","12,644.00","12,644.00","4,117,625,300"
01-Jan-12,"12,097.20","12,616.00","11,955.90","12,452.20","12,452.20","4,129,696,600"
01-Dec-11,"12,174.10","12,268.90","11,468.70","11,955.10","11,955.10","4,195,931,300"
01-Nov-11,"11,963.20","12,542.60","11,420.80","12,204.10","12,204.10","4,347,381,300"
01-Oct-11,"11,516.90","12,541.80","10,848.20","12,252.10","12,252.10","4,831,907,400"
01-Sep-11,"12,770.70","12,798.50","11,293.60","11,623.80","11,623.80","5,118,460,300"
01-Aug-11,"13,010.60","13,010.60","11,617.80","12,768.70","12,768.70","5,560,123,300"
01-Jul-11,"13,315.40","13,516.20","12,858.40","12,945.60","12,945.60","3,528,913,000"
01-Jun-11,"13,806.10","13,823.40","12,763.50","13,300.90","13,300.90","4,487,582,600"
01-May-11,"13,944.80","14,089.10","13,264.80","13,802.90","13,802.90","3,871,603,900"
01-Apr-11,"14,118.20","14,315.40","13,584.60","13,944.80","13,944.80","4,024,334,700"
01-Mar-11,"14,167.00","14,329.50","13,237.90","14,116.10","14,116.10","5,292,244,500"
01-Feb-11,"13,617.70","14,160.70","13,552.30","14,136.50","14,136.50","4,403,932,100"
01-Jan-11,"13,530.40","13,588.50","13,139.50","13,552.00","13,552.00","4,636,162,300"
01-Dec-10,"13,067.00","13,493.60","12,952.90","13,443.20","13,443.20","4,102,139,700"
01-Nov-10,"12,725.90","13,114.10","12,501.80","12,952.90","12,952.90","4,668,483,900"
01-Oct-10,"12,400.10","12,710.20","12,262.70","12,676.20","12,676.20","3,947,914,100"
01-Sep-10,"11,978.30","12,406.40","11,914.20","12,368.70","12,368.70","4,497,303,100"
01-Aug-10,"11,829.30","11,990.80","11,469.30","11,913.90","11,913.90","3,919,657,600"
01-Jul-10,"11,245.30","11,822.70","11,065.50","11,713.40","11,713.40","3,657,327,900"
01-Jun-10,"11,702.20","12,077.00","11,244.00","11,294.40","11,294.40","4,361,343,100"
01-May-10,"12,274.00","12,294.60","11,180.00","11,763.00","11,763.00","4,661,249,300"
01-Apr-10,"12,069.90","12,321.80","11,954.00","12,210.70","12,210.70","3,925,581,700"
01-Mar-10,"11,682.80","12,129.30","11,629.60","12,037.70","12,037.70","4,110,928,300"
01-Feb-10,"11,147.50","11,763.30","10,990.40","11,629.60","11,629.60","3,144,329,300"
01-Jan-10,"11,847.30","12,070.70","11,084.30","11,094.30","11,094.30","3,276,439,600"
01-Dec-09,"11,574.70","11,816.30","11,248.90","11,746.10","11,746.10","3,322,506,500"
01-Nov-09,"10,896.70","11,737.80","10,745.30","11,447.20","11,447.20","3,639,444,600"
01-Oct-09,"11,403.30","11,595.00","10,767.60","10,910.80","10,910.80","4,041,880,800"
01-Sep-09,"10,840.90","11,648.60","10,634.80","11,395.00","11,395.00","4,535,265,100"
01-Aug-09,"10,943.30","11,065.40","10,480.20","10,868.20","10,868.20","3,542,276,500"
01-Jul-09,"10,290.50","10,841.50","9,535.50","10,787.20","10,787.20","3,774,968,400"
01-Jun-09,"10,530.80","10,726.00","9,727.30","10,374.90","10,374.90","4,799,342,800"
01-May-09,"9,369.20","10,493.10","9,324.80","10,370.10","10,370.10","4,706,025,200"
01-Apr-09,"8,647.60","9,568.30","8,617.30","9,324.80","9,324.80","4,857,191,300"
01-Mar-09,"7,997.60","9,018.50","7,480.00","8,720.40","8,720.40","5,839,440,200"
01-Feb-09,"8,603.00","9,151.60","7,566.30","8,123.00","8,123.00","4,761,913,900"
01-Jan-09,"8,951.90","9,505.70","8,387.60","8,694.90","8,694.90","4,769,963,000"
01-Dec-08,"8,816.40","9,270.60","7,802.30","8,987.70","8,987.70","5,650,908,400"
01-Nov-08,"9,841.30","10,199.80","7,647.10","9,270.60","9,270.60","5,928,069,900"
01-Oct-08,"11,730.70","11,775.80","8,537.30","9,762.80","9,762.80","6,990,780,400"
01-Sep-08,"13,558.80","13,771.30","11,171.30","11,752.90","11,752.90","6,508,455,900"
01-Aug-08,"13,645.10","13,771.30","13,015.90","13,771.30","13,771.30","4,070,964,700"
01-Jul-08,"14,573.50","14,584.90","13,157.90","13,592.90","13,592.90","5,117,166,900"
01-Jun-08,"14,673.90","15,154.80","14,156.50","14,467.00","14,467.00","4,708,141,000"
01-May-08,"13,920.30","15,128.60","13,846.60","14,714.70","14,714.70","4,794,265,700"
01-Apr-08,"13,337.70","14,372.30","13,254.00","13,937.00","13,937.00","4,755,252,900"
01-Mar-08,"13,622.50","13,667.60","12,453.90","13,350.10","13,350.10","5,009,775,900"
01-Feb-08,"13,202.60","13,891.80","12,747.60","13,582.70","13,582.70","4,505,827,300"
01-Jan-08,"13,907.70","14,037.70","11,982.90","13,155.10","13,155.10","5,246,150,100"
01-Dec-07,"13,671.60","14,027.20","13,295.60","13,833.10","13,833.10","3,587,962,200"
01-Nov-07,"14,485.70","14,625.00","13,190.10","13,689.10","13,689.10","5,057,926,500"
01-Oct-07,"14,113.10","14,625.00","13,869.10","14,625.00","14,625.00","5,344,499,900"
01-Sep-07,"13,673.70","14,167.30","13,539.90","14,098.90","14,098.90","4,226,559,100"
01-Aug-07,"13,751.80","13,868.60","12,463.80","13,660.50","13,660.50","4,721,564,300"
01-Jul-07,"14,001.40","14,646.80","13,705.00","13,868.60","13,868.60","4,474,079,300"
01-Jun-07,"14,084.50","14,209.40","13,535.30","13,906.60","13,906.60","4,675,035,500"
01-May-07,"13,430.20","14,216.20","13,305.10","14,056.80","14,056.80","4,790,405,400"
01-Apr-07,"13,185.30","13,713.10","13,165.50","13,416.70","13,416.70","4,050,566,100"
01-Mar-07,"12,920.00","13,308.10","12,661.50","13,165.50","13,165.50","4,271,469,800"
01-Feb-07,"13,090.70","13,433.00","12,947.90","13,045.00","13,045.00","3,861,226,900"
01-Jan-07,"12,924.50","13,074.10","12,412.60","13,034.10","13,034.10","4,150,428,500"
01-Dec-06,"12,757.40","13,053.20","12,665.90","12,908.40","12,908.40","3,088,822,000"
01-Nov-06,"12,023.30","12,782.60","12,002.60","12,752.40","12,752.40","4,723,027,800"
01-Oct-06,"11,767.40","12,415.90","11,407.30","12,344.60","12,344.60","4,475,722,400"
01-Sep-06,"12,121.60","12,210.90","11,464.60","11,761.30","11,761.30","4,193,771,000"
01-Aug-06,"11,864.10","12,226.60","11,817.50","12,073.80","12,073.80","3,675,088,700"
01-Jul-06,"11,670.20","11,929.90","11,410.40","11,831.00","11,831.00","3,136,692,400"
01-Jun-06,"11,695.00","11,932.40","10,860.70","11,612.90","11,612.90","3,775,487,000"
01-May-06,"12,289.20","12,420.60","11,345.10","11,744.50","11,744.50","4,295,340,200"
01-Apr-06,"12,200.70","12,494.70","12,110.60","12,204.20","12,204.20","3,406,152,500"
01-Mar-06,"11,694.70","12,287.50","11,649.40","12,110.60","12,110.60","3,957,488,300"
01-Feb-06,"11,962.80","12,080.50","11,458.40","11,688.30","11,688.30","3,608,163,800"
01-Jan-06,"11,304.60","12,000.00","11,272.30","11,945.60","11,945.60","3,633,925,900"
01-Dec-05,"10,868.20","11,296.80","10,824.10","11,272.30","11,272.30","2,722,575,800"
01-Nov-05,"10,390.00","11,146.10","10,383.30","10,824.10","10,824.10","2,905,177,100"
01-Oct-05,"11,035.00","11,084.60","10,145.10","10,383.30","10,383.30","2,812,107,900"
01-Sep-05,"10,675.60","11,135.50","10,668.90","11,011.80","11,011.80","3,151,830,700"
01-Aug-05,"10,491.70","10,728.60","10,373.20","10,668.90","10,668.90","2,824,134,500"
01-Jul-05,"10,033.00","10,542.00","9,902.80","10,422.90","10,422.90","2,116,858,500"
01-Jun-05,"9,618.40","10,075.00","9,604.60","9,902.80","9,902.80","2,615,060,500"
01-May-05,"9,349.10","9,679.90","9,261.50","9,607.30","9,607.30","2,304,422,000"
01-Apr-05,"9,675.30","9,701.40","9,243.70","9,369.30","9,369.30","2,377,228,200"
01-Mar-05,"9,701.20","9,968.40","9,390.50","9,612.40","9,612.40","2,955,365,700"
01-Feb-05,"9,211.50","9,774.60","9,204.10","9,668.30","9,668.30","2,446,392,600"
01-Jan-05,"9,190.10","9,246.80","8,952.80","9,204.10","9,204.10","2,335,454,800"
01-Dec-04,"9,037.80","9,287.40","8,965.30","9,246.70","9,246.70","2,440,751,300"
01-Nov-04,"8,877.70","9,078.70","8,795.50","9,030.10","9,030.10","2,632,697,900"
01-Oct-04,"8,665.10","8,900.00","8,663.40","8,871.00","8,871.00","2,523,166,500"
01-Sep-04,"8,356.10","8,672.00","8,320.10","8,668.30","8,668.30","2,432,324,400"
01-Aug-04,"8,503.80","8,503.80","8,116.20","8,377.00","8,377.00","2,153,111,100"
01-Jul-04,"8,498.00","8,545.60","8,242.80","8,458.10","8,458.10","2,228,622,500"
01-Jun-04,"8,390.20","8,578.10","8,274.90","8,545.60","8,545.60","2,520,716,500"
01-May-04,"8,283.80","8,481.40","8,098.10","8,417.30","8,417.30","2,557,196,600"
01-Apr-04,"8,632.10","8,920.80","8,217.70","8,244.00","8,244.00","3,002,144,600"
01-Mar-04,"8,840.60","8,885.60","8,416.00","8,585.90","8,585.90","3,385,866,200"
01-Feb-04,"8,546.90","8,808.80","8,521.20","8,788.50","8,788.50","2,620,558,700"
01-Jan-04,"8,241.20","8,645.30","8,220.90","8,521.40","8,521.40","3,348,367,600"
01-Dec-03,"7,896.50","8,276.80","7,859.40","8,220.90","8,220.90","2,514,021,600"
01-Nov-03,"7,799.00","7,908.70","7,710.70","7,859.40","7,859.40","2,205,310,500"
01-Oct-03,"7,433.10","7,819.00","7,421.10","7,772.70","7,772.70","2,700,141,600"
01-Sep-03,"7,507.70","7,667.10","7,379.90","7,421.10","7,421.10","3,180,006,500"
01-Aug-03,"7,226.50","7,546.70","7,122.60","7,510.30","7,510.30","2,118,619,400"
01-Jul-03,"6,996.80","7,311.50","6,981.40","7,257.90","7,257.90","2,609,260,000"
01-Jun-03,"6,885.80","7,129.20","6,859.80","6,983.10","6,983.10","2,592,288,400"
01-May-03,"6,584.10","6,868.20","6,538.80","6,859.80","6,859.80","2,552,088,100"
01-Apr-03,"6,351.20","6,633.70","6,316.20","6,586.10","6,586.10","2,446,353,800"
01-Mar-03,"6,570.50","6,597.50","6,204.90","6,343.30","6,343.30","2,292,977,000"
01-Feb-03,"6,591.30","6,618.40","6,428.10","6,555.10","6,555.10","1,957,129,500"
01-Jan-03,"6,632.30","6,852.50","6,478.10","6,569.50","6,569.50","2,880,277,700"
01-Dec-02,"6,652.00","6,725.50","6,491.80","6,614.50","6,614.50","2,744,226,100"
01-Nov-02,"6,247.80","6,636.40","6,227.30","6,570.40","6,570.40","2,685,316,700"
01-Oct-02,"6,177.90","6,452.80","5,678.30","6,248.80","6,248.80","3,003,583,400"
01-Sep-02,"6,565.70","6,629.20","6,037.10","6,180.40","6,180.40","2,455,891,700"
01-Aug-02,"6,573.10","6,737.90","6,431.50","6,612.00","6,612.00","2,146,800,600"
01-Jul-02,"7,126.20","7,145.60","5,992.10","6,605.40","6,605.40","2,643,161,500"
01-Jun-02,"7,631.40","7,668.40","7,003.70","7,145.60","7,145.60","2,862,082,800"
01-May-02,"7,646.60","7,746.50","7,539.20","7,656.10","7,656.10","2,274,294,900"
01-Apr-02,"7,854.00","7,932.10","7,569.50","7,663.40","7,663.40","2,398,755,700"
01-Mar-02,"7,672.90","7,992.70","7,662.30","7,851.50","7,851.50","2,337,427,200"
01-Feb-02,"7,641.10","7,707.40","7,402.70","7,637.50","7,637.50","2,091,999,100"
01-Jan-02,"7,679.60","7,875.70","7,468.90","7,648.50","7,648.50","2,086,937,300"
01-Dec-01,"7,366.00","7,729.30","7,346.60","7,688.40","7,688.40","1,989,709,200"
01-Nov-01,"6,904.60","7,496.00","6,864.80","7,425.70","7,425.70","2,368,759,700"
01-Oct-01,"6,801.90","7,077.30","6,766.40","6,885.70","6,885.70","2,277,342,500"
01-Sep-01,"7,420.30","7,513.60","6,301.50","6,838.60","6,838.60","1,990,169,800"
01-Aug-01,"7,703.00","7,777.10","7,397.40","7,399.20","7,399.20","1,681,793,200"
01-Jul-01,"7,687.10","7,765.60","7,531.60","7,689.70","7,689.70","1,597,000,400"
01-Jun-01,"8,180.10","8,334.80","7,519.50","7,736.40","7,736.40","2,347,854,900"
01-May-01,"7,915.60","8,409.10","7,864.50","8,161.90","8,161.90","2,534,824,200"
01-Apr-01,"7,633.30","8,147.70","7,382.00","7,946.60","7,946.60","2,109,652,800"
01-Mar-01,"8,033.10","8,315.40","7,438.50","7,608.00","7,608.00","2,363,551,000"
01-Feb-01,"9,276.40","9,367.80","7,913.80","8,078.70","8,078.70","2,073,520,300"
01-Jan-01,"8,961.80","9,425.50","8,474.30","9,321.90","9,321.90","2,150,227,000"
01-Dec-00,"8,896.80","9,661.50","8,561.90","8,933.70","8,933.70","1,999,559,800"
01-Nov-00,"9,561.30","9,786.20","8,593.50","8,819.90","8,819.90","1,865,611,100"
01-Oct-00,"10,491.70","10,701.50","9,185.60","9,639.60","9,639.60","2,147,719,000"
01-Sep-00,"11,375.40","11,402.00","10,203.00","10,377.90","10,377.90","1,752,648,800"
01-Aug-00,"10,456.70","11,325.40","10,181.50","11,247.90","11,247.90","1,777,334,700"
01-Jul-00,"10,195.50","10,983.30","10,153.10","10,406.30","10,406.30","1,496,248,000"
01-Jun-00,"9,397.90","10,310.10","9,397.90","10,195.50","10,195.50","1,916,390,000"
01-May-00,"9,399.10","9,620.50","8,807.40","9,252.00","9,252.00","2,137,767,400"
01-Apr-00,"9,520.70","9,640.10","8,421.60","9,347.60","9,347.60","1,839,722,300"
01-Mar-00,"9,317.90","10,176.70","9,191.90","9,462.40","9,462.40","1,364,783,800"
01-Feb-00,"8,496.30","9,557.60","8,438.40","9,129.00","9,129.00","907,177,500"
01-Jan-00,"8,271.70","8,755.60","8,018.60","8,481.10","8,481.10","1,401,281,200"
01-Dec-99,"7,691.40","8,498.80","7,519.50","8,413.80","8,413.80","1,089,937,900"
01-Nov-99,"7,227.10","7,903.50","7,196.90","7,523.20","7,523.20","1,552,340,700"
01-Oct-99,"6,906.40","7,256.20","6,809.80","7,256.20","7,256.20","1,264,615,400"
01-Sep-99,"6,993.00","7,175.00","6,717.50","6,957.70","6,957.70","1,454,890,100"
01-Aug-99,"7,092.00","7,230.30","6,752.50","6,970.80","6,970.80","1,322,774,600"
01-Jul-99,"7,091.50","7,309.20","6,977.60","7,081.00","7,081.00","1,179,163,900"
01-Jun-99,"6,841.80","7,028.50","6,788.50","7,010.10","7,010.10","1,382,575,500"
01-May-99,"7,020.10","7,110.10","6,727.60","6,841.80","6,841.80","1,186,374,000"
01-Apr-99,"6,613.10","7,115.30","6,595.80","7,014.70","7,014.70","1,271,624,800"
01-Mar-99,"6,289.60","6,666.00","6,157.70","6,597.80","6,597.80","1,582,007,000"
01-Feb-99,"6,754.80","6,779.40","6,257.50","6,312.70","6,312.70","1,231,034,500"
01-Jan-99,"6,522.20","6,886.90","6,489.30","6,729.60","6,729.60","1,349,751,400"
01-Dec-98,"6,316.50","6,485.90","6,169.50","6,485.90","6,485.90","1,279,884,400"
01-Nov-98,"6,279.20","6,672.90","6,248.60","6,343.90","6,343.90","1,286,206,900"
01-Oct-98,"5,533.50","6,242.80","5,325.80","6,208.30","6,208.30","1,448,284,900"
01-Sep-98,"5,566.40","6,015.10","5,419.90","5,614.10","5,614.10","1,486,858,100"
01-Aug-98,"6,910.00","6,910.00","5,530.60","5,530.70","5,530.70","1,186,758,600"
01-Jul-98,"7,380.60","7,476.90","6,931.40","6,931.40","6,931.40","1,166,439,400"
01-Jun-98,"7,558.90","7,570.80","7,104.50","7,366.90","7,366.90","1,369,047,100"
01-May-98,"7,706.10","7,778.00","7,447.00","7,589.80","7,589.80","1,051,722,900"
01-Apr-98,"7,549.70","7,835.80","7,503.60","7,665.00","7,665.00","1,458,033,100"
01-Mar-98,"7,106.90","7,630.50","7,070.30","7,558.50","7,558.50","1,466,541,600"
01-Feb-98,"6,769.40","7,131.50","6,738.70","7,092.50","7,092.50","1,333,138,400"
01-Jan-98,"6,708.90","6,755.90","6,066.70","6,700.20","6,700.20","1,325,187,200"
01-Dec-97,"6,537.90","6,809.60","6,465.00","6,699.40","6,699.40","1,203,557,500"
01-Nov-97,"6,919.60","6,986.70","6,424.60","6,512.80","6,512.80","1,236,210,000"
01-Oct-97,"7,070.70","7,223.40","6,355.20","6,842.40","6,842.40","1,236,781,000"
01-Sep-97,"6,618.30","7,068.60","6,618.30","7,040.20","7,040.20","1,276,780,100"
01-Aug-97,"6,877.30","6,964.10","6,582.20","6,611.80","6,611.80","1,082,091,700"
01-Jul-97,"6,471.50","6,881.90","6,471.50","6,877.70","6,877.70","1,258,942,100"
01-Jun-97,"6,403.40","6,557.00","6,388.80","6,437.70","6,437.70","1,149,464,300"
01-May-97,"5,973.30","6,491.40","5,973.30","6,382.10","6,382.10","1,096,815,500"
01-Apr-97,"5,840.30","5,976.60","5,658.00","5,976.60","5,976.60","874,082,600"
01-Mar-97,"6,125.00","6,348.00","5,808.50","5,850.20","5,850.20","19,454,900"
01-Feb-97,"6,123.20","6,260.70","6,063.10","6,157.80","6,157.80","23,289,900"
01-Jan-97,"5,917.80","6,144.30","5,872.20","6,109.60","6,109.60","23,648,400"
01-Dec-96,"5,978.90","5,996.80","5,672.20","5,927.00","5,927.00","17,763,200"
01-Nov-96,"5,606.00","6,019.10","5,579.30","6,016.70","6,016.70","22,887,200"
01-Oct-96,"5,296.30","5,601.90","5,294.60","5,598.80","5,598.80","21,980,900"
01-Sep-96,"5,120.00","5,326.90","5,120.00","5,291.10","5,291.10","17,062,300"
01-Aug-96,"4,933.20","5,200.70","4,933.20","5,143.40","5,143.40","15,374,900"
01-Jul-96,"5,070.40","5,098.30","4,814.10","4,929.20","4,929.20","14,333,900"
01-Jun-96,"5,234.60","5,243.60","5,006.10","5,044.10","5,044.10","16,768,900"
01-May-96,"5,142.70","5,248.40","5,116.50","5,246.40","5,246.40","18,335,100"
01-Apr-96,"4,970.20","5,154.30","4,949.10","5,146.50","5,146.50","14,106,700"
01-Mar-96,"4,947.20","5,004.80","4,870.00","4,970.80","4,970.80","16,026,300"
01-Feb-96,"4,983.40","5,066.80","4,923.80","4,933.70","4,933.70","17,775,200"
01-Jan-96,"4,707.40","4,987.90","4,707.40","4,968.40","4,968.40","13,608,500"
01-Dec-95,"4,658.00","4,752.80","4,611.60","4,713.50","4,713.50","13,681,600"
01-Nov-95,"4,449.10","4,681.70","4,445.00","4,661.20","4,661.20","14,422,900"
01-Oct-95,"4,513.30","4,518.80","4,280.00","4,459.20","4,459.20","12,047,500"
01-Sep-95,"4,510.80","4,613.50","4,486.90","4,529.80","4,529.80","12,983,100"
01-Aug-95,"4,604.90","4,632.70","4,514.80","4,516.70","4,516.70","12,074,000"
01-Jul-95,"4,527.20","4,718.30","4,527.00","4,615.10","4,615.10","12,494,800"
01-Jun-95,"4,448.70","4,562.10","4,422.50","4,527.20","4,527.20","14,653,400"
01-May-95,"4,276.30","4,452.10","4,255.80","4,448.60","4,448.60","15,052,700"
01-Apr-95,"4,305.30","4,317.90","4,243.00","4,279.50","4,279.50","12,154,100"
01-Mar-95,"4,113.90","4,320.50","4,072.10","4,313.60","4,313.60","14,290,500"
01-Feb-95,"4,039.00","4,154.10","4,015.50","4,124.80","4,124.80","11,217,100"
01-Jan-95,"4,192.90","4,196.40","3,983.30","4,017.50","4,017.50","11,521,900"
01-Dec-94,"4,096.20","4,213.80","4,016.50","4,213.60","4,213.60","10,915,100"
01-Nov-94,"4,278.20","4,281.10","3,999.50","4,093.40","4,093.40","11,188,800"
01-Oct-94,"4,352.60","4,379.20","4,220.20","4,291.70","4,291.70","11,033,400"
01-Sep-94,"4,335.40","4,436.00","4,313.20","4,354.20","4,354.20","13,001,800"
01-Aug-94,"4,182.20","4,350.20","4,160.10","4,349.50","4,349.50","12,808,100"
01-Jul-94,"4,025.30","4,204.00","4,025.30","4,179.00","4,179.00","9,839,700"
01-Jun-94,"4,314.80","4,314.80","3,935.70","4,025.30","4,025.30","11,787,000"
01-May-94,"4,275.60","4,333.40","4,157.70","4,326.80","4,326.80","11,850,200"
01-Apr-94,"4,250.70","4,352.80","4,092.60","4,267.10","4,267.10","11,635,900"
01-Mar-94,"4,408.80","4,609.90","4,276.70","4,329.60","4,329.60","16,970,500"
01-Feb-94,"4,574.80","4,601.10","4,327.00","4,423.80","4,423.80","14,593,800"
01-Jan-94,"4,348.00","4,574.30","4,344.60","4,554.90","4,554.90","16,492,600"
01-Dec-93,"4,195.70","4,330.00","4,195.70","4,321.40","4,321.40","12,802,700"
01-Nov-93,"4,228.30","4,303.30","4,160.20","4,180.20","4,180.20","15,910,000"
01-Oct-93,"3,985.00","4,255.60","3,969.60","4,255.50","4,255.50","11,411,400"
01-Sep-93,"4,124.00","4,144.00","3,918.10","3,990.60","3,990.60","12,851,100"
01-Aug-93,"3,972.40","4,144.40","3,945.90","4,137.60","4,137.60","11,096,300"
01-Jul-93,"3,995.00","4,003.70","3,827.40","3,967.20","3,967.20","11,614,000"
01-Jun-93,"3,875.50","4,002.60","3,848.90","3,966.40","3,966.40","12,360,200"
01-May-93,"3,787.60","3,883.40","3,762.70","3,882.60","3,882.60","13,053,400"
01-Apr-93,"3,598.60","3,789.70","3,582.70","3,789.40","3,789.40","13,748,700"
01-Mar-93,"3,447.80","3,614.70","3,425.30","3,602.40","3,602.40","12,956,300"
01-Feb-93,"3,308.40","3,467.40","3,301.00","3,451.70","3,451.70","9,696,300"
01-Jan-93,"3,349.00","3,356.70","3,263.20","3,305.50","3,305.50","9,008,800"
01-Dec-92,"3,278.80","3,350.40","3,255.20","3,350.40","3,350.40","8,319,500"
01-Nov-92,"3,335.00","3,379.30","3,213.70","3,282.80","3,282.80","7,130,800"
01-Oct-92,"3,304.80","3,345.10","3,150.00","3,336.10","3,336.10","6,685,100"
01-Sep-92,"3,399.10","3,472.40","3,289.00","3,297.90","3,297.90","6,610,800"
01-Aug-92,"3,434.10","3,434.10","3,360.50","3,402.90","3,402.90","4,665,400"
01-Jul-92,"3,410.30","3,479.10","3,392.20","3,443.40","3,443.40","5,641,700"
01-Jun-92,"3,377.90","3,419.80","3,321.40","3,387.70","3,387.70","5,731,600"
01-May-92,"3,364.40","3,444.80","3,351.90","3,387.90","3,387.90","4,979,000"
01-Apr-92,"3,393.30","3,419.80","3,299.10","3,355.60","3,355.60","5,075,100"
01-Mar-92,"3,573.50","3,588.80","3,401.50","3,412.10","3,412.10","6,189,200"
01-Feb-92,"3,589.60","3,618.10","3,529.60","3,581.90","3,581.90","5,523,700"
01-Jan-92,"3,493.00","3,672.60","3,478.00","3,596.10","3,596.10","6,728,200"
01-Dec-91,"3,430.40","3,515.30","3,315.90","3,512.40","3,512.40","4,682,000"
01-Nov-91,"3,520.10","3,604.10","3,430.70","3,448.50","3,448.50","5,357,900"
01-Oct-91,"3,393.90","3,515.90","3,324.20","3,515.80","3,515.80","5,294,400"
01-Sep-91,"3,512.80","3,517.00","3,378.40","3,387.90","3,387.90","4,095,100"
01-Aug-91,"3,536.10","3,552.60","3,469.50","3,517.90","3,517.90","3,944,500"
01-Jul-91,"3,485.80","3,564.70","3,471.20","3,539.60","3,537.96","4,030,300"
01-Jun-91,"3,540.80","3,582.70","3,459.50","3,465.80","3,457.00","4,592,300"
01-May-91,"3,471.60","3,546.20","3,441.30","3,546.10","3,537.09","4,748,500"
01-Apr-91,"3,491.30","3,554.50","3,460.70","3,468.80","3,459.99","5,462,000"
01-Mar-91,"3,445.50","3,598.10","3,445.40","3,495.70","3,486.82","5,540,900"
01-Feb-91,"3,271.80","3,537.00","3,263.40","3,462.40","3,453.61","5,886,500"
01-Jan-91,"3,246.10","3,272.90","3,150.90","3,272.90","3,264.59","4,289,200"
01-Dec-90,"3,161.20","3,263.70","3,150.60","3,256.80","3,248.53","4,045,500"
01-Nov-90,"3,074.20","3,152.20","3,049.50","3,151.00","3,143.00","4,563,000"
01-Oct-90,"3,169.70","3,208.10","3,007.80","3,081.30","3,073.48","4,954,300"
01-Sep-90,"3,327.10","3,338.30","3,144.20","3,159.40","3,151.38","4,023,800"
01-Aug-90,"3,560.60","3,592.30","3,329.70","3,346.30","3,337.80","5,493,400"
01-Jul-90,"3,542.80","3,638.90","3,524.50","3,561.10","3,552.06","3,838,400"
01-Jun-90,"3,607.00","3,617.20","3,473.80","3,543.90","3,534.90","4,533,300"
01-May-90,"3,349.10","3,587.00","3,324.60","3,582.00","3,572.90","4,791,500"
01-Apr-90,"3,599.40","3,654.80","3,323.30","3,340.90","3,332.42","4,119,000"
01-Mar-90,"3,682.50","3,774.20","3,633.90","3,639.50","3,630.26","4,666,100"
01-Feb-90,"3,714.00","3,795.30","3,628.40","3,686.70","3,677.34","5,187,000"
01-Jan-90,"3,962.20","4,020.90","3,690.50","3,704.40","3,694.99","6,316,600"