scenario_id,city,start_date,end_date,holding_years,portfolio_name,renter_discipline,interest_rate_scenario,mortgage_rate_shock,down_payment_pct,mortgage_type,property_tax_rate,structure_ratio
1,Canada,2005-01-01,2010-01-01,5,tsx_only,1,base_rate,0,0.2,fixed,0.01,0.5
2,Canada,2005-01-01,2010-01-01,5,tsx_only,1,rate_plus_2pct,0.02,0.2,fixed,0.01,0.5
3,Canada,2005-01-01,2010-01-01,5,tsx_only,1,rate_minus_2pct,-0.02,0.2,fixed,0.01,0.5
4,Canada,2005-01-01,2010-01-01,5,tsx_only,0.7,base_rate,0,0.2,fixed,0.01,0.5
5,Canada,2005-01-01,2010-01-01,5,tsx_only,0.7,rate_plus_2pct,0.02,0.2,fixed,0.01,0.5
6,Canada,2005-01-01,2010-01-01,5,tsx_only,0.7,rate_minus_2pct,-0.02,0.2,fixed,0.01,0.5
7,Canada,2005-01-01,2015-01-01,10,tsx_only,1,base_rate,0,0.2,fixed,0.01,0.5
8,Canada,2005-01-01,2015-01-01,10,tsx_only,1,rate_plus_2pct,0.02,0.2,fixed,0.01,0.5
9,Canada,2005-01-01,2015-01-01,10,tsx_only,1,rate_minus_2pct,-0.02,0.2,fixed,0.01,0.5
10,Canada,2005-01-01,2015-01-01,10,tsx_only,0.7,base_rate,0,0.2,fixed,0.01,0.5
11,Canada,2005-01-01,2015-01-01,10,tsx_only,0.7,rate_plus_2pct,0.02,0.2,fixed,0.01,0.5
12,Canada,2005-01-01,2015-01-01,10,tsx_only,0.7,rate_minus_2pct,-0.02,0.2,fixed,0.01,0.5
13,Canada,2005-01-01,2020-01-01,15,tsx_only,1,base_rate,0,0.2,fixed,0.01,0.5
14,Canada,2005-01-01,2020-01-01,15,tsx_only,1,rate_plus_2pct,0.02,0.2,fixed,0.01,0.5
15,Canada,2005-01-01,2020-01-01,15,tsx_only,1,rate_minus_2pct,-0.02,0.2,fixed,0.01,0.5
16,Canada,2005-01-01,2020-01-01,15,tsx_only,0.7,base_rate,0,0.2,fixed,0.01,0.5
17,Canada,2005-01-01,2020-01-01,15,tsx_only,0.7,rate_plus_2pct,0.02,0.2,fixed,0.01,0.5
18,Canada,2005-01-01,2020-01-01,15,tsx_only,0.7,rate_minus_2pct,-0.02,0.2,fixed,0.01,0.5
19,Canada,2005-01-01,2025-01-01,20,tsx_only,1,base_rate,0,0.2,fixed,0.01,0.5
20,Canada,2005-01-01,2025-01-01,20,tsx_only,1,rate_plus_2pct,0.02,0.2,fixed,0.01,0.5
21,Canada,2005-01-01,2025-01-01,20,tsx_only,1,rate_minus_2pct,-0.02,0.2,fixed,0.01,0.5
22,Canada,2005-01-01,2025-01-01,20,tsx_only,0.7,base_rate,0,0.2,fixed,0.01,0.5
23,Canada,2005-01-01,2025-01-01,20,tsx_only,0.7,rate_plus_2pct,0.02,0.2,fixed,0.01,0.5
24,Canada,2005-01-01,2025-01-01,20,tsx_only,0.7,rate_minus_2pct,-0.02,0.2,fixed,0.01,0.5
25,Canada,2010-01-01,2015-01-01,5,tsx_only,1,base_rate,0,0.2,fixed,0.01,0.5
26,Canada,2010-01-01,2015-01-01,5,tsx_only,1,rate_plus_2pct,0.02,0.2,fixed,0.01,0.5
27,Canada,2010-01-01,2015-01-01,5,tsx_only,1,rate_minus_2pct,-0.02,0.2,fixed,0.01,0.5
28,Canada,2010-01-01,2015-01-01,5,tsx_only,0.7,base_rate,0,0.2,fixed,0.01,0.5
29,Canada,2010-01-01,2015-01-01,5,tsx_only,0.7,rate_plus_2pct,0.02,0.2,fixed,0.01,0.5
30,Canada,2010-01-01,2015-01-01,5,tsx_only,0.7,rate_minus_2pct,-0.02,0.2,fixed,0.01,0.5
31,Canada,2010-01-01,2020-01-01,10,tsx_only,1,base_rate,0,0.2,fixed,0.01,0.5
32,Canada,2010-01-01,2020-01-01,10,tsx_only,1,rate_plus_2pct,0.02,0.2,fixed,0.01,0.5
33,Canada,2010-01-01,2020-01-01,10,tsx_only,1,rate_minus_2pct,-0.02,0.2,fixed,0.01,0.5
34,Canada,2010-01-01,2020-01-01,10,tsx_only,0.7,base_rate,0,0.2,fixed,0.01,0.5
35,Canada,2010-01-01,2020-01-01,10,tsx_only,0.7,rate_plus_2pct,0.02,0.2,fixed,0.01,0.5
36,Canada,2010-01-01,2020-01-01,10,tsx_only,0.7,rate_minus_2pct,-0.02,0.2,fixed,0.01,0.5
37,Canada,2010-01-01,2025-01-01,15,tsx_only,1,base_rate,0,0.2,fixed,0.01,0.5
38,Canada,2010-01-01,2025-01-01,15,tsx_only,1,rate_plus_2pct,0.02,0.2,fixed,0.01,0.5
39,Canada,2010-01-01,2025-01-01,15,tsx_only,1,rate_minus_2pct,-0.02,0.2,fixed,0.01,0.5
40,Canada,2010-01-01,2025-01-01,15,tsx_only,0.7,base_rate,0,0.2,fixed,0.01,0.5
41,Canada,2010-01-01,2025-01-01,15,tsx_only,0.7,rate_plus_2pct,0.02,0.2,fixed,0.01,0.5
42,Canada,2010-01-01,2025-01-01,15,tsx_only,0.7,rate_minus_2pct,-0.02,0.2,fixed,0.01,0.5
43,Canada,2015-01-01,2020-01-01,5,tsx_only,1,base_rate,0,0.2,fixed,0.01,0.5
44,Canada,2015-01-01,2020-01-01,5,tsx_only,1,rate_plus_2pct,0.02,0.2,fixed,0.01,0.5
45,Canada,2015-01-01,2020-01-01,5,tsx_only,1,rate_minus_2pct,-0.02,0.2,fixed,0.01,0.5
46,Canada,2015-01-01,2020-01-01,5,tsx_only,0.7,base_rate,0,0.2,fixed,0.01,0.5
47,Canada,2015-01-01,2020-01-01,5,tsx_only,0.7,rate_plus_2pct,0.02,0.2,fixed,0.01,0.5
48,Canada,2015-01-01,2020-01-01,5,tsx_only,0.7,rate_minus_2pct,-0.02,0.2,fixed,0.01,0.5
49,Canada,2015-01-01,2025-01-01,10,tsx_only,1,base_rate,0,0.2,fixed,0.01,0.5
50,Canada,2015-01-01,2025-01-01,10,tsx_only,1,rate_plus_2pct,0.02,0.2,fixed,0.01,0.5
51,Canada,2015-01-01,2025-01-01,10,tsx_only,1,rate_minus_2pct,-0.02,0.2,fixed,0.01,0.5
52,Canada,2015-01-01,2025-01-01,10,tsx_only,0.7,base_rate,0,0.2,fixed,0.01,0.5
53,Canada,2015-01-01,2025-01-01,10,tsx_only,0.7,rate_plus_2pct,0.02,0.2,fixed,0.01,0.5
54,Canada,2015-01-01,2025-01-01,10,tsx_only,0.7,rate_minus_2pct,-0.02,0.2,fixed,0.01,0.5
55,Canada,2020-01-01,2025-01-01,5,tsx_only,1,base_rate,0,0.2,fixed,0.01,0.5
56,Canada,2020-01-01,2025-01-01,5,tsx_only,1,rate_plus_2pct,0.02,0.2,fixed,0.01,0.5
57,Canada,2020-01-01,2025-01-01,5,tsx_only,1,rate_minus_2pct,-0.02,0.2,fixed,0.01,0.5
58,Canada,2020-01-01,2025-01-01,5,tsx_only,0.7,base_rate,0,0.2,fixed,0.01,0.5
59,Canada,2020-01-01,2025-01-01,5,tsx_only,0.7,rate_plus_2pct,0.02,0.2,fixed,0.01,0.5
60,Canada,2020-01-01,2025-01-01,5,tsx_only,0.7,rate_minus_2pct,-0.02,0.2,fixed,0.01,0.5
61,Canada,2005-01-01,2010-01-01,5,sp500_only,1,base_rate,0,0.2,fixed,0.01,0.5
62,Canada,2005-01-01,2010-01-01,5,sp500_only,1,rate_plus_2pct,0.02,0.2,fixed,0.01,0.5
63,Canada,2005-01-01,2010-01-01,5,sp500_only,1,rate_minus_2pct,-0.02,0.2,fixed,0.01,0.5
64,Canada,2005-01-01,2010-01-01,5,sp500_only,0.7,base_rate,0,0.2,fixed,0.01,0.5
65,Canada,2005-01-01,2010-01-01,5,sp500_only,0.7,rate_plus_2pct,0.02,0.2,fixed,0.01,0.5
66,Canada,2005-01-01,2010-01-01,5,sp500_only,0.7,rate_minus_2pct,-0.02,0.2,fixed,0.01,0.5
67,Canada,2005-01-01,2015-01-01,10,sp500_only,1,base_rate,0,0.2,fixed,0.01,0.5
68,Canada,2005-01-01,2015-01-01,10,sp500_only,1,rate_plus_2pct,0.02,0.2,fixed,0.01,0.5
69,Canada,2005-01-01,2015-01-01,10,sp500_only,1,rate_minus_2pct,-0.02,0.2,fixed,0.01,0.5
70,Canada,2005-01-01,2015-01-01,10,sp500_only,0.7,base_rate,0,0.2,fixed,0.01,0.5
71,Canada,2005-01-01,2015-01-01,10,sp500_only,0.7,rate_plus_2pct,0.02,0.2,fixed,0.01,0.5
72,Canada,2005-01-01,2015-01-01,10,sp500_only,0.7,rate_minus_2pct,-0.02,0.2,fixed,0.01,0.5
73,Canada,2005-01-01,2020-01-01,15,sp500_only,1,base_rate,0,0.2,fixed,0.01,0.5
74,Canada,2005-01-01,2020-01-01,15,sp500_only,1,rate_plus_2pct,0.02,0.2,fixed,0.01,0.5
75,Canada,2005-01-01,2020-01-01,15,sp500_only,1,rate_minus_2pct,-0.02,0.2,fixed,0.01,0.5
76,Canada,2005-01-01,2020-01-01,15,sp500_only,0.7,base_rate,0,0.2,fixed,0.01,0.5
77,Canada,2005-01-01,2020-01-01,15,sp500_only,0.7,rate_plus_2pct,0.02,0.2,fixed,0.01,0.5
78,Canada,2005-01-01,2020-01-01,15,sp500_only,0.7,rate_minus_2pct,-0.02,0.2,fixed,0.01,0.5
79,Canada,2005-01-01,2025-01-01,20,sp500_only,1,base_rate,0,0.2,fixed,0.01,0.5
80,Canada,2005-01-01,2025-01-01,20,sp500_only,1,rate_plus_2pct,0.02,0.2,fixed,0.01,0.5
81,Canada,2005-01-01,2025-01-01,20,sp500_only,1,rate_minus_2pct,-0.02,0.2,fixed,0.01,0.5
82,Canada,2005-01-01,2025-01-01,20,sp500_only,0.7,base_rate,0,0.2,fixed,0.01,0.5
83,Canada,2005-01-01,2025-01-01,20,sp500_only,0.7,rate_plus_2pct,0.02,0.2,fixed,0.01,0.5
84,Canada,2005-01-01,2025-01-01,20,sp500_only,0.7,rate_minus_2pct,-0.02,0.2,fixed,0.01,0.5
85,Canada,2010-01-01,2015-01-01,5,sp500_only,1,base_rate,0,0.2,fixed,0.01,0.5
86,Canada,2010-01-01,2015-01-01,5,sp500_only,1,rate_plus_2pct,0.02,0.2,fixed,0.01,0.5
87,Canada,2010-01-01,2015-01-01,5,sp500_only,1,rate_minus_2pct,-0.02,0.2,fixed,0.01,0.5
88,Canada,2010-01-01,2015-01-01,5,sp500_only,0.7,base_rate,0,0.2,fixed,0.01,0.5
89,Canada,2010-01-01,2015-01-01,5,sp500_only,0.7,rate_plus_2pct,0.02,0.2,fixed,0.01,0.5
90,Canada,2010-01-01,2015-01-01,5,sp500_only,0.7,rate_minus_2pct,-0.02,0.2,fixed,0.01,0.5
91,Canada,2010-01-01,2020-01-01,10,sp500_only,1,base_rate,0,0.2,fixed,0.01,0.5
92,Canada,2010-01-01,2020-01-01,10,sp500_only,1,rate_plus_2pct,0.02,0.2,fixed,0.01,0.5
93,Canada,2010-01-01,2020-01-01,10,sp500_only,1,rate_minus_2pct,-0.02,0.2,fixed,0.01,0.5
94,Canada,2010-01-01,2020-01-01,10,sp500_only,0.7,base_rate,0,0.2,fixed,0.01,0.5
95,Canada,2010-01-01,2020-01-01,10,sp500_only,0.7,rate_plus_2pct,0.02,0.2,fixed,0.01,0.5
96,Canada,2010-01-01,2020-01-01,10,sp500_only,0.7,rate_minus_2pct,-0.02,0.2,fixed,0.01,0.5
97,Canada,2010-01-01,2025-01-01,15,sp500_only,1,base_rate,0,0.2,fixed,0.01,0.5
98,Canada,2010-01-01,2025-01-01,15,sp500_only,1,rate_plus_2pct,0.02,0.2,fixed,0.01,0.5
99,Canada,2010-01-01,2025-01-01,15,sp500_only,1,rate_minus_2pct,-0.02,0.2,fixed,0.01,0.5
100,Canada,2010-01-01,2025-01-01,15,sp500_only,0.7,base_rate,0,0.2,fixed,0.01,0.5
101,Canada,2010-01-01,2025-01-01,15,sp500_only,0.7,rate_plus_2pct,0.02,0.2,fixed,0.01,0.5
102,Canada,2010-01-01,2025-01-01,15,sp500_only,0.7,rate_minus_2pct,-0.02,0.2,fixed,0.01,0.5
103,Canada,2015-01-01,2020-01-01,5,sp500_only,1,base_rate,0,0.2,fixed,0.01,0.5
104,Canada,2015-01-01,2020-01-01,5,sp500_only,1,rate_plus_2pct,0.02,0.2,fixed,0.01,0.5
105,Canada,2015-01-01,2020-01-01,5,sp500_only,1,rate_minus_2pct,-0.02,0.2,fixed,0.01,0.5
106,Canada,2015-01-01,2020-01-01,5,sp500_only,0.7,base_rate,0,0.2,fixed,0.01,0.5
107,Canada,2015-01-01,2020-01-01,5,sp500_only,0.7,rate_plus_2pct,0.02,0.2,fixed,0.01,0.5
108,Canada,2015-01-01,2020-01-01,5,sp500_only,0.7,rate_minus_2pct,-0.02,0.2,fixed,0.01,0.5
109,Canada,2015-01-01,2025-01-01,10,sp500_only,1,base_rate,0,0.2,fixed,0.01,0.5
110,Canada,2015-01-01,2025-01-01,10,sp500_only,1,rate_plus_2pct,0.02,0.2,fixed,0.01,0.5
111,Canada,2015-01-01,2025-01-01,10,sp500_only,1,rate_minus_2pct,-0.02,0.2,fixed,0.01,0.5
112,Canada,2015-01-01,2025-01-01,10,sp500_only,0.7,base_rate,0,0.2,fixed,0.01,0.5
113,Canada,2015-01-01,2025-01-01,10,sp500_only,0.7,rate_plus_2pct,0.02,0.2,fixed,0.01,0.5
114,Canada,2015-01-01,2025-01-01,10,sp500_only,0.7,rate_minus_2pct,-0.02,0.2,fixed,0.01,0.5
115,Canada,2020-01-01,2025-01-01,5,sp500_only,1,base_rate,0,0.2,fixed,0.01,0.5
116,Canada,2020-01-01,2025-01-01,5,sp500_only,1,rate_plus_2pct,0.02,0.2,fixed,0.01,0.5
117,Canada,2020-01-01,2025-01-01,5,sp500_only,1,rate_minus_2pct,-0.02,0.2,fixed,0.01,0.5
118,Canada,2020-01-01,2025-01-01,5,sp500_only,0.7,base_rate,0,0.2,fixed,0.01,0.5
119,Canada,2020-01-01,2025-01-01,5,sp500_only,0.7,rate_plus_2pct,0.02,0.2,fixed,0.01,0.5
120,Canada,2020-01-01,2025-01-01,5,sp500_only,0.7,rate_minus_2pct,-0.02,0.2,fixed,0.01,0.5
121,Toronto,2005-01-01,2010-01-01,5,tsx_only,1,base_rate,0,0.2,fixed,0.007,0.45
122,Toronto,2005-01-01,2010-01-01,5,tsx_only,1,rate_plus_2pct,0.02,0.2,fixed,0.007,0.45
123,Toronto,2005-01-01,2010-01-01,5,tsx_only,1,rate_minus_2pct,-0.02,0.2,fixed,0.007,0.45
124,Toronto,2005-01-01,2010-01-01,5,tsx_only,0.7,base_rate,0,0.2,fixed,0.007,0.45
125,Toronto,2005-01-01,2010-01-01,5,tsx_only,0.7,rate_plus_2pct,0.02,0.2,fixed,0.007,0.45
126,Toronto,2005-01-01,2010-01-01,5,tsx_only,0.7,rate_minus_2pct,-0.02,0.2,fixed,0.007,0.45
127,Toronto,2005-01-01,2015-01-01,10,tsx_only,1,base_rate,0,0.2,fixed,0.007,0.45
128,Toronto,2005-01-01,2015-01-01,10,tsx_only,1,rate_plus_2pct,0.02,0.2,fixed,0.007,0.45
129,Toronto,2005-01-01,2015-01-01,10,tsx_only,1,rate_minus_2pct,-0.02,0.2,fixed,0.007,0.45
130,Toronto,2005-01-01,2015-01-01,10,tsx_only,0.7,base_rate,0,0.2,fixed,0.007,0.45
131,Toronto,2005-01-01,2015-01-01,10,tsx_only,0.7,rate_plus_2pct,0.02,0.2,fixed,0.007,0.45
132,Toronto,2005-01-01,2015-01-01,10,tsx_only,0.7,rate_minus_2pct,-0.02,0.2,fixed,0.007,0.45
133,Toronto,2005-01-01,2020-01-01,15,tsx_only,1,base_rate,0,0.2,fixed,0.007,0.45
134,Toronto,2005-01-01,2020-01-01,15,tsx_only,1,rate_plus_2pct,0.02,0.2,fixed,0.007,0.45
135,Toronto,2005-01-01,2020-01-01,15,tsx_only,1,rate_minus_2pct,-0.02,0.2,fixed,0.007,0.45
136,Toronto,2005-01-01,2020-01-01,15,tsx_only,0.7,base_rate,0,0.2,fixed,0.007,0.45
137,Toronto,2005-01-01,2020-01-01,15,tsx_only,0.7,rate_plus_2pct,0.02,0.2,fixed,0.007,0.45
138,Toronto,2005-01-01,2020-01-01,15,tsx_only,0.7,rate_minus_2pct,-0.02,0.2,fixed,0.007,0.45
139,Toronto,2005-01-01,2025-01-01,20,tsx_only,1,base_rate,0,0.2,fixed,0.007,0.45
140,Toronto,2005-01-01,2025-01-01,20,tsx_only,1,rate_plus_2pct,0.02,0.2,fixed,0.007,0.45
141,Toronto,2005-01-01,2025-01-01,20,tsx_only,1,rate_minus_2pct,-0.02,0.2,fixed,0.007,0.45
142,Toronto,2005-01-01,2025-01-01,20,tsx_only,0.7,base_rate,0,0.2,fixed,0.007,0.45
143,Toronto,2005-01-01,2025-01-01,20,tsx_only,0.7,rate_plus_2pct,0.02,0.2,fixed,0.007,0.45
144,Toronto,2005-01-01,2025-01-01,20,tsx_only,0.7,rate_minus_2pct,-0.02,0.2,fixed,0.007,0.45
145,Toronto,2010-01-01,2015-01-01,5,tsx_only,1,base_rate,0,0.2,fixed,0.007,0.45
146,Toronto,2010-01-01,2015-01-01,5,tsx_only,1,rate_plus_2pct,0.02,0.2,fixed,0.007,0.45
147,Toronto,2010-01-01,2015-01-01,5,tsx_only,1,rate_minus_2pct,-0.02,0.2,fixed,0.007,0.45
148,Toronto,2010-01-01,2015-01-01,5,tsx_only,0.7,base_rate,0,0.2,fixed,0.007,0.45
149,Toronto,2010-01-01,2015-01-01,5,tsx_only,0.7,rate_plus_2pct,0.02,0.2,fixed,0.007,0.45
150,Toronto,2010-01-01,2015-01-01,5,tsx_only,0.7,rate_minus_2pct,-0.02,0.2,fixed,0.007,0.45
151,Toronto,2010-01-01,2020-01-01,10,tsx_only,1,base_rate,0,0.2,fixed,0.007,0.45
152,Toronto,2010-01-01,2020-01-01,10,tsx_only,1,rate_plus_2pct,0.02,0.2,fixed,0.007,0.45
153,Toronto,2010-01-01,2020-01-01,10,tsx_only,1,rate_minus_2pct,-0.02,0.2,fixed,0.007,0.45
154,Toronto,2010-01-01,2020-01-01,10,tsx_only,0.7,base_rate,0,0.2,fixed,0.007,0.45
155,Toronto,2010-01-01,2020-01-01,10,tsx_only,0.7,rate_plus_2pct,0.02,0.2,fixed,0.007,0.45
156,Toronto,2010-01-01,2020-01-01,10,tsx_only,0.7,rate_minus_2pct,-0.02,0.2,fixed,0.007,0.45
157,Toronto,2010-01-01,2025-01-01,15,tsx_only,1,base_rate,0,0.2,fixed,0.007,0.45
158,Toronto,2010-01-01,2025-01-01,15,tsx_only,1,rate_plus_2pct,0.02,0.2,fixed,0.007,0.45
159,Toronto,2010-01-01,2025-01-01,15,tsx_only,1,rate_minus_2pct,-0.02,0.2,fixed,0.007,0.45
160,Toronto,2010-01-01,2025-01-01,15,tsx_only,0.7,base_rate,0,0.2,fixed,0.007,0.45
161,Toronto,2010-01-01,2025-01-01,15,tsx_only,0.7,rate_plus_2pct,0.02,0.2,fixed,0.007,0.45
162,Toronto,2010-01-01,2025-01-01,15,tsx_only,0.7,rate_minus_2pct,-0.02,0.2,fixed,0.007,0.45
163,Toronto,2015-01-01,2020-01-01,5,tsx_only,1,base_rate,0,0.2,fixed,0.007,0.45
164,Toronto,2015-01-01,2020-01-01,5,tsx_only,1,rate_plus_2pct,0.02,0.2,fixed,0.007,0.45
165,Toronto,2015-01-01,2020-01-01,5,tsx_only,1,rate_minus_2pct,-0.02,0.2,fixed,0.007,0.45
166,Toronto,2015-01-01,2020-01-01,5,tsx_only,0.7,base_rate,0,0.2,fixed,0.007,0.45
167,Toronto,2015-01-01,2020-01-01,5,tsx_only,0.7,rate_plus_2pct,0.02,0.2,fixed,0.007,0.45
168,Toronto,2015-01-01,2020-01-01,5,tsx_only,0.7,rate_minus_2pct,-0.02,0.2,fixed,0.007,0.45
169,Toronto,2015-01-01,2025-01-01,10,tsx_only,1,base_rate,0,0.2,fixed,0.007,0.45
170,Toronto,2015-01-01,2025-01-01,10,tsx_only,1,rate_plus_2pct,0.02,0.2,fixed,0.007,0.45
171,Toronto,2015-01-01,2025-01-01,10,tsx_only,1,rate_minus_2pct,-0.02,0.2,fixed,0.007,0.45
172,Toronto,2015-01-01,2025-01-01,10,tsx_only,0.7,base_rate,0,0.2,fixed,0.007,0.45
173,Toronto,2015-01-01,2025-01-01,10,tsx_only,0.7,rate_plus_2pct,0.02,0.2,fixed,0.007,0.45
174,Toronto,2015-01-01,2025-01-01,10,tsx_only,0.7,rate_minus_2pct,-0.02,0.2,fixed,0.007,0.45
175,Toronto,2020-01-01,2025-01-01,5,tsx_only,1,base_rate,0,0.2,fixed,0.007,0.45
176,Toronto,2020-01-01,2025-01-01,5,tsx_only,1,rate_plus_2pct,0.02,0.2,fixed,0.007,0.45
177,Toronto,2020-01-01,2025-01-01,5,tsx_only,1,rate_minus_2pct,-0.02,0.2,fixed,0.007,0.45
178,Toronto,2020-01-01,2025-01-01,5,tsx_only,0.7,base_rate,0,0.2,fixed,0.007,0.45
179,Toronto,2020-01-01,2025-01-01,5,tsx_only,0.7,rate_plus_2pct,0.02,0.2,fixed,0.007,0.45
180,Toronto,2020-01-01,2025-01-01,5,tsx_only,0.7,rate_minus_2pct,-0.02,0.2,fixed,0.007,0.45
181,Toronto,2005-01-01,2010-01-01,5,sp500_only,1,base_rate,0,0.2,fixed,0.007,0.45
182,Toronto,2005-01-01,2010-01-01,5,sp500_only,1,rate_plus_2pct,0.02,0.2,fixed,0.007,0.45
183,Toronto,2005-01-01,2010-01-01,5,sp500_only,1,rate_minus_2pct,-0.02,0.2,fixed,0.007,0.45
184,Toronto,2005-01-01,2010-01-01,5,sp500_only,0.7,base_rate,0,0.2,fixed,0.007,0.45
185,Toronto,2005-01-01,2010-01-01,5,sp500_only,0.7,rate_plus_2pct,0.02,0.2,fixed,0.007,0.45
186,Toronto,2005-01-01,2010-01-01,5,sp500_only,0.7,rate_minus_2pct,-0.02,0.2,fixed,0.007,0.45
187,Toronto,2005-01-01,2015-01-01,10,sp500_only,1,base_rate,0,0.2,fixed,0.007,0.45
188,Toronto,2005-01-01,2015-01-01,10,sp500_only,1,rate_plus_2pct,0.02,0.2,fixed,0.007,0.45
189,Toronto,2005-01-01,2015-01-01,10,sp500_only,1,rate_minus_2pct,-0.02,0.2,fixed,0.007,0.45
190,Toronto,2005-01-01,2015-01-01,10,sp500_only,0.7,base_rate,0,0.2,fixed,0.007,0.45
191,Toronto,2005-01-01,2015-01-01,10,sp500_only,0.7,rate_plus_2pct,0.02,0.2,fixed,0.007,0.45
192,Toronto,2005-01-01,2015-01-01,10,sp500_only,0.7,rate_minus_2pct,-0.02,0.2,fixed,0.007,0.45
193,Toronto,2005-01-01,2020-01-01,15,sp500_only,1,base_rate,0,0.2,fixed,0.007,0.45
194,Toronto,2005-01-01,2020-01-01,15,sp500_only,1,rate_plus_2pct,0.02,0.2,fixed,0.007,0.45
195,Toronto,2005-01-01,2020-01-01,15,sp500_only,1,rate_minus_2pct,-0.02,0.2,fixed,0.007,0.45
196,Toronto,2005-01-01,2020-01-01,15,sp500_only,0.7,base_rate,0,0.2,fixed,0.007,0.45
197,Toronto,2005-01-01,2020-01-01,15,sp500_only,0.7,rate_plus_2pct,0.02,0.2,fixed,0.007,0.45
198,Toronto,2005-01-01,2020-01-01,15,sp500_only,0.7,rate_minus_2pct,-0.02,0.2,fixed,0.007,0.45
199,Toronto,2005-01-01,2025-01-01,20,sp500_only,1,base_rate,0,0.2,fixed,0.007,0.45
200,Toronto,2005-01-01,2025-01-01,20,sp500_only,1,rate_plus_2pct,0.02,0.2,fixed,0.007,0.45
201,Toronto,2005-01-01,2025-01-01,20,sp500_only,1,rate_minus_2pct,-0.02,0.2,fixed,0.007,0.45
202,Toronto,2005-01-01,2025-01-01,20,sp500_only,0.7,base_rate,0,0.2,fixed,0.007,0.45
203,Toronto,2005-01-01,2025-01-01,20,sp500_only,0.7,rate_plus_2pct,0.02,0.2,fixed,0.007,0.45
204,Toronto,2005-01-01,2025-01-01,20,sp500_only,0.7,rate_minus_2pct,-0.02,0.2,fixed,0.007,0.45
205,Toronto,2010-01-01,2015-01-01,5,sp500_only,1,base_rate,0,0.2,fixed,0.007,0.45
206,Toronto,2010-01-01,2015-01-01,5,sp500_only,1,rate_plus_2pct,0.02,0.2,fixed,0.007,0.45
207,Toronto,2010-01-01,2015-01-01,5,sp500_only,1,rate_minus_2pct,-0.02,0.2,fixed,0.007,0.45
208,Toronto,2010-01-01,2015-01-01,5,sp500_only,0.7,base_rate,0,0.2,fixed,0.007,0.45
209,Toronto,2010-01-01,2015-01-01,5,sp500_only,0.7,rate_plus_2pct,0.02,0.2,fixed,0.007,0.45
210,Toronto,2010-01-01,2015-01-01,5,sp500_only,0.7,rate_minus_2pct,-0.02,0.2,fixed,0.007,0.45
211,Toronto,2010-01-01,2020-01-01,10,sp500_only,1,base_rate,0,0.2,fixed,0.007,0.45
212,Toronto,2010-01-01,2020-01-01,10,sp500_only,1,rate_plus_2pct,0.02,0.2,fixed,0.007,0.45
213,Toronto,2010-01-01,2020-01-01,10,sp500_only,1,rate_minus_2pct,-0.02,0.2,fixed,0.007,0.45
214,Toronto,2010-01-01,2020-01-01,10,sp500_only,0.7,base_rate,0,0.2,fixed,0.007,0.45
215,Toronto,2010-01-01,2020-01-01,10,sp500_only,0.7,rate_plus_2pct,0.02,0.2,fixed,0.007,0.45
216,Toronto,2010-01-01,2020-01-01,10,sp500_only,0.7,rate_minus_2pct,-0.02,0.2,fixed,0.007,0.45
217,Toronto,2010-01-01,2025-01-01,15,sp500_only,1,base_rate,0,0.2,fixed,0.007,0.45
218,Toronto,2010-01-01,2025-01-01,15,sp500_only,1,rate_plus_2pct,0.02,0.2,fixed,0.007,0.45
219,Toronto,2010-01-01,2025-01-01,15,sp500_only,1,rate_minus_2pct,-0.02,0.2,fixed,0.007,0.45
220,Toronto,2010-01-01,2025-01-01,15,sp500_only,0.7,base_rate,0,0.2,fixed,0.007,0.45
221,Toronto,2010-01-01,2025-01-01,15,sp500_only,0.7,rate_plus_2pct,0.02,0.2,fixed,0.007,0.45
222,Toronto,2010-01-01,2025-01-01,15,sp500_only,0.7,rate_minus_2pct,-0.02,0.2,fixed,0.007,0.45
223,Toronto,2015-01-01,2020-01-01,5,sp500_only,1,base_rate,0,0.2,fixed,0.007,0.45
224,Toronto,2015-01-01,2020-01-01,5,sp500_only,1,rate_plus_2pct,0.02,0.2,fixed,0.007,0.45
225,Toronto,2015-01-01,2020-01-01,5,sp500_only,1,rate_minus_2pct,-0.02,0.2,fixed,0.007,0.45
226,Toronto,2015-01-01,2020-01-01,5,sp500_only,0.7,base_rate,0,0.2,fixed,0.007,0.45
227,Toronto,2015-01-01,2020-01-01,5,sp500_only,0.7,rate_plus_2pct,0.02,0.2,fixed,0.007,0.45
228,Toronto,2015-01-01,2020-01-01,5,sp500_only,0.7,rate_minus_2pct,-0.02,0.2,fixed,0.007,0.45
229,Toronto,2015-01-01,2025-01-01,10,sp500_only,1,base_rate,0,0.2,fixed,0.007,0.45
230,Toronto,2015-01-01,2025-01-01,10,sp500_only,1,rate_plus_2pct,0.02,0.2,fixed,0.007,0.45
231,Toronto,2015-01-01,2025-01-01,10,sp500_only,1,rate_minus_2pct,-0.02,0.2,fixed,0.007,0.45
232,Toronto,2015-01-01,2025-01-01,10,sp500_only,0.7,base_rate,0,0.2,fixed,0.007,0.45
233,Toronto,2015-01-01,2025-01-01,10,sp500_only,0.7,rate_plus_2pct,0.02,0.2,fixed,0.007,0.45
234,Toronto,2015-01-01,2025-01-01,10,sp500_only,0.7,rate_minus_2pct,-0.02,0.2,fixed,0.007,0.45
235,Toronto,2020-01-01,2025-01-01,5,sp500_only,1,base_rate,0,0.2,fixed,0.007,0.45
236,Toronto,2020-01-01,2025-01-01,5,sp500_only,1,rate_plus_2pct,0.02,0.2,fixed,0.007,0.45
237,Toronto,2020-01-01,2025-01-01,5,sp500_only,1,rate_minus_2pct,-0.02,0.2,fixed,0.007,0.45
238,Toronto,2020-01-01,2025-01-01,5,sp500_only,0.7,base_rate,0,0.2,fixed,0.007,0.45
239,Toronto,2020-01-01,2025-01-01,5,sp500_only,0.7,rate_plus_2pct,0.02,0.2,fixed,0.007,0.45
240,Toronto,2020-01-01,2025-01-01,5,sp500_only,0.7,rate_minus_2pct,-0.02,0.2,fixed,0.007,0.45
241,Vancouver,2005-01-01,2010-01-01,5,tsx_only,1,base_rate,0,0.2,fixed,0.003,0.35
242,Vancouver,2005-01-01,2010-01-01,5,tsx_only,1,rate_plus_2pct,0.02,0.2,fixed,0.003,0.35
243,Vancouver,2005-01-01,2010-01-01,5,tsx_only,1,rate_minus_2pct,-0.02,0.2,fixed,0.003,0.35
244,Vancouver,2005-01-01,2010-01-01,5,tsx_only,0.7,base_rate,0,0.2,fixed,0.003,0.35
245,Vancouver,2005-01-01,2010-01-01,5,tsx_only,0.7,rate_plus_2pct,0.02,0.2,fixed,0.003,0.35
246,Vancouver,2005-01-01,2010-01-01,5,tsx_only,0.7,rate_minus_2pct,-0.02,0.2,fixed,0.003,0.35
247,Vancouver,2005-01-01,2015-01-01,10,tsx_only,1,base_rate,0,0.2,fixed,0.003,0.35
248,Vancouver,2005-01-01,2015-01-01,10,tsx_only,1,rate_plus_2pct,0.02,0.2,fixed,0.003,0.35
249,Vancouver,2005-01-01,2015-01-01,10,tsx_only,1,rate_minus_2pct,-0.02,0.2,fixed,0.003,0.35
250,Vancouver,2005-01-01,2015-01-01,10,tsx_only,0.7,base_rate,0,0.2,fixed,0.003,0.35
251,Vancouver,2005-01-01,2015-01-01,10,tsx_only,0.7,rate_plus_2pct,0.02,0.2,fixed,0.003,0.35
252,Vancouver,2005-01-01,2015-01-01,10,tsx_only,0.7,rate_minus_2pct,-0.02,0.2,fixed,0.003,0.35
253,Vancouver,2005-01-01,2020-01-01,15,tsx_only,1,base_rate,0,0.2,fixed,0.003,0.35
254,Vancouver,2005-01-01,2020-01-01,15,tsx_only,1,rate_plus_2pct,0.02,0.2,fixed,0.003,0.35
255,Vancouver,2005-01-01,2020-01-01,15,tsx_only,1,rate_minus_2pct,-0.02,0.2,fixed,0.003,0.35
256,Vancouver,2005-01-01,2020-01-01,15,tsx_only,0.7,base_rate,0,0.2,fixed,0.003,0.35
257,Vancouver,2005-01-01,2020-01-01,15,tsx_only,0.7,rate_plus_2pct,0.02,0.2,fixed,0.003,0.35
258,Vancouver,2005-01-01,2020-01-01,15,tsx_only,0.7,rate_minus_2pct,-0.02,0.2,fixed,0.003,0.35
259,Vancouver,2005-01-01,2025-01-01,20,tsx_only,1,base_rate,0,0.2,fixed,0.003,0.35
260,Vancouver,2005-01-01,2025-01-01,20,tsx_only,1,rate_plus_2pct,0.02,0.2,fixed,0.003,0.35
261,Vancouver,2005-01-01,2025-01-01,20,tsx_only,1,rate_minus_2pct,-0.02,0.2,fixed,0.003,0.35
262,Vancouver,2005-01-01,2025-01-01,20,tsx_only,0.7,base_rate,0,0.2,fixed,0.003,0.35
263,Vancouver,2005-01-01,2025-01-01,20,tsx_only,0.7,rate_plus_2pct,0.02,0.2,fixed,0.003,0.35
264,Vancouver,2005-01-01,2025-01-01,20,tsx_only,0.7,rate_minus_2pct,-0.02,0.2,fixed,0.003,0.35
265,Vancouver,2010-01-01,2015-01-01,5,tsx_only,1,base_rate,0,0.2,fixed,0.003,0.35
266,Vancouver,2010-01-01,2015-01-01,5,tsx_only,1,rate_plus_2pct,0.02,0.2,fixed,0.003,0.35
267,Vancouver,2010-01-01,2015-01-01,5,tsx_only,1,rate_minus_2pct,-0.02,0.2,fixed,0.003,0.35
268,Vancouver,2010-01-01,2015-01-01,5,tsx_only,0.7,base_rate,0,0.2,fixed,0.003,0.35
269,Vancouver,2010-01-01,2015-01-01,5,tsx_only,0.7,rate_plus_2pct,0.02,0.2,fixed,0.003,0.35
270,Vancouver,2010-01-01,2015-01-01,5,tsx_only,0.7,rate_minus_2pct,-0.02,0.2,fixed,0.003,0.35
271,Vancouver,2010-01-01,2020-01-01,10,tsx_only,1,base_rate,0,0.2,fixed,0.003,0.35
272,Vancouver,2010-01-01,2020-01-01,10,tsx_only,1,rate_plus_2pct,0.02,0.2,fixed,0.003,0.35
273,Vancouver,2010-01-01,2020-01-01,10,tsx_only,1,rate_minus_2pct,-0.02,0.2,fixed,0.003,0.35
274,Vancouver,2010-01-01,2020-01-01,10,tsx_only,0.7,base_rate,0,0.2,fixed,0.003,0.35
275,Vancouver,2010-01-01,2020-01-01,10,tsx_only,0.7,rate_plus_2pct,0.02,0.2,fixed,0.003,0.35
276,Vancouver,2010-01-01,2020-01-01,10,tsx_only,0.7,rate_minus_2pct,-0.02,0.2,fixed,0.003,0.35
277,Vancouver,2010-01-01,2025-01-01,15,tsx_only,1,base_rate,0,0.2,fixed,0.003,0.35
278,Vancouver,2010-01-01,2025-01-01,15,tsx_only,1,rate_plus_2pct,0.02,0.2,fixed,0.003,0.35
279,Vancouver,2010-01-01,2025-01-01,15,tsx_only,1,rate_minus_2pct,-0.02,0.2,fixed,0.003,0.35
280,Vancouver,2010-01-01,2025-01-01,15,tsx_only,0.7,base_rate,0,0.2,fixed,0.003,0.35
281,Vancouver,2010-01-01,2025-01-01,15,tsx_only,0.7,rate_plus_2pct,0.02,0.2,fixed,0.003,0.35
282,Vancouver,2010-01-01,2025-01-01,15,tsx_only,0.7,rate_minus_2pct,-0.02,0.2,fixed,0.003,0.35
283,Vancouver,2015-01-01,2020-01-01,5,tsx_only,1,base_rate,0,0.2,fixed,0.003,0.35
284,Vancouver,2015-01-01,2020-01-01,5,tsx_only,1,rate_plus_2pct,0.02,0.2,fixed,0.003,0.35
285,Vancouver,2015-01-01,2020-01-01,5,tsx_only,1,rate_minus_2pct,-0.02,0.2,fixed,0.003,0.35
286,Vancouver,2015-01-01,2020-01-01,5,tsx_only,0.7,base_rate,0,0.2,fixed,0.003,0.35
287,Vancouver,2015-01-01,2020-01-01,5,tsx_only,0.7,rate_plus_2pct,0.02,0.2,fixed,0.003,0.35
288,Vancouver,2015-01-01,2020-01-01,5,tsx_only,0.7,rate_minus_2pct,-0.02,0.2,fixed,0.003,0.35
289,Vancouver,2015-01-01,2025-01-01,10,tsx_only,1,base_rate,0,0.2,fixed,0.003,0.35
290,Vancouver,2015-01-01,2025-01-01,10,tsx_only,1,rate_plus_2pct,0.02,0.2,fixed,0.003,0.35
291,Vancouver,2015-01-01,2025-01-01,10,tsx_only,1,rate_minus_2pct,-0.02,0.2,fixed,0.003,0.35
292,Vancouver,2015-01-01,2025-01-01,10,tsx_only,0.7,base_rate,0,0.2,fixed,0.003,0.35
293,Vancouver,2015-01-01,2025-01-01,10,tsx_only,0.7,rate_plus_2pct,0.02,0.2,fixed,0.003,0.35
294,Vancouver,2015-01-01,2025-01-01,10,tsx_only,0.7,rate_minus_2pct,-0.02,0.2,fixed,0.003,0.35
295,Vancouver,2020-01-01,2025-01-01,5,tsx_only,1,base_rate,0,0.2,fixed,0.003,0.35
296,Vancouver,2020-01-01,2025-01-01,5,tsx_only,1,rate_plus_2pct,0.02,0.2,fixed,0.003,0.35
297,Vancouver,2020-01-01,2025-01-01,5,tsx_only,1,rate_minus_2pct,-0.02,0.2,fixed,0.003,0.35
298,Vancouver,2020-01-01,2025-01-01,5,tsx_only,0.7,base_rate,0,0.2,fixed,0.003,0.35
299,Vancouver,2020-01-01,2025-01-01,5,tsx_only,0.7,rate_plus_2pct,0.02,0.2,fixed,0.003,0.35
300,Vancouver,2020-01-01,2025-01-01,5,tsx_only,0.7,rate_minus_2pct,-0.02,0.2,fixed,0.003,0.35
301,Vancouver,2005-01-01,2010-01-01,5,sp500_only,1,base_rate,0,0.2,fixed,0.003,0.35
302,Vancouver,2005-01-01,2010-01-01,5,sp500_only,1,rate_plus_2pct,0.02,0.2,fixed,0.003,0.35
303,Vancouver,2005-01-01,2010-01-01,5,sp500_only,1,rate_minus_2pct,-0.02,0.2,fixed,0.003,0.35
304,Vancouver,2005-01-01,2010-01-01,5,sp500_only,0.7,base_rate,0,0.2,fixed,0.003,0.35
305,Vancouver,2005-01-01,2010-01-01,5,sp500_only,0.7,rate_plus_2pct,0.02,0.2,fixed,0.003,0.35
306,Vancouver,2005-01-01,2010-01-01,5,sp500_only,0.7,rate_minus_2pct,-0.02,0.2,fixed,0.003,0.35
307,Vancouver,2005-01-01,2015-01-01,10,sp500_only,1,base_rate,0,0.2,fixed,0.003,0.35
308,Vancouver,2005-01-01,2015-01-01,10,sp500_only,1,rate_plus_2pct,0.02,0.2,fixed,0.003,0.35
309,Vancouver,2005-01-01,2015-01-01,10,sp500_only,1,rate_minus_2pct,-0.02,0.2,fixed,0.003,0.35
310,Vancouver,2005-01-01,2015-01-01,10,sp500_only,0.7,base_rate,0,0.2,fixed,0.003,0.35
311,Vancouver,2005-01-01,2015-01-01,10,sp500_only,0.7,rate_plus_2pct,0.02,0.2,fixed,0.003,0.35
312,Vancouver,2005-01-01,2015-01-01,10,sp500_only,0.7,rate_minus_2pct,-0.02,0.2,fixed,0.003,0.35
313,Vancouver,2005-01-01,2020-01-01,15,sp500_only,1,base_rate,0,0.2,fixed,0.003,0.35
314,Vancouver,2005-01-01,2020-01-01,15,sp500_only,1,rate_plus_2pct,0.02,0.2,fixed,0.003,0.35
315,Vancouver,2005-01-01,2020-01-01,15,sp500_only,1,rate_minus_2pct,-0.02,0.2,fixed,0.003,0.35
316,Vancouver,2005-01-01,2020-01-01,15,sp500_only,0.7,base_rate,0,0.2,fixed,0.003,0.35
317,Vancouver,2005-01-01,2020-01-01,15,sp500_only,0.7,rate_plus_2pct,0.02,0.2,fixed,0.003,0.35
318,Vancouver,2005-01-01,2020-01-01,15,sp500_only,0.7,rate_minus_2pct,-0.02,0.2,fixed,0.003,0.35
319,Vancouver,2005-01-01,2025-01-01,20,sp500_only,1,base_rate,0,0.2,fixed,0.003,0.35
320,Vancouver,2005-01-01,2025-01-01,20,sp500_only,1,rate_plus_2pct,0.02,0.2,fixed,0.003,0.35
321,Vancouver,2005-01-01,2025-01-01,20,sp500_only,1,rate_minus_2pct,-0.02,0.2,fixed,0.003,0.35
322,Vancouver,2005-01-01,2025-01-01,20,sp500_only,0.7,base_rate,0,0.2,fixed,0.003,0.35
323,Vancouver,2005-01-01,2025-01-01,20,sp500_only,0.7,rate_plus_2pct,0.02,0.2,fixed,0.003,0.35
324,Vancouver,2005-01-01,2025-01-01,20,sp500_only,0.7,rate_minus_2pct,-0.02,0.2,fixed,0.003,0.35
325,Vancouver,2010-01-01,2015-01-01,5,sp500_only,1,base_rate,0,0.2,fixed,0.003,0.35
326,Vancouver,2010-01-01,2015-01-01,5,sp500_only,1,rate_plus_2pct,0.02,0.2,fixed,0.003,0.35
327,Vancouver,2010-01-01,2015-01-01,5,sp500_only,1,rate_minus_2pct,-0.02,0.2,fixed,0.003,0.35
328,Vancouver,2010-01-01,2015-01-01,5,sp500_only,0.7,base_rate,0,0.2,fixed,0.003,0.35
329,Vancouver,2010-01-01,2015-01-01,5,sp500_only,0.7,rate_plus_2pct,0.02,0.2,fixed,0.003,0.35
330,Vancouver,2010-01-01,2015-01-01,5,sp500_only,0.7,rate_minus_2pct,-0.02,0.2,fixed,0.003,0.35
331,Vancouver,2010-01-01,2020-01-01,10,sp500_only,1,base_rate,0,0.2,fixed,0.003,0.35
332,Vancouver,2010-01-01,2020-01-01,10,sp500_only,1,rate_plus_2pct,0.02,0.2,fixed,0.003,0.35
333,Vancouver,2010-01-01,2020-01-01,10,sp500_only,1,rate_minus_2pct,-0.02,0.2,fixed,0.003,0.35
334,Vancouver,2010-01-01,2020-01-01,10,sp500_only,0.7,base_rate,0,0.2,fixed,0.003,0.35
335,Vancouver,2010-01-01,2020-01-01,10,sp500_only,0.7,rate_plus_2pct,0.02,0.2,fixed,0.003,0.35
336,Vancouver,2010-01-01,2020-01-01,10,sp500_only,0.7,rate_minus_2pct,-0.02,0.2,fixed,0.003,0.35
337,Vancouver,2010-01-01,2025-01-01,15,sp500_only,1,base_rate,0,0.2,fixed,0.003,0.35
338,Vancouver,2010-01-01,2025-01-01,15,sp500_only,1,rate_plus_2pct,0.02,0.2,fixed,0.003,0.35
339,Vancouver,2010-01-01,2025-01-01,15,sp500_only,1,rate_minus_2pct,-0.02,0.2,fixed,0.003,0.35
340,Vancouver,2010-01-01,2025-01-01,15,sp500_only,0.7,base_rate,0,0.2,fixed,0.003,0.35
341,Vancouver,2010-01-01,2025-01-01,15,sp500_only,0.7,rate_plus_2pct,0.02,0.2,fixed,0.003,0.35
342,Vancouver,2010-01-01,2025-01-01,15,sp500_only,0.7,rate_minus_2pct,-0.02,0.2,fixed,0.003,0.35
343,Vancouver,2015-01-01,2020-01-01,5,sp500_only,1,base_rate,0,0.2,fixed,0.003,0.35
344,Vancouver,2015-01-01,2020-01-01,5,sp500_only,1,rate_plus_2pct,0.02,0.2,fixed,0.003,0.35
345,Vancouver,2015-01-01,2020-01-01,5,sp500_only,1,rate_minus_2pct,-0.02,0.2,fixed,0.003,0.35
346,Vancouver,2015-01-01,2020-01-01,5,sp500_only,0.7,base_rate,0,0.2,fixed,0.003,0.35
347,Vancouver,2015-01-01,2020-01-01,5,sp500_only,0.7,rate_plus_2pct,0.02,0.2,fixed,0.003,0.35
348,Vancouver,2015-01-01,2020-01-01,5,sp500_only,0.7,rate_minus_2pct,-0.02,0.2,fixed,0.003,0.35
349,Vancouver,2015-01-01,2025-01-01,10,sp500_only,1,base_rate,0,0.2,fixed,0.003,0.35
350,Vancouver,2015-01-01,2025-01-01,10,sp500_only,1,rate_plus_2pct,0.02,0.2,fixed,0.003,0.35
351,Vancouver,2015-01-01,2025-01-01,10,sp500_only,1,rate_minus_2pct,-0.02,0.2,fixed,0.003,0.35
352,Vancouver,2015-01-01,2025-01-01,10,sp500_only,0.7,base_rate,0,0.2,fixed,0.003,0.35
353,Vancouver,2015-01-01,2025-01-01,10,sp500_only,0.7,rate_plus_2pct,0.02,0.2,fixed,0.003,0.35
354,Vancouver,2015-01-01,2025-01-01,10,sp500_only,0.7,rate_minus_2pct,-0.02,0.2,fixed,0.003,0.35
355,Vancouver,2020-01-01,2025-01-01,5,sp500_only,1,base_rate,0,0.2,fixed,0.003,0.35
356,Vancouver,2020-01-01,2025-01-01,5,sp500_only,1,rate_plus_2pct,0.02,0.2,fixed,0.003,0.35
357,Vancouver,2020-01-01,2025-01-01,5,sp500_only,1,rate_minus_2pct,-0.02,0.2,fixed,0.003,0.35
358,Vancouver,2020-01-01,2025-01-01,5,sp500_only,0.7,base_rate,0,0.2,fixed,0.003,0.35
359,Vancouver,2020-01-01,2025-01-01,5,sp500_only,0.7,rate_plus_2pct,0.02,0.2,fixed,0.003,0.35
360,Vancouver,2020-01-01,2025-01-01,5,sp500_only,0.7,rate_minus_2pct,-0.02,0.2,fixed,0.003,0.35
361,Calgary,2005-01-01,2010-01-01,5,tsx_only,1,base_rate,0,0.2,fixed,0.007,0.6
362,Calgary,2005-01-01,2010-01-01,5,tsx_only,1,rate_plus_2pct,0.02,0.2,fixed,0.007,0.6
363,Calgary,2005-01-01,2010-01-01,5,tsx_only,1,rate_minus_2pct,-0.02,0.2,fixed,0.007,0.6
364,Calgary,2005-01-01,2010-01-01,5,tsx_only,0.7,base_rate,0,0.2,fixed,0.007,0.6
365,Calgary,2005-01-01,2010-01-01,5,tsx_only,0.7,rate_plus_2pct,0.02,0.2,fixed,0.007,0.6
366,Calgary,2005-01-01,2010-01-01,5,tsx_only,0.7,rate_minus_2pct,-0.02,0.2,fixed,0.007,0.6
367,Calgary,2005-01-01,2015-01-01,10,tsx_only,1,base_rate,0,0.2,fixed,0.007,0.6
368,Calgary,2005-01-01,2015-01-01,10,tsx_only,1,rate_plus_2pct,0.02,0.2,fixed,0.007,0.6
369,Calgary,2005-01-01,2015-01-01,10,tsx_only,1,rate_minus_2pct,-0.02,0.2,fixed,0.007,0.6
370,Calgary,2005-01-01,2015-01-01,10,tsx_only,0.7,base_rate,0,0.2,fixed,0.007,0.6
371,Calgary,2005-01-01,2015-01-01,10,tsx_only,0.7,rate_plus_2pct,0.02,0.2,fixed,0.007,0.6
372,Calgary,2005-01-01,2015-01-01,10,tsx_only,0.7,rate_minus_2pct,-0.02,0.2,fixed,0.007,0.6
373,Calgary,2005-01-01,2020-01-01,15,tsx_only,1,base_rate,0,0.2,fixed,0.007,0.6
374,Calgary,2005-01-01,2020-01-01,15,tsx_only,1,rate_plus_2pct,0.02,0.2,fixed,0.007,0.6
375,Calgary,2005-01-01,2020-01-01,15,tsx_only,1,rate_minus_2pct,-0.02,0.2,fixed,0.007,0.6
376,Calgary,2005-01-01,2020-01-01,15,tsx_only,0.7,base_rate,0,0.2,fixed,0.007,0.6
377,Calgary,2005-01-01,2020-01-01,15,tsx_only,0.7,rate_plus_2pct,0.02,0.2,fixed,0.007,0.6
378,Calgary,2005-01-01,2020-01-01,15,tsx_only,0.7,rate_minus_2pct,-0.02,0.2,fixed,0.007,0.6
379,Calgary,2005-01-01,2025-01-01,20,tsx_only,1,base_rate,0,0.2,fixed,0.007,0.6
380,Calgary,2005-01-01,2025-01-01,20,tsx_only,1,rate_plus_2pct,0.02,0.2,fixed,0.007,0.6
381,Calgary,2005-01-01,2025-01-01,20,tsx_only,1,rate_minus_2pct,-0.02,0.2,fixed,0.007,0.6
382,Calgary,2005-01-01,2025-01-01,20,tsx_only,0.7,base_rate,0,0.2,fixed,0.007,0.6
383,Calgary,2005-01-01,2025-01-01,20,tsx_only,0.7,rate_plus_2pct,0.02,0.2,fixed,0.007,0.6
384,Calgary,2005-01-01,2025-01-01,20,tsx_only,0.7,rate_minus_2pct,-0.02,0.2,fixed,0.007,0.6
385,Calgary,2010-01-01,2015-01-01,5,tsx_only,1,base_rate,0,0.2,fixed,0.007,0.6
386,Calgary,2010-01-01,2015-01-01,5,tsx_only,1,rate_plus_2pct,0.02,0.2,fixed,0.007,0.6
387,Calgary,2010-01-01,2015-01-01,5,tsx_only,1,rate_minus_2pct,-0.02,0.2,fixed,0.007,0.6
388,Calgary,2010-01-01,2015-01-01,5,tsx_only,0.7,base_rate,0,0.2,fixed,0.007,0.6
389,Calgary,2010-01-01,2015-01-01,5,tsx_only,0.7,rate_plus_2pct,0.02,0.2,fixed,0.007,0.6
390,Calgary,2010-01-01,2015-01-01,5,tsx_only,0.7,rate_minus_2pct,-0.02,0.2,fixed,0.007,0.6
391,Calgary,2010-01-01,2020-01-01,10,tsx_only,1,base_rate,0,0.2,fixed,0.007,0.6
392,Calgary,2010-01-01,2020-01-01,10,tsx_only,1,rate_plus_2pct,0.02,0.2,fixed,0.007,0.6
393,Calgary,2010-01-01,2020-01-01,10,tsx_only,1,rate_minus_2pct,-0.02,0.2,fixed,0.007,0.6
394,Calgary,2010-01-01,2020-01-01,10,tsx_only,0.7,base_rate,0,0.2,fixed,0.007,0.6
395,Calgary,2010-01-01,2020-01-01,10,tsx_only,0.7,rate_plus_2pct,0.02,0.2,fixed,0.007,0.6
396,Calgary,2010-01-01,2020-01-01,10,tsx_only,0.7,rate_minus_2pct,-0.02,0.2,fixed,0.007,0.6
397,Calgary,2010-01-01,2025-01-01,15,tsx_only,1,base_rate,0,0.2,fixed,0.007,0.6
398,Calgary,2010-01-01,2025-01-01,15,tsx_only,1,rate_plus_2pct,0.02,0.2,fixed,0.007,0.6
399,Calgary,2010-01-01,2025-01-01,15,tsx_only,1,rate_minus_2pct,-0.02,0.2,fixed,0.007,0.6
400,Calgary,2010-01-01,2025-01-01,15,tsx_only,0.7,base_rate,0,0.2,fixed,0.007,0.6
401,Calgary,2010-01-01,2025-01-01,15,tsx_only,0.7,rate_plus_2pct,0.02,0.2,fixed,0.007,0.6
402,Calgary,2010-01-01,2025-01-01,15,tsx_only,0.7,rate_minus_2pct,-0.02,0.2,fixed,0.007,0.6
403,Calgary,2015-01-01,2020-01-01,5,tsx_only,1,base_rate,0,0.2,fixed,0.007,0.6
404,Calgary,2015-01-01,2020-01-01,5,tsx_only,1,rate_plus_2pct,0.02,0.2,fixed,0.007,0.6
405,Calgary,2015-01-01,2020-01-01,5,tsx_only,1,rate_minus_2pct,-0.02,0.2,fixed,0.007,0.6
406,Calgary,2015-01-01,2020-01-01,5,tsx_only,0.7,base_rate,0,0.2,fixed,0.007,0.6
407,Calgary,2015-01-01,2020-01-01,5,tsx_only,0.7,rate_plus_2pct,0.02,0.2,fixed,0.007,0.6
408,Calgary,2015-01-01,2020-01-01,5,tsx_only,0.7,rate_minus_2pct,-0.02,0.2,fixed,0.007,0.6
409,Calgary,2015-01-01,2025-01-01,10,tsx_only,1,base_rate,0,0.2,fixed,0.007,0.6
410,Calgary,2015-01-01,2025-01-01,10,tsx_only,1,rate_plus_2pct,0.02,0.2,fixed,0.007,0.6
411,Calgary,2015-01-01,2025-01-01,10,tsx_only,1,rate_minus_2pct,-0.02,0.2,fixed,0.007,0.6
412,Calgary,2015-01-01,2025-01-01,10,tsx_only,0.7,base_rate,0,0.2,fixed,0.007,0.6
413,Calgary,2015-01-01,2025-01-01,10,tsx_only,0.7,rate_plus_2pct,0.02,0.2,fixed,0.007,0.6
414,Calgary,2015-01-01,2025-01-01,10,tsx_only,0.7,rate_minus_2pct,-0.02,0.2,fixed,0.007,0.6
415,Calgary,2020-01-01,2025-01-01,5,tsx_only,1,base_rate,0,0.2,fixed,0.007,0.6
416,Calgary,2020-01-01,2025-01-01,5,tsx_only,1,rate_plus_2pct,0.02,0.2,fixed,0.007,0.6
417,Calgary,2020-01-01,2025-01-01,5,tsx_only,1,rate_minus_2pct,-0.02,0.2,fixed,0.007,0.6
418,Calgary,2020-01-01,2025-01-01,5,tsx_only,0.7,base_rate,0,0.2,fixed,0.007,0.6
419,Calgary,2020-01-01,2025-01-01,5,tsx_only,0.7,rate_plus_2pct,0.02,0.2,fixed,0.007,0.6
420,Calgary,2020-01-01,2025-01-01,5,tsx_only,0.7,rate_minus_2pct,-0.02,0.2,fixed,0.007,0.6
421,Calgary,2005-01-01,2010-01-01,5,sp500_only,1,base_rate,0,0.2,fixed,0.007,0.6
422,Calgary,2005-01-01,2010-01-01,5,sp500_only,1,rate_plus_2pct,0.02,0.2,fixed,0.007,0.6
423,Calgary,2005-01-01,2010-01-01,5,sp500_only,1,rate_minus_2pct,-0.02,0.2,fixed,0.007,0.6
424,Calgary,2005-01-01,2010-01-01,5,sp500_only,0.7,base_rate,0,0.2,fixed,0.007,0.6
425,Calgary,2005-01-01,2010-01-01,5,sp500_only,0.7,rate_plus_2pct,0.02,0.2,fixed,0.007,0.6
426,Calgary,2005-01-01,2010-01-01,5,sp500_only,0.7,rate_minus_2pct,-0.02,0.2,fixed,0.007,0.6
427,Calgary,2005-01-01,2015-01-01,10,sp500_only,1,base_rate,0,0.2,fixed,0.007,0.6
428,Calgary,2005-01-01,2015-01-01,10,sp500_only,1,rate_plus_2pct,0.02,0.2,fixed,0.007,0.6
429,Calgary,2005-01-01,2015-01-01,10,sp500_only,1,rate_minus_2pct,-0.02,0.2,fixed,0.007,0.6
430,Calgary,2005-01-01,2015-01-01,10,sp500_only,0.7,base_rate,0,0.2,fixed,0.007,0.6
431,Calgary,2005-01-01,2015-01-01,10,sp500_only,0.7,rate_plus_2pct,0.02,0.2,fixed,0.007,0.6
432,Calgary,2005-01-01,2015-01-01,10,sp500_only,0.7,rate_minus_2pct,-0.02,0.2,fixed,0.007,0.6
433,Calgary,2005-01-01,2020-01-01,15,sp500_only,1,base_rate,0,0.2,fixed,0.007,0.6
434,Calgary,2005-01-01,2020-01-01,15,sp500_only,1,rate_plus_2pct,0.02,0.2,fixed,0.007,0.6
435,Calgary,2005-01-01,2020-01-01,15,sp500_only,1,rate_minus_2pct,-0.02,0.2,fixed,0.007,0.6
436,Calgary,2005-01-01,2020-01-01,15,sp500_only,0.7,base_rate,0,0.2,fixed,0.007,0.6
437,Calgary,2005-01-01,2020-01-01,15,sp500_only,0.7,rate_plus_2pct,0.02,0.2,fixed,0.007,0.6
438,Calgary,2005-01-01,2020-01-01,15,sp500_only,0.7,rate_minus_2pct,-0.02,0.2,fixed,0.007,0.6
439,Calgary,2005-01-01,2025-01-01,20,sp500_only,1,base_rate,0,0.2,fixed,0.007,0.6
440,Calgary,2005-01-01,2025-01-01,20,sp500_only,1,rate_plus_2pct,0.02,0.2,fixed,0.007,0.6
441,Calgary,2005-01-01,2025-01-01,20,sp500_only,1,rate_minus_2pct,-0.02,0.2,fixed,0.007,0.6
442,Calgary,2005-01-01,2025-01-01,20,sp500_only,0.7,base_rate,0,0.2,fixed,0.007,0.6
443,Calgary,2005-01-01,2025-01-01,20,sp500_only,0.7,rate_plus_2pct,0.02,0.2,fixed,0.007,0.6
444,Calgary,2005-01-01,2025-01-01,20,sp500_only,0.7,rate_minus_2pct,-0.02,0.2,fixed,0.007,0.6
445,Calgary,2010-01-01,2015-01-01,5,sp500_only,1,base_rate,0,0.2,fixed,0.007,0.6
446,Calgary,2010-01-01,2015-01-01,5,sp500_only,1,rate_plus_2pct,0.02,0.2,fixed,0.007,0.6
447,Calgary,2010-01-01,2015-01-01,5,sp500_only,1,rate_minus_2pct,-0.02,0.2,fixed,0.007,0.6
448,Calgary,2010-01-01,2015-01-01,5,sp500_only,0.7,base_rate,0,0.2,fixed,0.007,0.6
449,Calgary,2010-01-01,2015-01-01,5,sp500_only,0.7,rate_plus_2pct,0.02,0.2,fixed,0.007,0.6
450,Calgary,2010-01-01,2015-01-01,5,sp500_only,0.7,rate_minus_2pct,-0.02,0.2,fixed,0.007,0.6
451,Calgary,2010-01-01,2020-01-01,10,sp500_only,1,base_rate,0,0.2,fixed,0.007,0.6
452,Calgary,2010-01-01,2020-01-01,10,sp500_only,1,rate_plus_2pct,0.02,0.2,fixed,0.007,0.6
453,Calgary,2010-01-01,2020-01-01,10,sp500_only,1,rate_minus_2pct,-0.02,0.2,fixed,0.007,0.6
454,Calgary,2010-01-01,2020-01-01,10,sp500_only,0.7,base_rate,0,0.2,fixed,0.007,0.6
455,Calgary,2010-01-01,2020-01-01,10,sp500_only,0.7,rate_plus_2pct,0.02,0.2,fixed,0.007,0.6
456,Calgary,2010-01-01,2020-01-01,10,sp500_only,0.7,rate_minus_2pct,-0.02,0.2,fixed,0.007,0.6
457,Calgary,2010-01-01,2025-01-01,15,sp500_only,1,base_rate,0,0.2,fixed,0.007,0.6
458,Calgary,2010-01-01,2025-01-01,15,sp500_only,1,rate_plus_2pct,0.02,0.2,fixed,0.007,0.6
459,Calgary,2010-01-01,2025-01-01,15,sp500_only,1,rate_minus_2pct,-0.02,0.2,fixed,0.007,0.6
460,Calgary,2010-01-01,2025-01-01,15,sp500_only,0.7,base_rate,0,0.2,fixed,0.007,0.6
461,Calgary,2010-01-01,2025-01-01,15,sp500_only,0.7,rate_plus_2pct,0.02,0.2,fixed,0.007,0.6
462,Calgary,2010-01-01,2025-01-01,15,sp500_only,0.7,rate_minus_2pct,-0.02,0.2,fixed,0.007,0.6
463,Calgary,2015-01-01,2020-01-01,5,sp500_only,1,base_rate,0,0.2,fixed,0.007,0.6
464,Calgary,2015-01-01,2020-01-01,5,sp500_only,1,rate_plus_2pct,0.02,0.2,fixed,0.007,0.6
465,Calgary,2015-01-01,2020-01-01,5,sp500_only,1,rate_minus_2pct,-0.02,0.2,fixed,0.007,0.6
466,Calgary,2015-01-01,2020-01-01,5,sp500_only,0.7,base_rate,0,0.2,fixed,0.007,0.6
467,Calgary,2015-01-01,2020-01-01,5,sp500_only,0.7,rate_plus_2pct,0.02,0.2,fixed,0.007,0.6
468,Calgary,2015-01-01,2020-01-01,5,sp500_only,0.7,rate_minus_2pct,-0.02,0.2,fixed,0.007,0.6
469,Calgary,2015-01-01,2025-01-01,10,sp500_only,1,base_rate,0,0.2,fixed,0.007,0.6
470,Calgary,2015-01-01,2025-01-01,10,sp500_only,1,rate_plus_2pct,0.02,0.2,fixed,0.007,0.6
471,Calgary,2015-01-01,2025-01-01,10,sp500_only,1,rate_minus_2pct,-0.02,0.2,fixed,0.007,0.6
472,Calgary,2015-01-01,2025-01-01,10,sp500_only,0.7,base_rate,0,0.2,fixed,0.007,0.6
473,Calgary,2015-01-01,2025-01-01,10,sp500_only,0.7,rate_plus_2pct,0.02,0.2,fixed,0.007,0.6
474,Calgary,2015-01-01,2025-01-01,10,sp500_only,0.7,rate_minus_2pct,-0.02,0.2,fixed,0.007,0.6
475,Calgary,2020-01-01,2025-01-01,5,sp500_only,1,base_rate,0,0.2,fixed,0.007,0.6
476,Calgary,2020-01-01,2025-01-01,5,sp500_only,1,rate_plus_2pct,0.02,0.2,fixed,0.007,0.6
477,Calgary,2020-01-01,2025-01-01,5,sp500_only,1,rate_minus_2pct,-0.02,0.2,fixed,0.007,0.6
478,Calgary,2020-01-01,2025-01-01,5,sp500_only,0.7,base_rate,0,0.2,fixed,0.007,0.6
479,Calgary,2020-01-01,2025-01-01,5,sp500_only,0.7,rate_plus_2pct,0.02,0.2,fixed,0.007,0.6
480,Calgary,2020-01-01,2025-01-01,5,sp500_only,0.7,rate_minus_2pct,-0.02,0.2,fixed,0.007,0.6
481,Edmonton,2005-01-01,2010-01-01,5,tsx_only,1,base_rate,0,0.2,fixed,0.01,0.6
482,Edmonton,2005-01-01,2010-01-01,5,tsx_only,1,rate_plus_2pct,0.02,0.2,fixed,0.01,0.6
483,Edmonton,2005-01-01,2010-01-01,5,tsx_only,1,rate_minus_2pct,-0.02,0.2,fixed,0.01,0.6
484,Edmonton,2005-01-01,2010-01-01,5,tsx_only,0.7,base_rate,0,0.2,fixed,0.01,0.6
485,Edmonton,2005-01-01,2010-01-01,5,tsx_only,0.7,rate_plus_2pct,0.02,0.2,fixed,0.01,0.6
486,Edmonton,2005-01-01,2010-01-01,5,tsx_only,0.7,rate_minus_2pct,-0.02,0.2,fixed,0.01,0.6
487,Edmonton,2005-01-01,2015-01-01,10,tsx_only,1,base_rate,0,0.2,fixed,0.01,0.6
488,Edmonton,2005-01-01,2015-01-01,10,tsx_only,1,rate_plus_2pct,0.02,0.2,fixed,0.01,0.6
489,Edmonton,2005-01-01,2015-01-01,10,tsx_only,1,rate_minus_2pct,-0.02,0.2,fixed,0.01,0.6
490,Edmonton,2005-01-01,2015-01-01,10,tsx_only,0.7,base_rate,0,0.2,fixed,0.01,0.6
491,Edmonton,2005-01-01,2015-01-01,10,tsx_only,0.7,rate_plus_2pct,0.02,0.2,fixed,0.01,0.6
492,Edmonton,2005-01-01,2015-01-01,10,tsx_only,0.7,rate_minus_2pct,-0.02,0.2,fixed,0.01,0.6
493,Edmonton,2005-01-01,2020-01-01,15,tsx_only,1,base_rate,0,0.2,fixed,0.01,0.6
494,Edmonton,2005-01-01,2020-01-01,15,tsx_only,1,rate_plus_2pct,0.02,0.2,fixed,0.01,0.6
495,Edmonton,2005-01-01,2020-01-01,15,tsx_only,1,rate_minus_2pct,-0.02,0.2,fixed,0.01,0.6
496,Edmonton,2005-01-01,2020-01-01,15,tsx_only,0.7,base_rate,0,0.2,fixed,0.01,0.6
497,Edmonton,2005-01-01,2020-01-01,15,tsx_only,0.7,rate_plus_2pct,0.02,0.2,fixed,0.01,0.6
498,Edmonton,2005-01-01,2020-01-01,15,tsx_only,0.7,rate_minus_2pct,-0.02,0.2,fixed,0.01,0.6
499,Edmonton,2005-01-01,2025-01-01,20,tsx_only,1,base_rate,0,0.2,fixed,0.01,0.6
500,Edmonton,2005-01-01,2025-01-01,20,tsx_only,1,rate_plus_2pct,0.02,0.2,fixed,0.01,0.6
501,Edmonton,2005-01-01,2025-01-01,20,tsx_only,1,rate_minus_2pct,-0.02,0.2,fixed,0.01,0.6
502,Edmonton,2005-01-01,2025-01-01,20,tsx_only,0.7,base_rate,0,0.2,fixed,0.01,0.6
503,Edmonton,2005-01-01,2025-01-01,20,tsx_only,0.7,rate_plus_2pct,0.02,0.2,fixed,0.01,0.6
504,Edmonton,2005-01-01,2025-01-01,20,tsx_only,0.7,rate_minus_2pct,-0.02,0.2,fixed,0.01,0.6
505,Edmonton,2010-01-01,2015-01-01,5,tsx_only,1,base_rate,0,0.2,fixed,0.01,0.6
506,Edmonton,2010-01-01,2015-01-01,5,tsx_only,1,rate_plus_2pct,0.02,0.2,fixed,0.01,0.6
507,Edmonton,2010-01-01,2015-01-01,5,tsx_only,1,rate_minus_2pct,-0.02,0.2,fixed,0.01,0.6
508,Edmonton,2010-01-01,2015-01-01,5,tsx_only,0.7,base_rate,0,0.2,fixed,0.01,0.6
509,Edmonton,2010-01-01,2015-01-01,5,tsx_only,0.7,rate_plus_2pct,0.02,0.2,fixed,0.01,0.6
510,Edmonton,2010-01-01,2015-01-01,5,tsx_only,0.7,rate_minus_2pct,-0.02,0.2,fixed,0.01,0.6
511,Edmonton,2010-01-01,2020-01-01,10,tsx_only,1,base_rate,0,0.2,fixed,0.01,0.6
512,Edmonton,2010-01-01,2020-01-01,10,tsx_only,1,rate_plus_2pct,0.02,0.2,fixed,0.01,0.6
513,Edmonton,2010-01-01,2020-01-01,10,tsx_only,1,rate_minus_2pct,-0.02,0.2,fixed,0.01,0.6
514,Edmonton,2010-01-01,2020-01-01,10,tsx_only,0.7,base_rate,0,0.2,fixed,0.01,0.6
515,Edmonton,2010-01-01,2020-01-01,10,tsx_only,0.7,rate_plus_2pct,0.02,0.2,fixed,0.01,0.6
516,Edmonton,2010-01-01,2020-01-01,10,tsx_only,0.7,rate_minus_2pct,-0.02,0.2,fixed,0.01,0.6
517,Edmonton,2010-01-01,2025-01-01,15,tsx_only,1,base_rate,0,0.2,fixed,0.01,0.6
518,Edmonton,2010-01-01,2025-01-01,15,tsx_only,1,rate_plus_2pct,0.02,0.2,fixed,0.01,0.6
519,Edmonton,2010-01-01,2025-01-01,15,tsx_only,1,rate_minus_2pct,-0.02,0.2,fixed,0.01,0.6
520,Edmonton,2010-01-01,2025-01-01,15,tsx_only,0.7,base_rate,0,0.2,fixed,0.01,0.6
521,Edmonton,2010-01-01,2025-01-01,15,tsx_only,0.7,rate_plus_2pct,0.02,0.2,fixed,0.01,0.6
522,Edmonton,2010-01-01,2025-01-01,15,tsx_only,0.7,rate_minus_2pct,-0.02,0.2,fixed,0.01,0.6
523,Edmonton,2015-01-01,2020-01-01,5,tsx_only,1,base_rate,0,0.2,fixed,0.01,0.6
524,Edmonton,2015-01-01,2020-01-01,5,tsx_only,1,rate_plus_2pct,0.02,0.2,fixed,0.01,0.6
525,Edmonton,2015-01-01,2020-01-01,5,tsx_only,1,rate_minus_2pct,-0.02,0.2,fixed,0.01,0.6
526,Edmonton,2015-01-01,2020-01-01,5,tsx_only,0.7,base_rate,0,0.2,fixed,0.01,0.6
527,Edmonton,2015-01-01,2020-01-01,5,tsx_only,0.7,rate_plus_2pct,0.02,0.2,fixed,0.01,0.6
528,Edmonton,2015-01-01,2020-01-01,5,tsx_only,0.7,rate_minus_2pct,-0.02,0.2,fixed,0.01,0.6
529,Edmonton,2015-01-01,2025-01-01,10,tsx_only,1,base_rate,0,0.2,fixed,0.01,0.6
530,Edmonton,2015-01-01,2025-01-01,10,tsx_only,1,rate_plus_2pct,0.02,0.2,fixed,0.01,0.6
531,Edmonton,2015-01-01,2025-01-01,10,tsx_only,1,rate_minus_2pct,-0.02,0.2,fixed,0.01,0.6
532,Edmonton,2015-01-01,2025-01-01,10,tsx_only,0.7,base_rate,0,0.2,fixed,0.01,0.6
533,Edmonton,2015-01-01,2025-01-01,10,tsx_only,0.7,rate_plus_2pct,0.02,0.2,fixed,0.01,0.6
534,Edmonton,2015-01-01,2025-01-01,10,tsx_only,0.7,rate_minus_2pct,-0.02,0.2,fixed,0.01,0.6
535,Edmonton,2020-01-01,2025-01-01,5,tsx_only,1,base_rate,0,0.2,fixed,0.01,0.6
536,Edmonton,2020-01-01,2025-01-01,5,tsx_only,1,rate_plus_2pct,0.02,0.2,fixed,0.01,0.6
537,Edmonton,2020-01-01,2025-01-01,5,tsx_only,1,rate_minus_2pct,-0.02,0.2,fixed,0.01,0.6
538,Edmonton,2020-01-01,2025-01-01,5,tsx_only,0.7,base_rate,0,0.2,fixed,0.01,0.6
539,Edmonton,2020-01-01,2025-01-01,5,tsx_only,0.7,rate_plus_2pct,0.02,0.2,fixed,0.01,0.6
540,Edmonton,2020-01-01,2025-01-01,5,tsx_only,0.7,rate_minus_2pct,-0.02,0.2,fixed,0.01,0.6
541,Edmonton,2005-01-01,2010-01-01,5,sp500_only,1,base_rate,0,0.2,fixed,0.01,0.6
542,Edmonton,2005-01-01,2010-01-01,5,sp500_only,1,rate_plus_2pct,0.02,0.2,fixed,0.01,0.6
543,Edmonton,2005-01-01,2010-01-01,5,sp500_only,1,rate_minus_2pct,-0.02,0.2,fixed,0.01,0.6
544,Edmonton,2005-01-01,2010-01-01,5,sp500_only,0.7,base_rate,0,0.2,fixed,0.01,0.6
545,Edmonton,2005-01-01,2010-01-01,5,sp500_only,0.7,rate_plus_2pct,0.02,0.2,fixed,0.01,0.6
546,Edmonton,2005-01-01,2010-01-01,5,sp500_only,0.7,rate_minus_2pct,-0.02,0.2,fixed,0.01,0.6
547,Edmonton,2005-01-01,2015-01-01,10,sp500_only,1,base_rate,0,0.2,fixed,0.01,0.6
548,Edmonton,2005-01-01,2015-01-01,10,sp500_only,1,rate_plus_2pct,0.02,0.2,fixed,0.01,0.6
549,Edmonton,2005-01-01,2015-01-01,10,sp500_only,1,rate_minus_2pct,-0.02,0.2,fixed,0.01,0.6
550,Edmonton,2005-01-01,2015-01-01,10,sp500_only,0.7,base_rate,0,0.2,fixed,0.01,0.6
551,Edmonton,2005-01-01,2015-01-01,10,sp500_only,0.7,rate_plus_2pct,0.02,0.2,fixed,0.01,0.6
552,Edmonton,2005-01-01,2015-01-01,10,sp500_only,0.7,rate_minus_2pct,-0.02,0.2,fixed,0.01,0.6
553,Edmonton,2005-01-01,2020-01-01,15,sp500_only,1,base_rate,0,0.2,fixed,0.01,0.6
554,Edmonton,2005-01-01,2020-01-01,15,sp500_only,1,rate_plus_2pct,0.02,0.2,fixed,0.01,0.6
555,Edmonton,2005-01-01,2020-01-01,15,sp500_only,1,rate_minus_2pct,-0.02,0.2,fixed,0.01,0.6
556,Edmonton,2005-01-01,2020-01-01,15,sp500_only,0.7,base_rate,0,0.2,fixed,0.01,0.6
557,Edmonton,2005-01-01,2020-01-01,15,sp500_only,0.7,rate_plus_2pct,0.02,0.2,fixed,0.01,0.6
558,Edmonton,2005-01-01,2020-01-01,15,sp500_only,0.7,rate_minus_2pct,-0.02,0.2,fixed,0.01,0.6
559,Edmonton,2005-01-01,2025-01-01,20,sp500_only,1,base_rate,0,0.2,fixed,0.01,0.6
560,Edmonton,2005-01-01,2025-01-01,20,sp500_only,1,rate_plus_2pct,0.02,0.2,fixed,0.01,0.6
561,Edmonton,2005-01-01,2025-01-01,20,sp500_only,1,rate_minus_2pct,-0.02,0.2,fixed,0.01,0.6
562,Edmonton,2005-01-01,2025-01-01,20,sp500_only,0.7,base_rate,0,0.2,fixed,0.01,0.6
563,Edmonton,2005-01-01,2025-01-01,20,sp500_only,0.7,rate_plus_2pct,0.02,0.2,fixed,0.01,0.6
564,Edmonton,2005-01-01,2025-01-01,20,sp500_only,0.7,rate_minus_2pct,-0.02,0.2,fixed,0.01,0.6
565,Edmonton,2010-01-01,2015-01-01,5,sp500_only,1,base_rate,0,0.2,fixed,0.01,0.6
566,Edmonton,2010-01-01,2015-01-01,5,sp500_only,1,rate_plus_2pct,0.02,0.2,fixed,0.01,0.6
567,Edmonton,2010-01-01,2015-01-01,5,sp500_only,1,rate_minus_2pct,-0.02,0.2,fixed,0.01,0.6
568,Edmonton,2010-01-01,2015-01-01,5,sp500_only,0.7,base_rate,0,0.2,fixed,0.01,0.6
569,Edmonton,2010-01-01,2015-01-01,5,sp500_only,0.7,rate_plus_2pct,0.02,0.2,fixed,0.01,0.6
570,Edmonton,2010-01-01,2015-01-01,5,sp500_only,0.7,rate_minus_2pct,-0.02,0.2,fixed,0.01,0.6
571,Edmonton,2010-01-01,2020-01-01,10,sp500_only,1,base_rate,0,0.2,fixed,0.01,0.6
572,Edmonton,2010-01-01,2020-01-01,10,sp500_only,1,rate_plus_2pct,0.02,0.2,fixed,0.01,0.6
573,Edmonton,2010-01-01,2020-01-01,10,sp500_only,1,rate_minus_2pct,-0.02,0.2,fixed,0.01,0.6
574,Edmonton,2010-01-01,2020-01-01,10,sp500_only,0.7,base_rate,0,0.2,fixed,0.01,0.6
575,Edmonton,2010-01-01,2020-01-01,10,sp500_only,0.7,rate_plus_2pct,0.02,0.2,fixed,0.01,0.6
576,Edmonton,2010-01-01,2020-01-01,10,sp500_only,0.7,rate_minus_2pct,-0.02,0.2,fixed,0.01,0.6
577,Edmonton,2010-01-01,2025-01-01,15,sp500_only,1,base_rate,0,0.2,fixed,0.01,0.6
578,Edmonton,2010-01-01,2025-01-01,15,sp500_only,1,rate_plus_2pct,0.02,0.2,fixed,0.01,0.6
579,Edmonton,2010-01-01,2025-01-01,15,sp500_only,1,rate_minus_2pct,-0.02,0.2,fixed,0.01,0.6
580,Edmonton,2010-01-01,2025-01-01,15,sp500_only,0.7,base_rate,0,0.2,fixed,0.01,0.6
581,Edmonton,2010-01-01,2025-01-01,15,sp500_only,0.7,rate_plus_2pct,0.02,0.2,fixed,0.01,0.6
582,Edmonton,2010-01-01,2025-01-01,15,sp500_only,0.7,rate_minus_2pct,-0.02,0.2,fixed,0.01,0.6
583,Edmonton,2015-01-01,2020-01-01,5,sp500_only,1,base_rate,0,0.2,fixed,0.01,0.6
584,Edmonton,2015-01-01,2020-01-01,5,sp500_only,1,rate_plus_2pct,0.02,0.2,fixed,0.01,0.6
585,Edmonton,2015-01-01,2020-01-01,5,sp500_only,1,rate_minus_2pct,-0.02,0.2,fixed,0.01,0.6
586,Edmonton,2015-01-01,2020-01-01,5,sp500_only,0.7,base_rate,0,0.2,fixed,0.01,0.6
587,Edmonton,2015-01-01,2020-01-01,5,sp500_only,0.7,rate_plus_2pct,0.02,0.2,fixed,0.01,0.6
588,Edmonton,2015-01-01,2020-01-01,5,sp500_only,0.7,rate_minus_2pct,-0.02,0.2,fixed,0.01,0.6
589,Edmonton,2015-01-01,2025-01-01,10,sp500_only,1,base_rate,0,0.2,fixed,0.01,0.6
590,Edmonton,2015-01-01,2025-01-01,10,sp500_only,1,rate_plus_2pct,0.02,0.2,fixed,0.01,0.6
591,Edmonton,2015-01-01,2025-01-01,10,sp500_only,1,rate_minus_2pct,-0.02,0.2,fixed,0.01,0.6
592,Edmonton,2015-01-01,2025-01-01,10,sp500_only,0.7,base_rate,0,0.2,fixed,0.01,0.6
593,Edmonton,2015-01-01,2025-01-01,10,sp500_only,0.7,rate_plus_2pct,0.02,0.2,fixed,0.01,0.6
594,Edmonton,2015-01-01,2025-01-01,10,sp500_only,0.7,rate_minus_2pct,-0.02,0.2,fixed,0.01,0.6
595,Edmonton,2020-01-01,2025-01-01,5,sp500_only,1,base_rate,0,0.2,fixed,0.01,0.6
596,Edmonton,2020-01-01,2025-01-01,5,sp500_only,1,rate_plus_2pct,0.02,0.2,fixed,0.01,0.6
597,Edmonton,2020-01-01,2025-01-01,5,sp500_only,1,rate_minus_2pct,-0.02,0.2,fixed,0.01,0.6
598,Edmonton,2020-01-01,2025-01-01,5,sp500_only,0.7,base_rate,0,0.2,fixed,0.01,0.6
599,Edmonton,2020-01-01,2025-01-01,5,sp500_only,0.7,rate_plus_2pct,0.02,0.2,fixed,0.01,0.6
600,Edmonton,2020-01-01,2025-01-01,5,sp500_only,0.7,rate_minus_2pct,-0.02,0.2,fixed,0.01,0.6
601,Ottawa,2005-01-01,2010-01-01,5,tsx_only,1,base_rate,0,0.2,fixed,0.012,0.5
602,Ottawa,2005-01-01,2010-01-01,5,tsx_only,1,rate_plus_2pct,0.02,0.2,fixed,0.012,0.5
603,Ottawa,2005-01-01,2010-01-01,5,tsx_only,1,rate_minus_2pct,-0.02,0.2,fixed,0.012,0.5
604,Ottawa,2005-01-01,2010-01-01,5,tsx_only,0.7,base_rate,0,0.2,fixed,0.012,0.5
605,Ottawa,2005-01-01,2010-01-01,5,tsx_only,0.7,rate_plus_2pct,0.02,0.2,fixed,0.012,0.5
606,Ottawa,2005-01-01,2010-01-01,5,tsx_only,0.7,rate_minus_2pct,-0.02,0.2,fixed,0.012,0.5
607,Ottawa,2005-01-01,2015-01-01,10,tsx_only,1,base_rate,0,0.2,fixed,0.012,0.5
608,Ottawa,2005-01-01,2015-01-01,10,tsx_only,1,rate_plus_2pct,0.02,0.2,fixed,0.012,0.5
609,Ottawa,2005-01-01,2015-01-01,10,tsx_only,1,rate_minus_2pct,-0.02,0.2,fixed,0.012,0.5
610,Ottawa,2005-01-01,2015-01-01,10,tsx_only,0.7,base_rate,0,0.2,fixed,0.012,0.5
611,Ottawa,2005-01-01,2015-01-01,10,tsx_only,0.7,rate_plus_2pct,0.02,0.2,fixed,0.012,0.5
612,Ottawa,2005-01-01,2015-01-01,10,tsx_only,0.7,rate_minus_2pct,-0.02,0.2,fixed,0.012,0.5
613,Ottawa,2005-01-01,2020-01-01,15,tsx_only,1,base_rate,0,0.2,fixed,0.012,0.5
614,Ottawa,2005-01-01,2020-01-01,15,tsx_only,1,rate_plus_2pct,0.02,0.2,fixed,0.012,0.5
615,Ottawa,2005-01-01,2020-01-01,15,tsx_only,1,rate_minus_2pct,-0.02,0.2,fixed,0.012,0.5
616,Ottawa,2005-01-01,2020-01-01,15,tsx_only,0.7,base_rate,0,0.2,fixed,0.012,0.5
617,Ottawa,2005-01-01,2020-01-01,15,tsx_only,0.7,rate_plus_2pct,0.02,0.2,fixed,0.012,0.5
618,Ottawa,2005-01-01,2020-01-01,15,tsx_only,0.7,rate_minus_2pct,-0.02,0.2,fixed,0.012,0.5
619,Ottawa,2005-01-01,2025-01-01,20,tsx_only,1,base_rate,0,0.2,fixed,0.012,0.5
620,Ottawa,2005-01-01,2025-01-01,20,tsx_only,1,rate_plus_2pct,0.02,0.2,fixed,0.012,0.5
621,Ottawa,2005-01-01,2025-01-01,20,tsx_only,1,rate_minus_2pct,-0.02,0.2,fixed,0.012,0.5
622,Ottawa,2005-01-01,2025-01-01,20,tsx_only,0.7,base_rate,0,0.2,fixed,0.012,0.5
623,Ottawa,2005-01-01,2025-01-01,20,tsx_only,0.7,rate_plus_2pct,0.02,0.2,fixed,0.012,0.5
624,Ottawa,2005-01-01,2025-01-01,20,tsx_only,0.7,rate_minus_2pct,-0.02,0.2,fixed,0.012,0.5
625,Ottawa,2010-01-01,2015-01-01,5,tsx_only,1,base_rate,0,0.2,fixed,0.012,0.5
626,Ottawa,2010-01-01,2015-01-01,5,tsx_only,1,rate_plus_2pct,0.02,0.2,fixed,0.012,0.5
627,Ottawa,2010-01-01,2015-01-01,5,tsx_only,1,rate_minus_2pct,-0.02,0.2,fixed,0.012,0.5
628,Ottawa,2010-01-01,2015-01-01,5,tsx_only,0.7,base_rate,0,0.2,fixed,0.012,0.5
629,Ottawa,2010-01-01,2015-01-01,5,tsx_only,0.7,rate_plus_2pct,0.02,0.2,fixed,0.012,0.5
630,Ottawa,2010-01-01,2015-01-01,5,tsx_only,0.7,rate_minus_2pct,-0.02,0.2,fixed,0.012,0.5
631,Ottawa,2010-01-01,2020-01-01,10,tsx_only,1,base_rate,0,0.2,fixed,0.012,0.5
632,Ottawa,2010-01-01,2020-01-01,10,tsx_only,1,rate_plus_2pct,0.02,0.2,fixed,0.012,0.5
633,Ottawa,2010-01-01,2020-01-01,10,tsx_only,1,rate_minus_2pct,-0.02,0.2,fixed,0.012,0.5
634,Ottawa,2010-01-01,2020-01-01,10,tsx_only,0.7,base_rate,0,0.2,fixed,0.012,0.5
635,Ottawa,2010-01-01,2020-01-01,10,tsx_only,0.7,rate_plus_2pct,0.02,0.2,fixed,0.012,0.5
636,Ottawa,2010-01-01,2020-01-01,10,tsx_only,0.7,rate_minus_2pct,-0.02,0.2,fixed,0.012,0.5
637,Ottawa,2010-01-01,2025-01-01,15,tsx_only,1,base_rate,0,0.2,fixed,0.012,0.5
638,Ottawa,2010-01-01,2025-01-01,15,tsx_only,1,rate_plus_2pct,0.02,0.2,fixed,0.012,0.5
639,Ottawa,2010-01-01,2025-01-01,15,tsx_only,1,rate_minus_2pct,-0.02,0.2,fixed,0.012,0.5
640,Ottawa,2010-01-01,2025-01-01,15,tsx_only,0.7,base_rate,0,0.2,fixed,0.012,0.5
641,Ottawa,2010-01-01,2025-01-01,15,tsx_only,0.7,rate_plus_2pct,0.02,0.2,fixed,0.012,0.5
642,Ottawa,2010-01-01,2025-01-01,15,tsx_only,0.7,rate_minus_2pct,-0.02,0.2,fixed,0.012,0.5
643,Ottawa,2015-01-01,2020-01-01,5,tsx_only,1,base_rate,0,0.2,fixed,0.012,0.5
644,Ottawa,2015-01-01,2020-01-01,5,tsx_only,1,rate_plus_2pct,0.02,0.2,fixed,0.012,0.5
645,Ottawa,2015-01-01,2020-01-01,5,tsx_only,1,rate_minus_2pct,-0.02,0.2,fixed,0.012,0.5
646,Ottawa,2015-01-01,2020-01-01,5,tsx_only,0.7,base_rate,0,0.2,fixed,0.012,0.5
647,Ottawa,2015-01-01,2020-01-01,5,tsx_only,0.7,rate_plus_2pct,0.02,0.2,fixed,0.012,0.5
648,Ottawa,2015-01-01,2020-01-01,5,tsx_only,0.7,rate_minus_2pct,-0.02,0.2,fixed,0.012,0.5
649,Ottawa,2015-01-01,2025-01-01,10,tsx_only,1,base_rate,0,0.2,fixed,0.012,0.5
650,Ottawa,2015-01-01,2025-01-01,10,tsx_only,1,rate_plus_2pct,0.02,0.2,fixed,0.012,0.5
651,Ottawa,2015-01-01,2025-01-01,10,tsx_only,1,rate_minus_2pct,-0.02,0.2,fixed,0.012,0.5
652,Ottawa,2015-01-01,2025-01-01,10,tsx_only,0.7,base_rate,0,0.2,fixed,0.012,0.5
653,Ottawa,2015-01-01,2025-01-01,10,tsx_only,0.7,rate_plus_2pct,0.02,0.2,fixed,0.012,0.5
654,Ottawa,2015-01-01,2025-01-01,10,tsx_only,0.7,rate_minus_2pct,-0.02,0.2,fixed,0.012,0.5
655,Ottawa,2020-01-01,2025-01-01,5,tsx_only,1,base_rate,0,0.2,fixed,0.012,0.5
656,Ottawa,2020-01-01,2025-01-01,5,tsx_only,1,rate_plus_2pct,0.02,0.2,fixed,0.012,0.5
657,Ottawa,2020-01-01,2025-01-01,5,tsx_only,1,rate_minus_2pct,-0.02,0.2,fixed,0.012,0.5
658,Ottawa,2020-01-01,2025-01-01,5,tsx_only,0.7,base_rate,0,0.2,fixed,0.012,0.5
659,Ottawa,2020-01-01,2025-01-01,5,tsx_only,0.7,rate_plus_2pct,0.02,0.2,fixed,0.012,0.5
660,Ottawa,2020-01-01,2025-01-01,5,tsx_only,0.7,rate_minus_2pct,-0.02,0.2,fixed,0.012,0.5
661,Ottawa,2005-01-01,2010-01-01,5,sp500_only,1,base_rate,0,0.2,fixed,0.012,0.5
662,Ottawa,2005-01-01,2010-01-01,5,sp500_only,1,rate_plus_2pct,0.02,0.2,fixed,0.012,0.5
663,Ottawa,2005-01-01,2010-01-01,5,sp500_only,1,rate_minus_2pct,-0.02,0.2,fixed,0.012,0.5
664,Ottawa,2005-01-01,2010-01-01,5,sp500_only,0.7,base_rate,0,0.2,fixed,0.012,0.5
665,Ottawa,2005-01-01,2010-01-01,5,sp500_only,0.7,rate_plus_2pct,0.02,0.2,fixed,0.012,0.5
666,Ottawa,2005-01-01,2010-01-01,5,sp500_only,0.7,rate_minus_2pct,-0.02,0.2,fixed,0.012,0.5
667,Ottawa,2005-01-01,2015-01-01,10,sp500_only,1,base_rate,0,0.2,fixed,0.012,0.5
668,Ottawa,2005-01-01,2015-01-01,10,sp500_only,1,rate_plus_2pct,0.02,0.2,fixed,0.012,0.5
669,Ottawa,2005-01-01,2015-01-01,10,sp500_only,1,rate_minus_2pct,-0.02,0.2,fixed,0.012,0.5
670,Ottawa,2005-01-01,2015-01-01,10,sp500_only,0.7,base_rate,0,0.2,fixed,0.012,0.5
671,Ottawa,2005-01-01,2015-01-01,10,sp500_only,0.7,rate_plus_2pct,0.02,0.2,fixed,0.012,0.5
672,Ottawa,2005-01-01,2015-01-01,10,sp500_only,0.7,rate_minus_2pct,-0.02,0.2,fixed,0.012,0.5
673,Ottawa,2005-01-01,2020-01-01,15,sp500_only,1,base_rate,0,0.2,fixed,0.012,0.5
674,Ottawa,2005-01-01,2020-01-01,15,sp500_only,1,rate_plus_2pct,0.02,0.2,fixed,0.012,0.5
675,Ottawa,2005-01-01,2020-01-01,15,sp500_only,1,rate_minus_2pct,-0.02,0.2,fixed,0.012,0.5
676,Ottawa,2005-01-01,2020-01-01,15,sp500_only,0.7,base_rate,0,0.2,fixed,0.012,0.5
677,Ottawa,2005-01-01,2020-01-01,15,sp500_only,0.7,rate_plus_2pct,0.02,0.2,fixed,0.012,0.5
678,Ottawa,2005-01-01,2020-01-01,15,sp500_only,0.7,rate_minus_2pct,-0.02,0.2,fixed,0.012,0.5
679,Ottawa,2005-01-01,2025-01-01,20,sp500_only,1,base_rate,0,0.2,fixed,0.012,0.5
680,Ottawa,2005-01-01,2025-01-01,20,sp500_only,1,rate_plus_2pct,0.02,0.2,fixed,0.012,0.5
681,Ottawa,2005-01-01,2025-01-01,20,sp500_only,1,rate_minus_2pct,-0.02,0.2,fixed,0.012,0.5
682,Ottawa,2005-01-01,2025-01-01,20,sp500_only,0.7,base_rate,0,0.2,fixed,0.012,0.5
683,Ottawa,2005-01-01,2025-01-01,20,sp500_only,0.7,rate_plus_2pct,0.02,0.2,fixed,0.012,0.5
684,Ottawa,2005-01-01,2025-01-01,20,sp500_only,0.7,rate_minus_2pct,-0.02,0.2,fixed,0.012,0.5
685,Ottawa,2010-01-01,2015-01-01,5,sp500_only,1,base_rate,0,0.2,fixed,0.012,0.5
686,Ottawa,2010-01-01,2015-01-01,5,sp500_only,1,rate_plus_2pct,0.02,0.2,fixed,0.012,0.5
687,Ottawa,2010-01-01,2015-01-01,5,sp500_only,1,rate_minus_2pct,-0.02,0.2,fixed,0.012,0.5
688,Ottawa,2010-01-01,2015-01-01,5,sp500_only,0.7,base_rate,0,0.2,fixed,0.012,0.5
689,Ottawa,2010-01-01,2015-01-01,5,sp500_only,0.7,rate_plus_2pct,0.02,0.2,fixed,0.012,0.5
690,Ottawa,2010-01-01,2015-01-01,5,sp500_only,0.7,rate_minus_2pct,-0.02,0.2,fixed,0.012,0.5
691,Ottawa,2010-01-01,2020-01-01,10,sp500_only,1,base_rate,0,0.2,fixed,0.012,0.5
692,Ottawa,2010-01-01,2020-01-01,10,sp500_only,1,rate_plus_2pct,0.02,0.2,fixed,0.012,0.5
693,Ottawa,2010-01-01,2020-01-01,10,sp500_only,1,rate_minus_2pct,-0.02,0.2,fixed,0.012,0.5
694,Ottawa,2010-01-01,2020-01-01,10,sp500_only,0.7,base_rate,0,0.2,fixed,0.012,0.5
695,Ottawa,2010-01-01,2020-01-01,10,sp500_only,0.7,rate_plus_2pct,0.02,0.2,fixed,0.012,0.5
696,Ottawa,2010-01-01,2020-01-01,10,sp500_only,0.7,rate_minus_2pct,-0.02,0.2,fixed,0.012,0.5
697,Ottawa,2010-01-01,2025-01-01,15,sp500_only,1,base_rate,0,0.2,fixed,0.012,0.5
698,Ottawa,2010-01-01,2025-01-01,15,sp500_only,1,rate_plus_2pct,0.02,0.2,fixed,0.012,0.5
699,Ottawa,2010-01-01,2025-01-01,15,sp500_only,1,rate_minus_2pct,-0.02,0.2,fixed,0.012,0.5
700,Ottawa,2010-01-01,2025-01-01,15,sp500_only,0.7,base_rate,0,0.2,fixed,0.012,0.5
701,Ottawa,2010-01-01,2025-01-01,15,sp500_only,0.7,rate_plus_2pct,0.02,0.2,fixed,0.012,0.5
702,Ottawa,2010-01-01,2025-01-01,15,sp500_only,0.7,rate_minus_2pct,-0.02,0.2,fixed,0.012,0.5
703,Ottawa,2015-01-01,2020-01-01,5,sp500_only,1,base_rate,0,0.2,fixed,0.012,0.5
704,Ottawa,2015-01-01,2020-01-01,5,sp500_only,1,rate_plus_2pct,0.02,0.2,fixed,0.012,0.5
705,Ottawa,2015-01-01,2020-01-01,5,sp500_only,1,rate_minus_2pct,-0.02,0.2,fixed,0.012,0.5
706,Ottawa,2015-01-01,2020-01-01,5,sp500_only,0.7,base_rate,0,0.2,fixed,0.012,0.5
707,Ottawa,2015-01-01,2020-01-01,5,sp500_only,0.7,rate_plus_2pct,0.02,0.2,fixed,0.012,0.5
708,Ottawa,2015-01-01,2020-01-01,5,sp500_only,0.7,rate_minus_2pct,-0.02,0.2,fixed,0.012,0.5
709,Ottawa,2015-01-01,2025-01-01,10,sp500_only,1,base_rate,0,0.2,fixed,0.012,0.5
710,Ottawa,2015-01-01,2025-01-01,10,sp500_only,1,rate_plus_2pct,0.02,0.2,fixed,0.012,0.5
711,Ottawa,2015-01-01,2025-01-01,10,sp500_only,1,rate_minus_2pct,-0.02,0.2,fixed,0.012,0.5
712,Ottawa,2015-01-01,2025-01-01,10,sp500_only,0.7,base_rate,0,0.2,fixed,0.012,0.5
713,Ottawa,2015-01-01,2025-01-01,10,sp500_only,0.7,rate_plus_2pct,0.02,0.2,fixed,0.012,0.5
714,Ottawa,2015-01-01,2025-01-01,10,sp500_only,0.7,rate_minus_2pct,-0.02,0.2,fixed,0.012,0.5
715,Ottawa,2020-01-01,2025-01-01,5,sp500_only,1,base_rate,0,0.2,fixed,0.012,0.5
716,Ottawa,2020-01-01,2025-01-01,5,sp500_only,1,rate_plus_2pct,0.02,0.2,fixed,0.012,0.5
717,Ottawa,2020-01-01,2025-01-01,5,sp500_only,1,rate_minus_2pct,-0.02,0.2,fixed,0.012,0.5
718,Ottawa,2020-01-01,2025-01-01,5,sp500_only,0.7,base_rate,0,0.2,fixed,0.012,0.5
719,Ottawa,2020-01-01,2025-01-01,5,sp500_only,0.7,rate_plus_2pct,0.02,0.2,fixed,0.012,0.5
720,Ottawa,2020-01-01,2025-01-01,5,sp500_only,0.7,rate_minus_2pct,-0.02,0.2,fixed,0.012,0.5
721,Montreal,2005-01-01,2010-01-01,5,tsx_only,1,base_rate,0,0.2,fixed,0.008,0.5
722,Montreal,2005-01-01,2010-01-01,5,tsx_only,1,rate_plus_2pct,0.02,0.2,fixed,0.008,0.5
723,Montreal,2005-01-01,2010-01-01,5,tsx_only,1,rate_minus_2pct,-0.02,0.2,fixed,0.008,0.5
724,Montreal,2005-01-01,2010-01-01,5,tsx_only,0.7,base_rate,0,0.2,fixed,0.008,0.5
725,Montreal,2005-01-01,2010-01-01,5,tsx_only,0.7,rate_plus_2pct,0.02,0.2,fixed,0.008,0.5
726,Montreal,2005-01-01,2010-01-01,5,tsx_only,0.7,rate_minus_2pct,-0.02,0.2,fixed,0.008,0.5
727,Montreal,2005-01-01,2015-01-01,10,tsx_only,1,base_rate,0,0.2,fixed,0.008,0.5
728,Montreal,2005-01-01,2015-01-01,10,tsx_only,1,rate_plus_2pct,0.02,0.2,fixed,0.008,0.5
729,Montreal,2005-01-01,2015-01-01,10,tsx_only,1,rate_minus_2pct,-0.02,0.2,fixed,0.008,0.5
730,Montreal,2005-01-01,2015-01-01,10,tsx_only,0.7,base_rate,0,0.2,fixed,0.008,0.5
731,Montreal,2005-01-01,2015-01-01,10,tsx_only,0.7,rate_plus_2pct,0.02,0.2,fixed,0.008,0.5
732,Montreal,2005-01-01,2015-01-01,10,tsx_only,0.7,rate_minus_2pct,-0.02,0.2,fixed,0.008,0.5
733,Montreal,2005-01-01,2020-01-01,15,tsx_only,1,base_rate,0,0.2,fixed,0.008,0.5
734,Montreal,2005-01-01,2020-01-01,15,tsx_only,1,rate_plus_2pct,0.02,0.2,fixed,0.008,0.5
735,Montreal,2005-01-01,2020-01-01,15,tsx_only,1,rate_minus_2pct,-0.02,0.2,fixed,0.008,0.5
736,Montreal,2005-01-01,2020-01-01,15,tsx_only,0.7,base_rate,0,0.2,fixed,0.008,0.5
737,Montreal,2005-01-01,2020-01-01,15,tsx_only,0.7,rate_plus_2pct,0.02,0.2,fixed,0.008,0.5
738,Montreal,2005-01-01,2020-01-01,15,tsx_only,0.7,rate_minus_2pct,-0.02,0.2,fixed,0.008,0.5
739,Montreal,2005-01-01,2025-01-01,20,tsx_only,1,base_rate,0,0.2,fixed,0.008,0.5
740,Montreal,2005-01-01,2025-01-01,20,tsx_only,1,rate_plus_2pct,0.02,0.2,fixed,0.008,0.5
741,Montreal,2005-01-01,2025-01-01,20,tsx_only,1,rate_minus_2pct,-0.02,0.2,fixed,0.008,0.5
742,Montreal,2005-01-01,2025-01-01,20,tsx_only,0.7,base_rate,0,0.2,fixed,0.008,0.5
743,Montreal,2005-01-01,2025-01-01,20,tsx_only,0.7,rate_plus_2pct,0.02,0.2,fixed,0.008,0.5
744,Montreal,2005-01-01,2025-01-01,20,tsx_only,0.7,rate_minus_2pct,-0.02,0.2,fixed,0.008,0.5
745,Montreal,2010-01-01,2015-01-01,5,tsx_only,1,base_rate,0,0.2,fixed,0.008,0.5
746,Montreal,2010-01-01,2015-01-01,5,tsx_only,1,rate_plus_2pct,0.02,0.2,fixed,0.008,0.5
747,Montreal,2010-01-01,2015-01-01,5,tsx_only,1,rate_minus_2pct,-0.02,0.2,fixed,0.008,0.5
748,Montreal,2010-01-01,2015-01-01,5,tsx_only,0.7,base_rate,0,0.2,fixed,0.008,0.5
749,Montreal,2010-01-01,2015-01-01,5,tsx_only,0.7,rate_plus_2pct,0.02,0.2,fixed,0.008,0.5
750,Montreal,2010-01-01,2015-01-01,5,tsx_only,0.7,rate_minus_2pct,-0.02,0.2,fixed,0.008,0.5
751,Montreal,2010-01-01,2020-01-01,10,tsx_only,1,base_rate,0,0.2,fixed,0.008,0.5
752,Montreal,2010-01-01,2020-01-01,10,tsx_only,1,rate_plus_2pct,0.02,0.2,fixed,0.008,0.5
753,Montreal,2010-01-01,2020-01-01,10,tsx_only,1,rate_minus_2pct,-0.02,0.2,fixed,0.008,0.5
754,Montreal,2010-01-01,2020-01-01,10,tsx_only,0.7,base_rate,0,0.2,fixed,0.008,0.5
755,Montreal,2010-01-01,2020-01-01,10,tsx_only,0.7,rate_plus_2pct,0.02,0.2,fixed,0.008,0.5
756,Montreal,2010-01-01,2020-01-01,10,tsx_only,0.7,rate_minus_2pct,-0.02,0.2,fixed,0.008,0.5
757,Montreal,2010-01-01,2025-01-01,15,tsx_only,1,base_rate,0,0.2,fixed,0.008,0.5
758,Montreal,2010-01-01,2025-01-01,15,tsx_only,1,rate_plus_2pct,0.02,0.2,fixed,0.008,0.5
759,Montreal,2010-01-01,2025-01-01,15,tsx_only,1,rate_minus_2pct,-0.02,0.2,fixed,0.008,0.5
760,Montreal,2010-01-01,2025-01-01,15,tsx_only,0.7,base_rate,0,0.2,fixed,0.008,0.5
761,Montreal,2010-01-01,2025-01-01,15,tsx_only,0.7,rate_plus_2pct,0.02,0.2,fixed,0.008,0.5
762,Montreal,2010-01-01,2025-01-01,15,tsx_only,0.7,rate_minus_2pct,-0.02,0.2,fixed,0.008,0.5
763,Montreal,2015-01-01,2020-01-01,5,tsx_only,1,base_rate,0,0.2,fixed,0.008,0.5
764,Montreal,2015-01-01,2020-01-01,5,tsx_only,1,rate_plus_2pct,0.02,0.2,fixed,0.008,0.5
765,Montreal,2015-01-01,2020-01-01,5,tsx_only,1,rate_minus_2pct,-0.02,0.2,fixed,0.008,0.5
766,Montreal,2015-01-01,2020-01-01,5,tsx_only,0.7,base_rate,0,0.2,fixed,0.008,0.5
767,Montreal,2015-01-01,2020-01-01,5,tsx_only,0.7,rate_plus_2pct,0.02,0.2,fixed,0.008,0.5
768,Montreal,2015-01-01,2020-01-01,5,tsx_only,0.7,rate_minus_2pct,-0.02,0.2,fixed,0.008,0.5
769,Montreal,2015-01-01,2025-01-01,10,tsx_only,1,base_rate,0,0.2,fixed,0.008,0.5
770,Montreal,2015-01-01,2025-01-01,10,tsx_only,1,rate_plus_2pct,0.02,0.2,fixed,0.008,0.5
771,Montreal,2015-01-01,2025-01-01,10,tsx_only,1,rate_minus_2pct,-0.02,0.2,fixed,0.008,0.5
772,Montreal,2015-01-01,2025-01-01,10,tsx_only,0.7,base_rate,0,0.2,fixed,0.008,0.5
773,Montreal,2015-01-01,2025-01-01,10,tsx_only,0.7,rate_plus_2pct,0.02,0.2,fixed,0.008,0.5
774,Montreal,2015-01-01,2025-01-01,10,tsx_only,0.7,rate_minus_2pct,-0.02,0.2,fixed,0.008,0.5
775,Montreal,2020-01-01,2025-01-01,5,tsx_only,1,base_rate,0,0.2,fixed,0.008,0.5
776,Montreal,2020-01-01,2025-01-01,5,tsx_only,1,rate_plus_2pct,0.02,0.2,fixed,0.008,0.5
777,Montreal,2020-01-01,2025-01-01,5,tsx_only,1,rate_minus_2pct,-0.02,0.2,fixed,0.008,0.5
778,Montreal,2020-01-01,2025-01-01,5,tsx_only,0.7,base_rate,0,0.2,fixed,0.008,0.5
779,Montreal,2020-01-01,2025-01-01,5,tsx_only,0.7,rate_plus_2pct,0.02,0.2,fixed,0.008,0.5
780,Montreal,2020-01-01,2025-01-01,5,tsx_only,0.7,rate_minus_2pct,-0.02,0.2,fixed,0.008,0.5
781,Montreal,2005-01-01,2010-01-01,5,sp500_only,1,base_rate,0,0.2,fixed,0.008,0.5
782,Montreal,2005-01-01,2010-01-01,5,sp500_only,1,rate_plus_2pct,0.02,0.2,fixed,0.008,0.5
783,Montreal,2005-01-01,2010-01-01,5,sp500_only,1,rate_minus_2pct,-0.02,0.2,fixed,0.008,0.5
784,Montreal,2005-01-01,2010-01-01,5,sp500_only,0.7,base_rate,0,0.2,fixed,0.008,0.5
785,Montreal,2005-01-01,2010-01-01,5,sp500_only,0.7,rate_plus_2pct,0.02,0.2,fixed,0.008,0.5
786,Montreal,2005-01-01,2010-01-01,5,sp500_only,0.7,rate_minus_2pct,-0.02,0.2,fixed,0.008,0.5
787,Montreal,2005-01-01,2015-01-01,10,sp500_only,1,base_rate,0,0.2,fixed,0.008,0.5
788,Montreal,2005-01-01,2015-01-01,10,sp500_only,1,rate_plus_2pct,0.02,0.2,fixed,0.008,0.5
789,Montreal,2005-01-01,2015-01-01,10,sp500_only,1,rate_minus_2pct,-0.02,0.2,fixed,0.008,0.5
790,Montreal,2005-01-01,2015-01-01,10,sp500_only,0.7,base_rate,0,0.2,fixed,0.008,0.5
791,Montreal,2005-01-01,2015-01-01,10,sp500_only,0.7,rate_plus_2pct,0.02,0.2,fixed,0.008,0.5
792,Montreal,2005-01-01,2015-01-01,10,sp500_only,0.7,rate_minus_2pct,-0.02,0.2,fixed,0.008,0.5
793,Montreal,2005-01-01,2020-01-01,15,sp500_only,1,base_rate,0,0.2,fixed,0.008,0.5
794,Montreal,2005-01-01,2020-01-01,15,sp500_only,1,rate_plus_2pct,0.02,0.2,fixed,0.008,0.5
795,Montreal,2005-01-01,2020-01-01,15,sp500_only,1,rate_minus_2pct,-0.02,0.2,fixed,0.008,0.5
796,Montreal,2005-01-01,2020-01-01,15,sp500_only,0.7,base_rate,0,0.2,fixed,0.008,0.5
797,Montreal,2005-01-01,2020-01-01,15,sp500_only,0.7,rate_plus_2pct,0.02,0.2,fixed,0.008,0.5
798,Montreal,2005-01-01,2020-01-01,15,sp500_only,0.7,rate_minus_2pct,-0.02,0.2,fixed,0.008,0.5
799,Montreal,2005-01-01,2025-01-01,20,sp500_only,1,base_rate,0,0.2,fixed,0.008,0.5
800,Montreal,2005-01-01,2025-01-01,20,sp500_only,1,rate_plus_2pct,0.02,0.2,fixed,0.008,0.5
801,Montreal,2005-01-01,2025-01-01,20,sp500_only,1,rate_minus_2pct,-0.02,0.2,fixed,0.008,0.5
802,Montreal,2005-01-01,2025-01-01,20,sp500_only,0.7,base_rate,0,0.2,fixed,0.008,0.5
803,Montreal,2005-01-01,2025-01-01,20,sp500_only,0.7,rate_plus_2pct,0.02,0.2,fixed,0.008,0.5
804,Montreal,2005-01-01,2025-01-01,20,sp500_only,0.7,rate_minus_2pct,-0.02,0.2,fixed,0.008,0.5
805,Montreal,2010-01-01,2015-01-01,5,sp500_only,1,base_rate,0,0.2,fixed,0.008,0.5
806,Montreal,2010-01-01,2015-01-01,5,sp500_only,1,rate_plus_2pct,0.02,0.2,fixed,0.008,0.5
807,Montreal,2010-01-01,2015-01-01,5,sp500_only,1,rate_minus_2pct,-0.02,0.2,fixed,0.008,0.5
808,Montreal,2010-01-01,2015-01-01,5,sp500_only,0.7,base_rate,0,0.2,fixed,0.008,0.5
809,Montreal,2010-01-01,2015-01-01,5,sp500_only,0.7,rate_plus_2pct,0.02,0.2,fixed,0.008,0.5
810,Montreal,2010-01-01,2015-01-01,5,sp500_only,0.7,rate_minus_2pct,-0.02,0.2,fixed,0.008,0.5
811,Montreal,2010-01-01,2020-01-01,10,sp500_only,1,base_rate,0,0.2,fixed,0.008,0.5
812,Montreal,2010-01-01,2020-01-01,10,sp500_only,1,rate_plus_2pct,0.02,0.2,fixed,0.008,0.5
813,Montreal,2010-01-01,2020-01-01,10,sp500_only,1,rate_minus_2pct,-0.02,0.2,fixed,0.008,0.5
814,Montreal,2010-01-01,2020-01-01,10,sp500_only,0.7,base_rate,0,0.2,fixed,0.008,0.5
815,Montreal,2010-01-01,2020-01-01,10,sp500_only,0.7,rate_plus_2pct,0.02,0.2,fixed,0.008,0.5
816,Montreal,2010-01-01,2020-01-01,10,sp500_only,0.7,rate_minus_2pct,-0.02,0.2,fixed,0.008,0.5
817,Montreal,2010-01-01,2025-01-01,15,sp500_only,1,base_rate,0,0.2,fixed,0.008,0.5
818,Montreal,2010-01-01,2025-01-01,15,sp500_only,1,rate_plus_2pct,0.02,0.2,fixed,0.008,0.5
819,Montreal,2010-01-01,2025-01-01,15,sp500_only,1,rate_minus_2pct,-0.02,0.2,fixed,0.008,0.5
820,Montreal,2010-01-01,2025-01-01,15,sp500_only,0.7,base_rate,0,0.2,fixed,0.008,0.5
821,Montreal,2010-01-01,2025-01-01,15,sp500_only,0.7,rate_plus_2pct,0.02,0.2,fixed,0.008,0.5
822,Montreal,2010-01-01,2025-01-01,15,sp500_only,0.7,rate_minus_2pct,-0.02,0.2,fixed,0.008,0.5
823,Montreal,2015-01-01,2020-01-01,5,sp500_only,1,base_rate,0,0.2,fixed,0.008,0.5
824,Montreal,2015-01-01,2020-01-01,5,sp500_only,1,rate_plus_2pct,0.02,0.2,fixed,0.008,0.5
825,Montreal,2015-01-01,2020-01-01,5,sp500_only,1,rate_minus_2pct,-0.02,0.2,fixed,0.008,0.5
826,Montreal,2015-01-01,2020-01-01,5,sp500_only,0.7,base_rate,0,0.2,fixed,0.008,0.5
827,Montreal,2015-01-01,2020-01-01,5,sp500_only,0.7,rate_plus_2pct,0.02,0.2,fixed,0.008,0.5
828,Montreal,2015-01-01,2020-01-01,5,sp500_only,0.7,rate_minus_2pct,-0.02,0.2,fixed,0.008,0.5
829,Montreal,2015-01-01,2025-01-01,10,sp500_only,1,base_rate,0,0.2,fixed,0.008,0.5
830,Montreal,2015-01-01,2025-01-01,10,sp500_only,1,rate_plus_2pct,0.02,0.2,fixed,0.008,0.5
831,Montreal,2015-01-01,2025-01-01,10,sp500_only,1,rate_minus_2pct,-0.02,0.2,fixed,0.008,0.5
832,Montreal,2015-01-01,2025-01-01,10,sp500_only,0.7,base_rate,0,0.2,fixed,0.008,0.5
833,Montreal,2015-01-01,2025-01-01,10,sp500_only,0.7,rate_plus_2pct,0.02,0.2,fixed,0.008,0.5
834,Montreal,2015-01-01,2025-01-01,10,sp500_only,0.7,rate_minus_2pct,-0.02,0.2,fixed,0.008,0.5
835,Montreal,2020-01-01,2025-01-01,5,sp500_only,1,base_rate,0,0.2,fixed,0.008,0.5
836,Montreal,2020-01-01,2025-01-01,5,sp500_only,1,rate_plus_2pct,0.02,0.2,fixed,0.008,0.5
837,Montreal,2020-01-01,2025-01-01,5,sp500_only,1,rate_minus_2pct,-0.02,0.2,fixed,0.008,0.5
838,Montreal,2020-01-01,2025-01-01,5,sp500_only,0.7,base_rate,0,0.2,fixed,0.008,0.5
839,Montreal,2020-01-01,2025-01-01,5,sp500_only,0.7,rate_plus_2pct,0.02,0.2,fixed,0.008,0.5
840,Montreal,2020-01-01,2025-01-01,5,sp500_only,0.7,rate_minus_2pct,-0.02,0.2,fixed,0.008,0.5
