date,bc_vancouver,ab_calgary,on_toronto,on_ottawa,qc_montreal,ab_edmonton,canada_house_index,tsx_cad,sp500_usd,vt_usd,usd_cad,sp500_cad,vt_cad
1999-01-01,66.35,69.44,71.55,69.2,59.51,,,6729.6,1279.640015,,1.519442105263158,1944.338918370579,
1999-02-01,66.15,69.33,67.33,62.08,58.7,61.22,,6312.7,1238.329956,,1.4977421052631579,1854.6989153098737,
1999-03-01,67.03,69.44,68.45,65.25,58.94,61.85,58.7194,6597.8,1286.369995,,1.5175695652173913,1952.1559540208477,
1999-04-01,66.8,68.84,69.1,64.28,59.88,62.7,58.7194,7014.7,1335.180054,,1.4881,1986.8814383574,
1999-05-01,67.19,69.22,69.97,64.05,59.92,62.41,58.7194,6841.8,1301.839966,,1.4611100000000001,1902.1313927222602,
1999-06-01,67.19,69.61,72.6,63.33,60.14,63.07,60.36,7010.1,1372.709961,,1.4694863636363635,2017.1785689173043,
1999-07-01,67.19,69.99,70.33,65.02,60.45,63.61,60.36,7081.0,1328.719971,,1.489047619047619,1978.5273091985712,
1999-08-01,67.39,70.24,70.64,63.66,60.91,63.6,60.36,6970.8,1320.410034,,1.4931954545454544,1971.630260905009,
1999-09-01,67.54,70.51,70.78,64.72,60.76,63.51,59.4283,6957.7,1282.709961,,1.477052380952381,1894.629801966386,
1999-10-01,67.39,70.77,71.08,64.26,60.92,63.8,59.4283,7256.2,1362.930054,,1.4776099999999999,2013.8790770909397,
1999-11-01,67.73,70.52,71.16,65.74,61.32,64.25,59.4283,7523.2,1388.910034,,1.46743,2038.12825119262,
1999-12-01,67.63,71.21,70.84,64.78,61.65,63.9,60.0764,8413.8,1469.25,,1.4722086956521738,2163.0426260869563,
2000-01-01,67.77,70.7,72.86,65.61,61.08,64.75,60.0764,8481.1,1394.459961,,1.4486,2020.0146995046002,
2000-02-01,67.69,71.85,71.6,66.46,61.54,64.5,60.0764,9129.0,1366.420044,,1.45121,1982.96243205324,
2000-03-01,67.65,72.11,73.06,65.51,61.9,65.12,60.0711,9462.4,1498.579956,,1.4607739130434783,2189.0865063346437,
2000-04-01,68.06,72.67,72.78,66.43,62.22,65.26,60.0711,9347.6,1452.430054,,1.4688750000000002,2133.43819556925,
2000-05-01,68.22,72.89,73.78,68.59,62.46,66.2,60.0711,9252.0,1420.599976,,1.4957363636363636,2124.843042284145,
2000-06-01,68.78,73.72,73.77,67.68,63.38,66.32,60.7041,10195.5,1454.599976,,1.4770454545454543,2148.510282732727,
2000-07-01,69.11,73.1,74.45,68.06,64.07,67.08,60.7041,10406.3,1430.829956,,1.4777850000000001,2114.45904652746,
2000-08-01,68.54,74.04,74.8,69.62,64.79,67.18,60.7041,11247.9,1517.680054,,1.482813043478261,2250.4357798979913,
2000-09-01,68.54,73.7,74.65,69.1,64.46,67.32,60.0071,10377.9,1436.51001,,1.48643,2135.2715741642996,
2000-10-01,67.92,73.78,75.48,70.55,64.77,67.26,60.0071,9639.6,1429.400024,,1.5124761904761905,2161.933502966095,
2000-11-01,67.8,73.49,75.4,72.73,64.84,67.47,60.0071,8819.9,1314.949951,,1.5426380952380954,2028.4918877440668,
2000-12-01,68.14,74.48,75.52,72.12,64.54,67.86,60.2182,8933.7,1320.280029,,1.521875,2009.3011691343752,
2001-01-01,68.35,74.5,75.59,73.26,64.53,68.51,60.2182,9321.9,1366.01001,,1.5032,2053.386247032,
2001-02-01,68.58,75.73,75.95,73.03,64.77,69.16,60.2182,8078.7,1239.939941,,1.5215631578947368,1886.6469322277737,
2001-03-01,68.09,75.23,76.82,73.67,65.18,68.8,59.9294,7608.0,1160.329956,,1.558740909090909,1808.6537704608545,
2001-04-01,67.22,75.58,76.87,74.39,65.7,69.25,59.9294,7946.6,1249.459961,,1.5577666666666665,1946.3670785804331,
2001-05-01,69.15,75.58,77.02,74.42,65.79,70.07,59.9294,8161.9,1255.819946,,1.54105,1935.2813277833002,
2001-06-01,69.69,76.05,77.7,76.68,66.8,70.43,61.4651,7736.4,1224.380005,,1.5245380952380954,1866.6139606703096,
2001-07-01,69.49,76.44,78.32,76.45,68.51,71.18,61.4651,7689.7,1211.22998,,1.5307904761904763,1854.1393178603812,
2001-08-01,69.47,76.74,78.32,77.59,69.15,71.61,61.4651,7399.2,1133.579956,,1.5398565217391305,1745.5504881593565,
2001-09-01,69.79,77.77,78.73,76.91,69.04,72.0,61.5748,6838.6,1040.939941,,1.5679388888888888,1632.1302144916056,
2001-10-01,70.46,77.58,79.43,77.56,68.47,72.63,61.5748,6885.7,1059.780029,,1.5716772727272728,1665.6321856695502,
2001-11-01,70.32,78.04,80.03,78.09,68.53,73.49,61.5748,7425.7,1139.449951,,1.592245,1814.283487229995,
2001-12-01,70.25,78.02,79.61,79.06,69.15,73.81,62.9571,7688.4,1148.079956,,1.578755,1812.53697093478,
2002-01-01,70.33,78.46,79.81,78.0,69.08,74.53,62.9571,7648.5,1130.199951,,1.5997142857142859,1807.997007328286,
2002-02-01,71.46,79.33,80.78,78.37,69.08,75.21,62.9571,7637.5,1106.72998,,1.5964,1766.7837400720002,
2002-03-01,72.08,79.87,81.87,79.74,70.12,76.9,65.2743,7851.5,1147.390015,,1.5877428571428571,1821.7603006732857,
2002-04-01,72.88,80.75,82.55,81.38,71.3,77.8,65.2743,7663.4,1076.920044,,1.5814863636363639,1703.134364312673,
2002-05-01,73.98,81.56,83.81,81.74,71.36,79.21,65.2743,7656.1,1067.140015,,1.5501545454545456,1654.231944888682,
2002-06-01,74.48,82.04,83.98,83.34,72.51,80.08,66.8429,7145.6,989.8200073,,1.53184,1516.2458799824321,
2002-07-01,75.24,82.73,84.68,83.46,75.04,81.03,66.8429,6605.4,911.6199951,,1.54555,1408.954283426805,
2002-08-01,75.21,83.09,85.11,84.51,76.28,82.01,66.8429,6612.0,916.0700073,,1.5694181818181818,1437.6969252749345,
2002-09-01,75.16,83.79,85.62,85.37,75.62,82.05,65.5781,6180.4,815.2800293,,1.576135,1284.9913889807556,
2002-10-01,74.92,84.64,85.71,86.34,76.0,82.8,65.5781,6248.8,885.7600098,,1.578009090909091,1397.7373478281256,
2002-11-01,76.09,85.38,86.11,85.35,77.1,83.02,65.5781,6570.4,936.3099976,,1.5714526315789474,1471.366809702198,
2002-12-01,75.13,84.78,86.61,86.46,76.94,83.32,67.3256,6614.5,879.8200073,,1.5592190476190477,1371.8321138584897,
2003-01-01,76.18,85.97,87.19,87.17,78.86,83.64,67.3256,6569.5,855.7000122,,1.5414476190476192,1319.0167464247086,
2003-02-01,76.85,86.66,87.2,87.23,78.45,84.49,67.3256,6555.1,841.1500244,,1.5121473684210525,1271.942795843764,
2003-03-01,78.07,86.28,87.91,87.26,80.0,85.04,67.8586,6343.3,848.1799927,,1.4760809523809524,1251.9823314150851,
2003-04-01,78.6,87.32,88.7,88.83,80.21,85.8,67.8586,6586.1,916.9199829,,1.4582045454545456,1337.0568868828843,
2003-05-01,79.28,87.56,88.91,89.25,80.87,86.22,67.8586,6859.8,963.5900269,,1.3839571428571429,1333.5673005141614,
2003-06-01,80.12,87.85,89.02,89.75,82.31,86.99,70.2072,6983.1,974.5,,1.3525095238095237,1318.0205309523808,
2003-07-01,80.69,88.3,89.31,90.05,83.52,87.31,70.2072,7257.9,990.3099976,,1.382090909090909,1368.6984448648,
2003-08-01,81.55,88.83,90.14,90.83,83.83,87.83,70.2072,7510.3,1008.01001,,1.3962714285714286,1407.455576677,
2003-09-01,81.67,89.11,90.53,90.45,84.72,87.77,71.4171,7421.1,995.9699707,,1.3633714285714287,1357.8770017675029,
2003-10-01,83.14,89.32,90.89,90.92,85.75,88.17,71.4171,7772.7,1050.709961,,1.3220954545454544,1389.1388634837317,
2003-11-01,84.49,90.31,91.05,91.33,85.87,88.41,71.4171,7859.4,1058.199951,,1.3130444444444445,1389.4635667719335,
2003-12-01,83.43,89.74,91.04,91.94,85.32,89.02,73.3939,8220.9,1111.920044,,1.3127545454545455,1459.6780919430182,
2004-01-01,85.03,90.51,92.11,91.93,86.02,88.78,73.3939,8521.4,1131.130005,,1.295755,1465.6673596287749,
2004-02-01,85.78,90.77,91.73,91.93,87.97,89.67,73.3939,8788.5,1144.939941,,1.3298947368421052,1522.6496015362106,
2004-03-01,87.75,91.5,92.31,93.29,87.98,90.29,74.2536,8585.9,1126.209961,,1.3285782608695653,1496.258071359361,
2004-04-01,89.43,92.72,92.75,93.85,89.49,91.42,74.2536,8244.0,1107.300049,,1.3419727272727273,1485.9664666657545,
2004-05-01,90.32,92.46,92.16,94.1,90.79,91.6,74.2536,8417.3,1120.680054,,1.37886,1545.2608992584398,
2004-06-01,92.22,92.72,94.28,94.39,92.34,92.02,76.8199,8545.6,1140.839966,,1.357840909090909,1549.0791765606816,
2004-07-01,93.42,93.95,93.74,94.73,93.01,93.27,76.8199,8458.1,1101.719971,,1.3225047619047618,1457.0299079330762,
2004-08-01,92.9,93.62,94.43,95.31,93.61,93.81,76.8199,8377.0,1104.23999,,1.3126772727272729,1449.5107385095912,
2004-09-01,92.93,94.17,95.09,96.38,92.5,94.49,74.8714,8668.3,1114.579956,,1.2880952380952382,1435.6851338000001,
2004-10-01,92.4,94.73,95.29,96.41,93.76,94.52,74.8714,8871.0,1130.199951,,1.2469350000000001,1409.2858759001851,
2004-11-01,93.79,95.64,95.48,96.31,93.61,94.34,74.8714,9030.1,1173.819946,,1.1967700000000001,1404.7924967744202,
2004-12-01,93.12,95.97,96.09,96.15,93.95,95.21,77.3993,9246.7,1211.920044,,1.2188826086956523,1477.1882647612697,
2005-01-01,94.81,96.9,96.74,97.68,95.51,95.81,77.3993,9204.1,1181.27002,,1.2248350000000001,1446.8608649467,
2005-02-01,93.51,95.64,95.97,96.31,94.87,95.83,77.3993,9668.3,1203.599976,,1.2400526315789473,1492.5273176071578,
2005-03-01,95.5,97.59,97.65,98.01,96.7,97.59,79.9412,9612.4,1180.589966,,1.2160260869565216,1435.6281966551128,
2005-04-01,96.69,98.17,96.5,99.49,97.93,97.68,79.9412,9369.3,1156.849976,,1.2359,1429.7508853384,
2005-05-01,98.54,99.45,99.44,99.77,99.06,98.73,79.9412,9607.3,1191.5,,1.2555285714285713,1495.9622928571428,
2005-06-01,100.0,100.0,100.0,100.0,100.0,100.0,81.2524,9902.8,1191.329956,,1.2401681818181818,1477.4495054780546,
2005-07-01,102.04,101.3,100.54,100.12,99.31,100.57,81.2524,10422.9,1234.180054,,1.222855,1509.2232499341699,
2005-08-01,103.62,102.49,101.17,100.77,100.26,101.87,81.2524,10668.9,1220.329956,,1.2042826086956522,1469.6221428811305,
2005-09-01,103.02,103.45,101.07,100.81,98.86,102.33,81.9448,11011.8,1228.810059,,1.1776809523809524,1447.1462005784142,
2005-10-01,104.57,104.84,101.37,101.1,100.64,103.34,81.9448,10383.3,1207.01001,,1.177415,1421.15169092415,
2005-11-01,106.24,105.29,102.14,102.08,101.38,103.3,81.9448,10824.1,1249.47998,,1.181545,1476.3168229691003,
2005-12-01,105.73,106.05,102.3,101.9,100.52,104.41,82.9798,11272.3,1248.290039,,1.1614809523809524,1449.8651033453762,
2006-01-01,107.72,108.37,102.2,101.28,99.4,105.66,82.9798,11945.6,1280.079956,,1.157165,1481.26372228474,
2006-02-01,108.04,111.06,102.14,100.71,101.81,106.66,82.9798,11688.3,1280.660034,,1.1488947368421052,1471.3435727466315,
2006-03-01,111.06,114.23,102.95,101.82,102.95,108.73,85.6578,12110.6,1294.869995,,1.1573086956521739,1498.564304952587,
2006-04-01,113.34,120.65,103.64,102.93,103.11,109.85,85.6578,12204.2,1310.609985,,1.1441050000000001,1499.4754368884253,
2006-05-01,113.29,124.41,104.39,103.71,105.23,112.7,85.6578,11744.5,1270.089966,,1.109990909090909,1409.7883159875817,
2006-06-01,117.91,131.47,105.56,104.22,105.9,115.96,88.764,11612.9,1270.199951,,1.1137272727272727,1414.6563272455455,
2006-07-01,127.1,141.31,107.22,106.28,105.98,123.72,88.764,11831.0,1276.660034,,1.129445,1441.91729210113,
2006-08-01,127.41,148.87,106.55,105.98,109.25,129.66,88.764,12073.8,1303.819946,,1.118213043478261,1457.948469964322,
2006-09-01,129.11,149.63,105.57,105.55,107.66,136.97,90.9982,11761.3,1335.849976,,1.11612,1490.9688752131199,
2006-10-01,129.18,151.79,102.18,104.16,108.75,142.33,90.9982,12344.6,1377.939941,,1.1285380952380952,1555.0577163686335,
2006-11-01,130.09,155.13,106.35,106.44,110.57,146.77,90.9982,12752.4,1400.630005,,1.1358809523809523,1590.948944012738,
2006-12-01,127.07,153.14,104.6,104.92,108.5,148.51,91.8116,12908.4,1418.300049,,1.153235,1635.6332570085149,
2007-01-01,127.93,141.8,104.03,99.01,110.27,152.85,91.8116,13034.1,1438.23999,,1.1762619047619047,1691.746910142143,
2007-02-01,129.75,154.37,102.88,105.01,108.2,155.3,91.8116,13045.0,1406.819946,,1.1709894736842106,1647.3713481349896,
2007-03-01,132.91,157.98,105.52,107.85,112.94,164.18,93.7553,13165.5,1420.859985,,1.1681590909090909,1659.7905083867045,
2007-04-01,135.15,162.87,106.7,107.43,114.45,168.88,93.7553,13416.7,1482.369995,,1.1349857142857143,1682.4687676107858,
2007-05-01,136.24,167.68,108.31,108.22,116.04,177.24,93.7553,14056.8,1530.619995,,1.0950863636363637,1676.1610844336592,
2007-06-01,138.53,172.37,111.27,110.72,116.91,182.1,96.4194,13906.6,1503.349976,,1.065104761904762,1601.2252182470097,
2007-07-01,141.01,175.06,112.46,111.76,115.26,187.06,96.4194,13868.6,1455.27002,,1.0501857142857143,1528.3037854322856,
2007-08-01,142.37,174.5,111.36,112.45,116.24,191.1,96.4194,13660.5,1473.98999,,1.0578521739130435,1559.2635152475652,
2007-09-01,142.91,173.29,112.3,114.5,118.34,188.49,98.4359,14098.9,1526.75,,1.026745,1567.58292875,
2007-10-01,144.6,173.27,112.7,111.64,117.36,184.23,98.4359,14625.0,1549.380005,,0.9754130434782609,1511.285466181413,
2007-11-01,145.02,171.51,113.82,112.15,118.07,180.58,98.4359,13689.1,1481.140015,,0.9672380952380953,1432.615046889524,
2007-12-01,143.01,170.07,113.11,110.71,117.46,180.31,98.7641,13833.1,1468.359985,,1.00207,1471.39949016895,
2008-01-01,145.49,167.17,114.3,113.4,119.39,179.56,98.7641,13155.1,1378.550049,,1.0099428571428573,1392.2567752014859,
2008-02-01,146.47,167.67,112.28,110.06,118.12,175.32,98.7641,13582.7,1330.630005,,0.998555,1328.7072446427749,
2008-03-01,150.02,167.88,112.64,114.72,118.27,177.73,99.9306,13350.1,1322.699951,,1.0029428571428571,1326.5924679986572,
2008-04-01,151.0,169.72,114.97,113.83,121.16,177.81,99.9306,13937.0,1385.589966,,1.0137181818181817,1404.5977410790363,
2008-05-01,150.74,169.2,115.13,116.07,123.45,177.25,99.9306,14714.7,1400.380005,,0.9993047619047618,1399.4064074727141,
2008-06-01,150.9,168.69,116.92,116.68,123.68,176.25,98.653,14467.0,1280.0,,1.0166238095238096,1301.2784761904763,
2008-07-01,151.11,167.55,118.94,117.27,123.07,175.9,98.653,13592.9,1267.380005,33.06,1.0129636363636363,1283.8098585193636,33.48857781818182
2008-08-01,149.35,162.85,118.25,120.27,124.0,172.64,98.653,13771.3,1282.829956,32.45,1.0534571428571429,1351.4063802193143,34.18468428571429
2008-09-01,149.41,158.89,115.37,118.27,123.7,170.52,95.68,11752.9,1166.359985,29.49,1.0582047619047619,1234.2476902221667,31.206458428571427
2008-10-01,145.5,162.31,113.36,119.62,122.56,169.51,95.68,9762.8,968.75,23.17,1.1846954545454547,1147.6737215909093,27.449393681818187
2008-11-01,143.75,158.76,112.47,116.4,123.82,162.85,95.68,9270.6,896.2399902,21.59,1.2170944444444443,1090.8087129613632,26.27706905555555
2008-12-01,137.15,154.66,111.58,114.88,120.65,162.07,93.3232,8987.7,903.25,22.61,1.2336954545454546,1114.335419318182,27.893854227272726
2009-01-01,133.73,151.79,108.35,115.0,123.9,158.42,93.3232,8694.9,825.8800049,20.29,1.22482,1011.554347601618,24.8515978
2009-02-01,134.97,158.75,102.86,114.48,119.45,156.4,93.3232,8123.0,735.0900269,18.36,1.2451999999999999,915.3341014958798,22.861871999999998
2009-03-01,131.97,150.08,104.45,113.06,121.66,155.99,90.6825,8720.4,797.8699951,19.98,1.2645181818181819,1008.9211155311336,25.265073272727275
2009-04-01,132.98,148.49,106.58,114.35,124.25,157.06,90.6825,9324.8,872.8099976,22.39,1.224181818181818,1068.4781297892362,27.409430909090908
2009-05-01,134.45,146.43,109.09,118.88,124.68,156.0,90.6825,10370.1,919.1400146,24.76,1.1527850000000002,1059.5708217306612,28.542956600000007
2009-06-01,137.11,149.35,112.23,120.72,127.26,157.58,91.9593,10374.9,919.3200073,24.33,1.1263545454545456,1035.4802689496612,27.404206090909092
2009-07-01,139.53,153.18,113.87,121.39,126.22,159.42,91.9593,10787.2,987.4799805,26.8,1.1228608695652174,1108.8026295824739,30.092671304347824
2009-08-01,141.64,153.24,118.23,123.96,128.68,162.65,91.9593,10868.2,1020.619995,27.52,1.0872380952380953,1109.6569393257143,29.920792380952385
2009-09-01,145.91,153.89,117.66,122.99,126.78,163.86,95.0574,11395.0,1057.079956,28.96,1.0816380952380953,1143.3779501222095,31.32423923809524
2009-10-01,147.08,155.32,119.42,123.41,128.31,164.45,95.0574,10910.8,1036.189941,28.23,1.0546761904761905,1092.8448595836287,29.77350885714286
2009-11-01,149.75,157.51,121.03,123.79,129.36,163.0,95.0574,11447.2,1095.630005,29.73,1.0593,1160.6008642964998,31.492988999999998
2009-12-01,151.28,162.12,122.05,124.08,128.42,166.17,97.6107,11746.1,1115.099976,29.74,1.053690909090909,1174.9707074386909,31.336767636363632
2010-01-01,151.86,155.51,121.77,125.41,130.73,162.3,97.6107,11094.3,1073.869995,28.65,1.0438105263157895,1120.9168046756843,29.905171578947368
2010-02-01,151.82,155.7,122.43,121.58,130.63,166.81,97.6107,11629.6,1104.48999,29.25,1.0572105263157894,1167.678443638421,30.92340789473684
2010-03-01,154.35,158.8,121.94,125.82,131.46,167.37,100.2438,12037.7,1169.430054,31.2,1.0229,1196.2100022365998,31.914479999999998
2010-04-01,156.36,157.08,123.73,128.66,134.02,169.13,100.2438,12210.7,1186.689941,31.06,1.005209090909091,1192.8715167835728,31.221794363636363
2010-05-01,156.87,160.54,126.74,130.16,136.11,169.62,100.2438,11763.0,1089.410034,27.99,1.0402799999999999,1133.29147016952,29.117437199999994
2010-06-01,158.04,160.65,131.37,134.84,136.11,169.96,101.3371,11294.4,1030.709961,27.2,1.0376227272727272,1069.4880807599864,28.22333818181818
2010-07-01,154.41,159.38,128.53,134.21,137.71,169.75,101.3371,11713.4,1101.599976,29.7,1.0422285714285715,1148.1189692722287,30.954188571428574
2010-08-01,155.21,157.75,128.1,134.97,139.56,167.8,101.3371,11913.9,1049.329956,28.52,1.0403954545454546,1091.718116540782,29.672078363636363
2010-09-01,156.08,150.41,124.63,132.14,136.69,161.36,99.7146,12368.7,1141.199951,31.39,1.032957142857143,1178.8106408136716,32.42452471428572
2010-10-01,154.67,154.52,125.17,133.29,136.09,166.05,99.7146,12676.2,1183.26001,32.58,1.0179,1204.440364179,33.163182
2010-11-01,158.4,155.2,126.06,131.82,137.6,162.65,99.7146,12952.9,1180.550049,31.72,1.0129,1195.7791446320998,32.129188
2010-12-01,158.38,152.3,126.85,131.52,139.06,161.18,98.7219,13443.2,1257.640015,33.5,1.0080619047619048,1267.7789890256904,33.770073809523815
2011-01-01,158.38,150.06,127.33,130.93,138.92,160.06,98.7219,13552.0,1286.119995,34.62,0.9939450000000001,1278.332538430275,34.4103759
2011-02-01,160.76,153.61,126.11,133.42,139.77,157.93,98.7219,14136.5,1327.219971,35.64,0.9876368421052631,1310.811340937479,35.199377052631576
2011-03-01,162.72,150.75,128.02,131.15,140.85,162.25,100.5969,14116.1,1325.829956,35.62,0.9765608695652174,1294.753654726974,34.78509817391304
2011-04-01,166.7,151.91,129.99,136.68,142.8,162.51,100.5969,13944.8,1363.609985,37.17,0.957952380952381,1306.2734318211906,35.60709000000001
2011-05-01,168.64,156.79,132.62,136.2,144.22,162.68,100.5969,13802.9,1345.199951,36.32,0.9680428571428572,1302.2112039944716,35.159316571428576
2011-06-01,171.63,158.86,136.12,139.43,146.09,165.93,102.5685,13300.9,1320.640015,35.84,0.9766454545454546,1289.7970677405908,35.002973090909094
2011-07-01,171.84,162.74,137.32,140.74,144.56,165.56,102.5685,12945.6,1292.280029,35.07,0.955315,1234.5344959041352,33.50289705
2011-08-01,171.78,160.26,138.93,140.59,145.27,165.9,102.5685,12768.7,1218.890015,32.52,0.9817086956521739,1196.5949267691087,31.9251667826087
2011-09-01,171.07,155.14,138.45,139.33,144.57,163.84,103.7585,11623.8,1131.420044,29.04,1.0025,1134.2485941099999,29.112599999999997
2011-10-01,170.26,155.41,137.81,138.07,144.28,164.87,103.7585,12252.1,1253.300049,32.31,1.0198,1278.1153899701999,32.949738
2011-11-01,171.54,152.37,139.17,139.74,147.06,165.71,103.7585,12204.1,1246.959961,31.91,1.024755,1277.828454834555,32.69993205
2011-12-01,169.5,157.95,138.96,136.6,142.09,164.05,103.6796,11955.1,1257.599976,30.85,1.0235238095238095,1287.1835182925713,31.575709523809525
2012-01-01,168.33,153.85,140.04,138.25,145.87,159.52,103.6796,12452.2,1312.410034,33.31,1.012985,1329.45167829149,33.74253035
2012-02-01,169.31,150.4,139.49,137.51,146.5,161.06,103.6796,12644.0,1365.680054,34.9,0.996745,1361.2347654242299,34.7864005
2012-03-01,173.06,154.02,140.62,136.37,147.35,164.31,105.5386,12392.2,1408.469971,35.3,0.9937727272727273,1399.699044362409,35.08017727272727
2012-04-01,172.03,161.15,143.63,141.26,149.68,166.29,105.5386,12292.7,1397.910034,34.89,0.9928238095238096,1387.8783653274381,34.639622714285714
2012-05-01,174.91,159.22,145.71,139.65,151.0,167.87,105.5386,11513.2,1310.329956,31.77,1.009731818181818,1323.0818488899815,32.079179863636355
2012-06-01,172.83,162.42,147.77,144.6,152.19,170.28,106.9303,11596.6,1362.160034,33.4,1.028,1400.300514952,34.3352
2012-07-01,172.78,162.18,150.62,143.19,151.11,168.29,106.9303,11664.7,1379.319946,33.64,1.0142,1398.9062892332001,34.117688
2012-08-01,169.21,161.3,148.81,144.49,152.0,171.54,106.9303,11949.3,1406.579956,34.48,0.9923826086956522,1395.8654860742956,34.217352347826086
2012-09-01,169.97,164.95,148.16,140.79,149.01,166.62,106.0767,12317.5,1440.670044,35.13,0.9783000000000001,1409.4075040452,34.367679
2012-10-01,167.74,161.09,148.05,142.51,150.37,169.85,106.0767,12422.9,1412.160034,35.34,0.9871545454545455,1394.0201964723456,34.88604163636364
2012-11-01,167.04,163.17,147.6,142.09,149.63,166.87,106.0767,12239.4,1416.180054,35.88,0.9969699999999999,1411.8890284363797,35.7712836
2012-12-01,165.21,160.99,146.75,139.54,148.17,166.44,104.7044,12433.5,1426.189941,36.58,0.9898199999999999,1411.67132740062,36.2076156
2013-01-01,166.01,160.82,146.51,143.78,149.68,165.88,104.7044,12685.2,1498.109985,38.47,0.9920571428571427,1486.210711404857,38.16443828571428
2013-02-01,169.64,157.09,146.39,138.21,147.04,165.03,104.7044,12821.8,1514.680054,38.35,1.0097842105263157,1529.5000025283473,38.72522447368421
2013-03-01,165.29,167.46,147.59,138.86,151.88,171.49,105.4775,12749.9,1569.189941,39.13,1.0244238095238094,1607.5155372256618,40.08570366666667
2013-04-01,167.15,165.8,148.33,143.41,151.81,172.37,105.4775,12456.5,1597.569946,40.31,1.0186727272727272,1627.4009339007634,41.06269763636364
2013-05-01,169.55,168.52,151.06,142.95,153.49,174.87,105.4775,12650.4,1630.73999,40.08,1.0195590909090908,1662.6357817135,40.863928363636354
2013-06-01,168.02,174.79,154.07,143.74,154.48,173.18,107.0699,12129.1,1606.280029,38.68,1.0314,1656.7172219106,39.894552000000004
2013-07-01,170.99,168.92,154.36,145.3,152.36,176.3,107.0699,12486.6,1685.72998,41.02,1.0402136363636363,1753.519312423,42.669563363636364
2013-08-01,171.91,173.89,156.42,144.03,151.76,174.14,107.0699,12653.9,1632.969971,40.02,1.0407181818181819,1699.4615391828092,41.649541636363644
2013-09-01,173.76,173.55,153.97,143.91,152.12,170.84,107.4486,12787.2,1681.550049,42.07,1.034235,1739.117914927515,43.51026645
2013-10-01,174.95,172.97,153.32,142.84,151.48,174.29,107.4486,13361.3,1756.540039,43.82,1.0362818181818183,1820.270505324082,45.40986927272728
2013-11-01,174.95,172.24,155.71,142.65,149.25,172.91,107.4486,13395.4,1805.810059,44.5,1.0486421052631578,1893.648461975147,46.664573684210524
2013-12-01,176.78,171.62,155.65,141.88,149.04,173.45,108.0217,13621.6,1848.359985,45.18,1.0639190476190477,1966.5053948983573,48.06786257142857
2014-01-01,180.83,175.62,155.93,139.45,151.9,174.86,108.0217,13694.9,1782.589966,43.45,1.0940095238095238,1950.170399851295,47.53471380952381
2014-02-01,180.22,178.19,155.08,141.26,154.99,175.94,108.0217,14209.6,1859.449951,45.72,1.1054421052631578,2055.514268464916,50.54081305263157
2014-03-01,182.75,178.76,155.6,138.92,152.98,175.78,109.3543,14335.3,1872.339966,45.68,1.1106809523809524,2079.5723366178,50.73590590476191
2014-04-01,180.37,183.43,157.47,143.47,154.17,178.4,109.3543,14651.9,1883.949951,46.28,1.099209090909091,2070.8549129569365,50.87139672727273
2014-05-01,179.9,184.12,161.26,143.6,157.01,178.46,109.3543,14604.2,1923.569946,47.23,1.0893857142857142,2095.5096196017425,51.45168728571428
2014-06-01,179.84,183.11,162.58,146.53,157.02,182.0,110.5261,15146.0,1960.22998,47.91,1.0830380952380954,2123.0037437678097,51.888355142857144
2014-07-01,181.17,187.1,166.39,146.65,155.53,183.36,110.5261,15330.7,1930.670044,47.42,1.0739181818181818,2073.381663343309,50.925200181818184
2014-08-01,183.05,188.15,167.35,147.44,155.02,181.67,110.5261,15625.7,2003.369995,48.68,1.0926333333333333,2188.9488355368335,53.18939066666667
2014-09-01,184.33,189.68,165.86,143.13,154.02,181.87,111.0363,14960.5,1972.290039,46.84,1.101052380952381,2171.594643369614,51.573293523809525
2014-10-01,186.17,189.82,165.11,143.11,155.67,181.36,111.0363,14613.3,2018.050049,47.5,1.1211545454545453,2262.545985391118,53.2548409090909
2014-11-01,184.43,187.06,165.93,146.12,154.4,187.33,111.0363,14744.7,2067.560059,48.1,1.132538888888889,2341.592171930906,54.47512055555556
2014-12-01,185.02,183.32,167.77,142.2,154.53,183.07,111.8501,14632.4,2058.899902,46.85,1.1531619047619048,2374.244932704419,54.02563523809524
2015-01-01,190.27,186.09,167.89,140.4,156.03,183.02,111.8501,14673.5,1994.98999,46.38,1.21219,2418.3069159781003,56.221372200000005
2015-02-01,191.05,185.98,165.39,139.8,154.29,182.49,111.8501,15234.3,2104.5,49.14,1.2499052631578949,2630.42562631579,61.420344631578956
2015-03-01,188.14,183.68,169.01,139.79,156.37,185.49,114.857,14902.4,2067.889893,48.3,1.2618318181818182,2609.3292634839954,60.946476818181814
2015-04-01,192.64,187.36,168.23,139.3,155.77,185.99,114.857,15224.5,2085.51001,49.78,1.233681818181818,2572.8557809731815,61.41268090909091
2015-05-01,194.75,169.39,173.84,144.53,158.63,186.3,114.857,15014.1,2107.389893,49.95,1.21764,2566.0422293125202,60.821118000000006
2015-06-01,197.06,184.23,177.65,145.9,158.59,185.37,117.4469,14553.3,2063.110107,48.49,1.2364954545454545,2551.0262695322863,59.95766459090909
2015-07-01,201.5,189.44,180.34,147.61,158.26,182.82,117.4469,14468.4,2103.840088,49.08,1.2863136363636363,2706.1981939228726,63.13227327272727
2015-08-01,195.46,189.0,182.12,144.39,156.79,183.24,117.4469,13859.1,1972.180054,45.83,1.3147238095238096,2592.8720736617524,60.25379219047619
2015-09-01,204.22,187.86,180.82,144.96,157.14,185.01,119.1831,13307.0,1920.030029,43.91,1.3265809523809524,2547.0752644708477,58.25016961904762
2015-10-01,205.27,185.26,181.71,145.27,157.09,183.89,119.1831,13529.2,2079.360107,47.34,1.3072238095238096,2718.189040444376,61.883975142857146
2015-11-01,207.52,182.38,182.64,142.29,159.2,178.66,119.1831,13469.8,2080.409912,47.3,1.3278526315789474,2762.4777764121263,62.80742947368421
2015-12-01,210.64,178.49,181.5,142.42,156.01,183.08,120.847,13010.0,2043.939941,45.97,1.3712545454545455,2802.7619347323457,63.03657145454545
2016-01-01,216.72,181.06,181.34,142.09,154.41,180.79,120.847,12822.1,1940.23999,43.56,1.4208105263157895,2756.7134013708423,61.8905065263158
2016-02-01,223.8,177.01,184.04,139.86,156.95,179.4,120.847,12860.4,1932.22998,43.07,1.37969,2665.8783811062003,59.423248300000004
2016-03-01,225.61,177.73,183.15,144.33,159.19,184.65,126.8984,13494.4,2059.73999,46.33,1.3226391304347827,2724.292709295348,61.27787091304348
2016-04-01,233.08,179.42,188.97,144.51,158.79,182.29,126.8984,13951.5,2065.300049,46.98,1.2818142857142856,2647.331107094614,60.21963514285713
2016-05-01,238.55,180.5,193.61,145.15,159.72,181.56,126.8984,14065.8,2096.949951,47.28,1.2945285714285715,2714.561624425243,61.20531085714286
2016-06-01,246.6,179.27,201.73,148.81,161.38,183.25,133.3705,14064.5,2098.860107,46.82,1.2894045454545455,2706.279762239014,60.369920818181825
2016-07-01,250.78,179.11,207.57,148.65,161.48,182.15,133.3705,14582.7,2173.600098,49.15,1.3052350000000001,2837.05892391303,64.15230025000001
2016-08-01,252.39,179.37,210.3,147.97,161.31,183.89,133.3705,14598.0,2170.949951,49.32,1.299782608695652,2821.762990658478,64.10527826086957
2016-09-01,249.61,180.81,214.24,147.86,160.4,181.58,137.1935,14725.9,2168.27002,49.45,1.3107761904761905,2842.1167167393332,64.81788261904762
2016-10-01,249.52,181.78,215.48,148.88,158.83,181.89,137.1935,14787.3,2126.149902,48.73,1.325095,2817.35060439069,64.57187934999999
2016-11-01,242.63,183.14,217.47,144.31,159.86,182.96,137.1935,15082.9,2198.810059,49.31,1.3434149999999998,2953.9144154114842,66.24379364999999
2016-12-01,246.11,184.08,220.41,146.16,159.82,181.69,138.2738,15287.6,2238.830078,49.83,1.3339190476190477,2986.4180854266383,66.46918614285714
2017-01-01,245.18,182.71,222.9,146.69,160.88,181.07,138.2738,15386.0,2278.870117,51.71,1.3183052631578946,3004.246469294347,68.16956515789474
2017-02-01,252.08,178.76,229.12,146.06,160.52,178.59,138.2738,15399.2,2363.639893,53.1,1.3109157894736843,3098.5328563635894,69.60962842105263
2017-03-01,249.33,180.88,233.5,146.05,162.32,173.07,146.4193,15547.8,2362.719971,53.68,1.3387,3162.9732251777,71.861416
2017-04-01,252.41,182.69,243.68,146.48,163.68,182.78,146.4193,15586.1,2384.199951,54.76,1.343705,3203.661395158455,73.58128579999999
2017-05-01,258.38,181.43,252.52,149.5,163.39,181.93,146.4193,15349.9,2411.800049,55.83,1.3605727272727273,3281.4293703044273,75.96077536363636
2017-06-01,266.76,182.59,260.11,151.38,166.05,182.19,153.8374,15182.2,2423.409912,55.79,1.3294863636363636,3221.8904315052,74.17204422727272
2017-07-01,273.64,184.94,259.36,155.57,168.12,185.8,153.8374,15143.9,2470.300049,57.67,1.26904,3134.9095741829597,73.1855368
2017-08-01,277.8,181.84,248.51,154.96,165.68,186.23,153.8374,15211.9,2471.649902,57.91,1.2607695652173911,3116.1809723141478,73.01116552173912
2017-09-01,280.87,186.3,240.73,152.49,167.96,183.18,155.6623,15634.9,2519.360107,58.83,1.227875,3093.459291382625,72.23588625000001
2017-10-01,279.63,183.6,238.12,154.33,168.07,182.06,155.6623,16025.6,2575.26001,60.37,1.2606904761904763,3246.6057683211907,76.10788404761905
2017-11-01,282.69,185.68,238.48,151.63,168.23,182.05,155.6623,16067.5,2647.580078,61.52,1.277335,3381.84669893213,78.58164920000002
2017-12-01,287.57,182.79,238.78,154.69,169.98,183.61,154.6915,16209.1,2673.610107,62.09,1.27687,3413.85253732509,79.2808583
2018-01-01,290.6,181.86,239.88,152.93,168.48,180.41,154.6915,15951.7,2823.810059,65.93,1.242904761904762,3509.726969045667,81.94471095238096
2018-02-01,286.92,181.09,238.0,149.25,168.67,178.14,154.6915,15442.7,2713.830078,63.0,1.258821052631579,3416.2264354512004,79.30572631578949
2018-03-01,291.11,180.45,238.8,151.42,169.15,176.51,154.147,15367.3,2640.870117,61.97,1.2932545454545454,3415.317282765327,80.14298418181818
2018-04-01,293.13,181.83,241.89,151.69,169.68,181.69,154.147,15607.9,2648.050049,62.45,1.2731619047619047,3371.396444289695,79.50896095238096
2018-05-01,297.4,183.2,247.53,157.28,170.43,181.95,154.147,16061.5,2705.27002,62.81,1.2866272727272727,3480.6741878234543,80.81305900000001
2018-06-01,295.43,183.44,247.24,160.84,172.8,184.36,154.8542,16277.7,2718.370117,61.97,1.312452380952381,3567.731332366452,81.33267404761905
2018-07-01,296.88,181.76,247.7,162.59,176.22,185.4,154.8542,16434.0,2816.290039,64.23,1.3133428571428571,3698.7544063632286,84.35601171428571
2018-08-01,294.34,181.74,249.5,163.71,176.47,182.81,154.8542,16262.9,2901.52002,64.78,1.3042478260869566,3784.3011784327828,84.48917417391304
2018-09-01,294.74,182.6,246.55,161.39,175.19,184.23,154.4196,16073.1,2913.97998,64.53,1.3034000000000001,3798.0815059320003,84.10840200000001
2018-10-01,289.94,179.86,246.42,160.36,177.36,181.35,154.4196,15027.3,2711.73999,59.76,1.300440909090909,3526.4576178137727,77.71434872727272
2018-11-01,289.23,178.26,248.65,161.71,176.17,180.23,154.4196,15197.8,2760.169922,60.8,1.32048,3644.7491786025603,80.285184
2018-12-01,284.4,179.54,247.75,166.5,177.25,176.48,154.286,14322.9,2506.850098,55.97,1.343611111111111,3368.2316455627774,75.20191388888888
2019-01-01,287.27,177.17,246.85,159.04,178.7,176.29,154.286,15540.6,2704.100098,60.9,1.330045,3596.5748148444095,80.99974049999999
2019-02-01,283.04,174.44,247.22,158.83,178.14,179.97,154.286,15999.0,2784.48999,62.62,1.3208722222222222,3677.9554808468333,82.71301855555555
2019-03-01,280.86,176.78,245.78,159.18,177.28,178.86,152.5901,16102.1,2834.399902,63.04,1.3370523809523809,3789.7411375402953,84.28778209523809
2019-04-01,283.54,175.65,249.05,162.87,177.54,176.59,152.5901,16580.7,2945.830078,65.48,1.3378136363636364,3940.9716487585547,87.60003690909092
2019-05-01,281.4,175.81,252.43,166.58,181.05,178.39,152.5901,16037.5,2752.060059,61.57,1.3459772727272727,3704.2102925944773,82.87182068181818
2019-06-01,278.42,176.29,256.0,169.77,182.21,178.81,151.8894,16382.2,2941.76001,65.01,1.32887,3909.2166244887,86.38983870000001
2019-07-01,275.12,178.88,258.52,173.33,186.84,179.12,151.8894,16406.6,2980.379883,65.5,1.3105227272727271,3905.8555725779315,85.83923863636363
2019-08-01,274.91,178.86,258.65,175.34,187.21,177.5,151.8894,16442.1,2926.459961,64.12,1.3273136363636364,3884.3302125074956,85.10735036363637
2019-09-01,274.6,177.8,256.82,173.99,187.99,178.66,151.7732,16658.6,2976.73999,65.2,1.3240500000000002,3941.3525837595007,86.32806000000002
2019-10-01,277.52,178.27,257.39,174.03,186.21,173.87,151.7732,16483.2,3037.560059,67.41,1.3189227272727273,4006.3069972709864,88.90858104545454
2019-11-01,278.37,179.7,258.76,175.31,188.24,178.19,151.7732,17040.2,3140.97998,69.13,1.323657894736842,4157.582947737368,91.50447026315788
2019-12-01,273.48,174.66,260.39,175.64,189.81,177.18,153.6002,17063.4,3230.780029,70.98,1.3168952380952381,4254.598835523296,93.473224
2020-01-01,278.66,172.17,258.49,173.98,189.0,174.25,153.6002,17318.5,3225.52002,70.41,1.3089095238095239,4221.913873416286,92.16031957142857
2020-02-01,285.05,174.8,262.1,175.93,194.75,171.21,153.6002,16263.1,2954.219971,65.32,1.3286368421052632,3925.0854931537424,86.78655852631579
2020-03-01,282.39,174.06,267.52,181.96,192.21,174.41,156.2749,13378.8,2584.590088,55.46,1.3960227272727272,3608.146503531818,77.42342045454545
2020-04-01,283.58,173.23,274.46,187.44,198.29,174.45,156.2749,14780.7,2912.429932,61.45,1.4047954545454546,4091.3683301557276,86.3246806818182
2020-05-01,285.65,174.16,278.9,188.31,197.71,175.66,156.2749,15192.8,3044.310059,64.65,1.3972,4253.5100144348,90.32898
2020-06-01,283.74,173.54,272.61,189.99,200.12,170.57,160.4669,15515.2,3100.290039,66.32,1.3551772727272728,4201.44259971555,89.87535672727273
2020-07-01,283.74,174.02,277.31,193.49,203.24,175.87,160.4669,16169.2,3271.120117,70.16,1.3496954545454545,4415.015953187095,94.69463309090908
2020-08-01,287.48,173.93,280.48,201.21,209.33,176.16,160.4669,16514.4,3500.310059,74.38,1.322890476190476,4630.526840764824,98.39659361904761
2020-09-01,289.65,174.04,280.76,203.2,211.49,178.77,161.8262,16121.4,3363.0,71.84,1.3229761904761905,4449.168928571428,95.04260952380953
2020-10-01,295.71,174.53,285.67,209.28,214.25,179.45,161.8262,15580.6,3269.959961,70.72,1.3217714285714286,4322.139649022343,93.47567542857144
2020-11-01,296.45,175.22,286.95,209.3,218.75,178.88,161.8262,17190.3,3621.629883,79.47,1.307261111111111,4734.415904883783,103.88804049999999
2020-12-01,295.81,175.11,284.02,210.19,218.05,177.98,165.1458,17433.4,3756.070068,82.89,1.2809190476190477,4811.221694292972,106.17537985714287
2021-01-01,299.32,173.39,285.15,209.73,221.16,177.45,165.1458,17337.0,3714.23999,83.2,1.272461111111111,4726.225944608722,105.86876444444444
2021-02-01,304.71,177.42,291.07,206.58,221.46,178.53,165.1458,18060.3,3811.149902,85.42,1.2696473684210527,4838.816443732453,108.45327821052632
2021-03-01,310.59,179.68,300.53,217.16,225.18,179.43,167.5337,18700.7,3972.889893,87.63,1.256895652173913,4993.508033077383,110.14176599999999
2021-04-01,317.66,180.15,312.07,227.87,231.18,179.5,167.5337,19108.3,4181.169922,91.49,1.2494454545454545,5224.143753725073,114.31176463636363
2021-05-01,325.37,184.91,322.0,238.58,236.34,184.97,167.5337,19731.0,4204.109863,92.93,1.21248,5097.399126690239,112.67576640000001
2021-06-01,336.93,187.38,324.88,245.51,245.37,185.42,176.1755,20165.6,4297.5,93.56,1.2220409090909092,5251.720806818183,114.33414745454547
2021-07-01,337.72,188.54,327.35,252.46,248.69,185.98,176.1755,20287.8,4395.259766,94.61,1.2530428571428571,5507.448855073686,118.55038471428571
2021-08-01,332.72,189.49,328.36,253.86,250.98,188.34,176.1755,20582.9,4522.680176,96.75,1.2598954545454546,5698.104196105236,121.89488522727274
2021-09-01,333.52,188.17,328.47,243.88,245.67,187.3,177.8443,20070.3,4307.540039,92.41,1.2671095238095238,5458.125007607749,117.0935910952381
2021-10-01,333.83,189.51,328.3,244.55,247.38,187.78,177.8443,21037.1,4605.379883,97.55,1.24336,5726.14513132688,121.289768
2021-11-01,337.04,189.81,336.08,245.57,251.12,186.96,177.8443,20660.0,4567.0,95.0,1.2566950000000001,5739.326065,119.38602500000002
2021-12-01,343.94,189.97,337.27,241.82,254.34,184.94,179.6678,21222.8,4766.180176,97.88,1.2800380952380952,6100.892194048609,125.29012876190475
2022-01-01,348.3,189.58,347.92,242.7,251.1,188.75,179.6678,21098.3,4515.549805,94.1,1.262235,5699.685008114175,118.77631349999999
2022-02-01,355.33,190.25,355.35,244.5,254.47,188.37,179.6678,21126.4,4373.939941,91.49,1.2711,5559.715059005099,116.29293899999999
2022-03-01,363.2,193.18,369.15,257.82,260.92,186.47,198.607,21890.2,4530.410156,92.98,1.2660347826086957,5735.656836979687,117.71591408695653
2022-04-01,375.88,194.77,383.44,269.56,271.57,185.22,198.607,20762.0,4131.930176,85.67,1.2628190476190477,5217.880129684724,108.18570780952382
2022-05-01,374.57,195.52,386.09,273.13,276.12,181.23,198.607,20729.3,4132.149902,86.09,1.2859142857142858,5313.590589694686,110.70436085714287
2022-06-01,374.67,204.11,378.57,278.17,286.35,186.87,187.6682,18861.4,3785.379883,78.54,1.2804238095238094,4846.890530285652,100.564486
2022-07-01,367.89,212.43,368.61,273.88,280.97,191.91,187.6682,19692.9,4130.290039,84.63,1.293625,5343.046451701376,109.47948375
2022-08-01,360.63,215.18,353.91,265.28,281.38,197.07,187.6682,19330.8,3955.0,81.2,1.2917478260869566,5108.862652173913,104.88992347826088
2022-09-01,346.45,215.88,343.19,256.03,272.21,197.71,169.2519,18444.2,3585.620117,73.11,1.333852380952381,4782.687930251205,97.51794757142858
2022-10-01,346.02,220.14,340.06,251.48,268.07,201.87,169.2519,19426.1,3871.97998,78.14,1.368935,5300.4889139213,106.9685809
2022-11-01,339.42,217.44,336.2,246.49,262.92,201.24,169.2519,20453.3,4080.110107,84.62,1.34571,5490.6449720909695,113.8739802
2022-12-01,338.94,213.55,330.79,239.39,260.66,196.66,160.5654,19384.9,3839.5,80.27,1.358542857142857,5216.1253,109.05023514285713
2023-01-01,326.04,211.07,332.75,242.17,258.28,194.92,160.5654,20767.4,4076.600098,87.04,1.34222,5471.69418353756,116.8268288
2023-02-01,341.37,207.04,324.08,238.77,256.4,191.93,160.5654,20221.2,3970.149902,84.28,1.345442105263158,5341.606842357201,113.39386063157896
2023-03-01,345.08,207.87,324.32,245.71,258.71,190.62,159.7024,20099.9,4109.310059,86.4,1.3682739130434782,5622.661754336857,118.21886608695652
2023-04-01,343.74,208.28,336.65,243.47,263.13,184.46,159.7024,20636.5,4169.47998,87.91,1.3484450000000001,5622.314431631101,118.54179995000001
2023-05-01,342.4,211.83,346.33,247.28,267.74,190.15,159.7024,19572.2,4179.830078,86.85,1.3517181818181818,5649.952313343109,117.39672409090909
2023-06-01,355.94,217.41,353.13,254.94,275.95,189.35,165.2839,20155.3,4450.379883,91.28,1.3286047619047618,5912.795904838957,121.27504266666666
2023-07-01,365.76,219.37,360.78,258.98,273.59,191.78,165.2839,20626.6,4588.959961,95.31,1.3211249999999999,6062.589728476124,125.91642374999999
2023-08-01,370.36,228.44,358.98,259.25,276.71,196.48,165.2839,20292.6,4507.660156,92.6,1.3478391304347825,6075.600744958556,124.80990347826085
2023-09-01,366.6,228.89,354.11,256.04,270.09,196.32,162.7144,19541.3,4288.049805,88.29,1.35309,5802.117310647449,119.4643161
2023-10-01,362.5,229.89,345.15,250.11,278.68,194.55,162.7144,18873.5,4193.799805,86.08,1.3712190476190476,5750.618174517047,118.03453561904762
2023-11-01,360.85,228.61,341.37,255.95,271.16,196.7,162.7144,20236.3,4567.799805,93.83,1.370665,6260.923319720325,128.60949695
2023-12-01,355.14,232.29,334.69,248.33,270.71,193.53,156.2966,20958.4,4769.830078,97.89,1.34162,6399.29942924636,131.3311818
2024-01-01,346.48,229.29,336.15,249.61,271.95,197.21,156.2966,21021.9,4845.649902,98.67,1.3422714285714286,6504.177416314543,132.44192185714286
2024-02-01,348.26,232.06,339.44,251.48,267.63,194.5,156.2966,21363.6,5096.27002,103.1,1.349995,6879.9390456499,139.1844845
2024-03-01,363.06,237.63,343.94,251.57,267.04,198.15,156.4211,22167.0,5254.350098,105.98,1.353557142857143,7112.063106220029,143.44998600000002
2024-04-01,367.71,241.55,348.3,256.84,279.24,201.73,156.4211,21714.5,5035.689941,102.58,1.3673545454545455,6885.573530326082,140.26322927272727
2024-05-01,372.33,246.62,356.1,263.35,282.35,201.39,156.4211,22269.1,5277.509766,107.29,1.366659090909091,7212.55669906541,146.62885386363638
2024-06-01,372.66,249.25,355.99,265.8,287.53,205.78,156.3798,21875.8,5460.47998,108.44,1.370536842105263,7483.78898816821,148.62101515789473
2024-07-01,373.34,252.43,355.69,266.25,285.57,207.88,156.3798,23110.8,5522.299805,111.15,1.3714272727272727,7573.432560753499,152.43414136363637
2024-08-01,376.36,251.31,349.6,269.77,290.49,205.96,156.3798,23346.2,5648.399902,113.75,1.3655,7712.890066180999,155.325625
2024-09-01,366.72,253.13,344.83,264.7,288.6,208.13,153.045,24000.4,5762.47998,115.84,1.3546200000000002,7805.970630507601,156.91918080000002
2024-10-01,364.17,253.29,341.45,263.54,288.44,208.8,153.045,24156.9,5705.450195,113.71,1.375668181818182,7848.806296209842,156.42722895454546
2024-11-01,366.52,251.08,340.31,263.44,289.66,207.04,153.045,25648.0,6032.379883,118.42,1.397278947368421,8428.917413044679,165.46577294736844
2024-12-01,367.51,250.95,338.94,258.95,291.02,207.05,150.5615,24727.9,5881.629883,114.09,1.424704761904762,8379.586102071447,162.5445662857143
2025-01-01,359.14,248.99,339.63,262.21,290.61,209.05,150.5615,25533.1,6040.529785,118.46,1.438861904761905,8691.48819221612,170.44758123809524
2025-02-01,358.89,248.56,338.47,262.24,289.67,207.28,150.5615,25393.5,5954.5,117.97,1.429863157894737,8514.12017368421,168.68095673684212
2025-03-01,366.97,251.01,339.74,265.58,292.83,209.0,150.6479,24917.5,5611.850098,113.45,1.4355761904761903,8056.238385210275,162.8661188095238
2025-04-01,365.08,253.43,336.17,264.52,297.78,211.48,150.6479,24841.7,5569.060059,114.45,1.3981409090909092,7786.330693672133,160.01722704545455
2025-05-01,356.38,257.85,334.25,269.69,303.84,212.43,150.6479,26175.1,5911.689941,121.1,1.386695238095238,8197.712290280218,167.92879333333332
2025-06-01,357.4,257.94,332.17,269.75,310.72,217.16,149.181,26857.1,6204.950195,126.16,1.36683,8481.11207503185,172.4392728
2025-07-01,357.14,258.06,329.02,272.26,305.27,218.88,149.181,27259.8,6339.390137,128.15,1.3691090909090908,8679.316667386127,175.45132999999998
2025-08-01,355.97,258.99,327.56,273.0,304.94,219.11,149.181,28564.5,6460.259766,131.94,1.3797190476190475,8913.343451717172,182.04013114285712
2025-09-01,348.3,257.09,321.15,267.04,306.45,218.67,145.2817,30022.8,6688.459961,135.91,1.3834285714285715,9253.006608903428,188.02177714285713
2025-10-01,347.9,257.65,317.02,267.84,303.43,219.96,145.2817,30260.7,6840.200195,139.15,1.3987681818181819,9567.854390032524,194.63859250000002
2025-11-01,346.93,255.24,317.69,264.78,305.29,217.97,145.2817,31382.8,6849.089844,139.44,1.4056166666666667,9627.1948362238,195.999188
2025-12-01,345.84,256.04,312.5,266.83,302.97,217.7,142.2693,31712.8,6845.5,139.61,1.379490909090909,9443.305018181818,192.59072581818185
